identity/LineItemId,identity/TimeInterval,bill/InvoiceId,bill/InvoicingEntity,bill/BillingEntity,bill/BillType,bill/PayerAccountId,bill/BillingPeriodStartDate,bill/BillingPeriodEndDate,lineItem/UsageAccountId,lineItem/LineItemType,lineItem/UsageStartDate,lineItem/UsageEndDate,lineItem/ProductCode,lineItem/UsageType,lineItem/Operation,lineItem/AvailabilityZone,lineItem/ResourceId,lineItem/UsageAmount,lineItem/NormalizationFactor,lineItem/NormalizedUsageAmount,lineItem/CurrencyCode,lineItem/UnblendedRate,lineItem/UnblendedCost,lineItem/BlendedRate,lineItem/BlendedCost,lineItem/LineItemDescription,lineItem/TaxType,lineItem/LegalEntity,product/ProductName,product/availability,product/availabilityZone,product/capacitystatus,product/classicnetworkingsupport,product/clockSpeed,product/currentGeneration,product/dedicatedEbsThroughput,product/dedicatedEbsThroughputDescription,product/durability,product/ecu,product/enhancedNetworkingSupported,product/feeCode,product/feeDescription,product/fromLocation,product/fromLocationType,product/fromRegionCode,product/gpuMemory,product/group,product/groupDescription,product/instance,product/instanceFamily,product/instanceFamilyCategory,product/instanceType,product/instanceTypeFamily,product/intelAvx2Available,product/intelAvxAvailable,product/intelTurboAvailable,product/licenseModel,product/location,product/locationType,product/marketoption,product/maxIopsvolume,product/maxThroughputvolume,product/maxVolumeSize,product/memory,product/messageDeliveryFrequency,product/messageDeliveryOrder,product/networkPerformance,product/normalizationSizeFactor,product/operatingSystem,product/operation,product/physicalProcessor,product/preInstalledSw,product/processorArchitecture,product/processorFeatures,product/productFamily,product/queueType,product/region,product/regionCode,product/servicecode,product/servicename,product/sku,product/storage,product/storageClass,product/storageMedia,product/tenancy,product/toLocation,product/toLocationType,product/toRegionCode,product/transferType,product/usagetype,product/vcpu,product/volumeApiName,product/volumeType,product/vpcnetworkingsupport,pricing/RateCode,pricing/RateId,pricing/currency,pricing/publicOnDemandCost,pricing/publicOnDemandRate,pricing/term,pricing/unit,reservation/AmortizedUpfrontCostForUsage,reservation/AmortizedUpfrontFeeForBillingPeriod,reservation/EffectiveCost,reservation/EndTime,reservation/ModificationStatus,reservation/NormalizedUnitsPerReservation,reservation/NumberOfReservations,reservation/RecurringFeeForUsage,reservation/StartTime,reservation/SubscriptionId,reservation/TotalReservedNormalizedUnits,reservation/TotalReservedUnits,reservation/UnitsPerReservation,reservation/UnusedAmortizedUpfrontFeeForBillingPeriod,reservation/UnusedNormalizedUnitQuantity,reservation/UnusedQuantity,reservation/UnusedRecurringFee,reservation/UpfrontValue,savingsPlan/TotalCommitmentToDate,savingsPlan/SavingsPlanARN,savingsPlan/SavingsPlanRate,savingsPlan/UsedCommitment,savingsPlan/SavingsPlanEffectiveCost,savingsPlan/AmortizedUpfrontCommitmentForBillingPeriod,savingsPlan/RecurringCommitmentForBillingPeriod
6zb235rcupsypbhue63j2ytlkmdexfqn2ucddg327qwjdodix3sa,2026-04-16T16:51:59Z/2026-05-01T00:00:00Z,,"Amazon Web Services, Inc.",AWS,Anniversary,430155298731,2026-04-01T00:00:00Z,2026-05-01T00:00:00Z,430155298731,Tax,2026-04-16T16:51:59Z,2026-05-01T00:00:00Z,AmazonEC2,BoxUsage:t3.micro,RunInstances,,,1.0000000000,,,USD,,0.0000000000,,0.0000000000,Tax for product code AmazonEC2 usage type BoxUsage:t3.micro operation RunInstances,VAT,"Amazon Web Services, Inc.",Amazon Elastic Compute Cloud,,,,,,,,,,,,,,,,,,,,,,,,,,,,,,,,,,,,,,,,,,,,,,,,,,,,,,,,,,,,,,,,,,,,,0.0000000000,,,,,,,,,,,,,,,,,,,,,,,,,,,,
4obmhaw4ogn3wmgxpwu6zwjqxpxxdg2w7piioaivccojqkefx6sa,2026-04-16T16:51:59Z/2026-05-01T00:00:00Z,,"Amazon Web Services, Inc.",AWS,Anniversary,430155298731,2026-04-01T00:00:00Z,2026-05-01T00:00:00Z,430155298731,Tax,2026-04-16T16:51:59Z,2026-05-01T00:00:00Z,AmazonEC2,CPUCredits:t3,T3CPUCredits,,,1.0000000000,,,USD,,0.0000000000,,0.0000000000,Tax for product code AmazonEC2 usage type CPUCredits:t3 operation T3CPUCredits,VAT,"Amazon Web Services, Inc.",Amazon Elastic Compute Cloud,,,,,,,,,,,,,,,,,,,,,,,,,,,,,,,,,,,,,,,,,,,,,,,,,,,,,,,,,,,,,,,,,,,,,0.0000000000,,,,,,,,,,,,,,,,,,,,,,,,,,,,
3agyfy7sil6srqs6q5k2yhpdhyq74xnquuedfheg4ztbv4jtqipa,2026-04-16T16:51:59Z/2026-05-01T00:00:00Z,,"Amazon Web Services, Inc.",AWS,Anniversary,430155298731,2026-04-01T00:00:00Z,2026-05-01T00:00:00Z,430155298731,Tax,2026-04-16T16:51:59Z,2026-05-01T00:00:00Z,AmazonEC2,EUN1-BoxUsage:t3.micro,RunInstances,,,1.0000000000,,,USD,,0.0000000000,,0.0000000000,Tax for product code AmazonEC2 usage type EUN1-BoxUsage:t3.micro operation RunInstances,VAT,"Amazon Web Services, Inc.",Amazon Elastic Compute Cloud,,,,,,,,,,,,,,,,,,,,,,,,,,,,,,,,,,,,,,,,,,,,,,,,,,,,,,,,,,,,,,,,,,,,,0.0000000000,,,,,,,,,,,,,,,,,,,,,,,,,,,,
qs4pqo3jt6nohwexfymii2xewr2hmebgzuwywqx5ccngpgbdu6ya,2026-04-16T16:51:59Z/2026-05-01T00:00:00Z,,"Amazon Web Services, Inc.",AWS,Anniversary,430155298731,2026-04-01T00:00:00Z,2026-05-01T00:00:00Z,430155298731,Tax,2026-04-16T16:51:59Z,2026-05-01T00:00:00Z,AmazonEC2,EUN1-CPUCredits:t3,T3CPUCredits,,,1.0000000000,,,USD,,0.0000000000,,0.0000000000,Tax for product code AmazonEC2 usage type EUN1-CPUCredits:t3 operation T3CPUCredits,VAT,"Amazon Web Services, Inc.",Amazon Elastic Compute Cloud,,,,,,,,,,,,,,,,,,,,,,,,,,,,,,,,,,,,,,,,,,,,,,,,,,,,,,,,,,,,,,,,,,,,,0.0000000000,,,,,,,,,,,,,,,,,,,,,,,,,,,,
d55oekkdbm653vyrzsjbssmqp7hlgknrenc2gnm5gqtfkibud3ta,2026-04-16T16:51:57Z/2026-05-01T00:00:00Z,,"Amazon Web Services, Inc.",AWS,Anniversary,430155298731,2026-04-01T00:00:00Z,2026-05-01T00:00:00Z,430155298731,Tax,2026-04-16T16:51:57Z,2026-05-01T00:00:00Z,AmazonVPC,EUN1-PublicIPv4:InUseAddress,,,,1.0000000000,,,USD,,0.0000000000,,0.0000000000,Tax for product code AmazonVPC usage type EUN1-PublicIPv4:InUseAddress,VAT,"Amazon Web Services, Inc.",Amazon Virtual Private Cloud,,,,,,,,,,,,,,,,,,,,,,,,,,,,,,,,,,,,,,,,,,,,,,,,,,,,,,,,,,,,,,,,,,,,,0.0000000000,,,,,,,,,,,,,,,,,,,,,,,,,,,,
ekxfodpjkgbiwcosaayjvowbiojx2d5krfs6s3belz4l5dtxqiaq,2026-04-16T16:51:57Z/2026-05-01T00:00:00Z,,"Amazon Web Services, Inc.",AWS,Anniversary,430155298731,2026-04-01T00:00:00Z,2026-05-01T00:00:00Z,430155298731,Tax,2026-04-16T16:51:57Z,2026-05-01T00:00:00Z,AmazonVPC,USE1-PublicIPv4:InUseAddress,,,,1.0000000000,,,USD,,0.0000000000,,0.0000000000,Tax for product code AmazonVPC usage type USE1-PublicIPv4:InUseAddress,VAT,"Amazon Web Services, Inc.",Amazon Virtual Private Cloud,,,,,,,,,,,,,,,,,,,,,,,,,,,,,,,,,,,,,,,,,,,,,,,,,,,,,,,,,,,,,,,,,,,,,0.0000000000,,,,,,,,,,,,,,,,,,,,,,,,,,,,
elz6uazkynigstljx5iu6t3tsypr3ymfitvwdu2pr7ejbauce7mq,2026-04-20T00:00:00Z/2026-04-20T01:00:00Z,,"Amazon Web Services, Inc.",AWS,Anniversary,430155298731,2026-04-01T00:00:00Z,2026-05-01T00:00:00Z,430155298731,Credit,2026-04-20T00:00:00Z,2026-04-20T01:00:00Z,AmazonS3,TimedStorage-ByteHrs,,,,0.0000000000,,,USD,,-0.0000000200,,-0.0000000200,AWS Free Tier,,"Amazon Web Services, Inc.",Amazon Simple Storage Service,99.99%,,,,,,,,99.999999999%,,,,,,,,,,,,,,,,,,,,US East (N. Virginia),AWS Region,,,,,,,,,,,,,,,,Storage,,us-east-1,us-east-1,AmazonS3,Amazon Simple Storage Service,WP9ANXZGBYYSGJEA,,General Purpose,,,,,,,TimedStorage-ByteHrs,,,Standard,,,444249170036,USD,0.0000000000,0.0230000000,OnDemand,GB-Mo,,,,,,,,,,23742807738,,,,,,,,,,,,,,,
elz6uazkynigstljx5iu6t3tsypr3ymfitvwdu2pr7ejbauce7mq,2026-04-21T00:00:00Z/2026-04-21T01:00:00Z,,"Amazon Web Services, Inc.",AWS,Anniversary,430155298731,2026-04-01T00:00:00Z,2026-05-01T00:00:00Z,430155298731,Credit,2026-04-21T00:00:00Z,2026-04-21T01:00:00Z,AmazonS3,TimedStorage-ByteHrs,,,,0.0000000000,,,USD,,-0.0000000881,,-0.0000000881,AWS Free Tier,,"Amazon Web Services, Inc.",Amazon Simple Storage Service,99.99%,,,,,,,,99.999999999%,,,,,,,,,,,,,,,,,,,,US East (N. Virginia),AWS Region,,,,,,,,,,,,,,,,Storage,,us-east-1,us-east-1,AmazonS3,Amazon Simple Storage Service,WP9ANXZGBYYSGJEA,,General Purpose,,,,,,,TimedStorage-ByteHrs,,,Standard,,,444249170036,USD,0.0000000000,0.0230000000,OnDemand,GB-Mo,,,,,,,,,,23742807738,,,,,,,,,,,,,,,
elz6uazkynigstljx5iu6t3tsypr3ymfitvwdu2pr7ejbauce7mq,2026-04-22T00:00:00Z/2026-04-22T01:00:00Z,,"Amazon Web Services, Inc.",AWS,Anniversary,430155298731,2026-04-01T00:00:00Z,2026-05-01T00:00:00Z,430155298731,Credit,2026-04-22T00:00:00Z,2026-04-22T01:00:00Z,AmazonS3,TimedStorage-ByteHrs,,,,0.0000000000,,,USD,,-0.0000001465,,-0.0000001465,AWS Free Tier,,"Amazon Web Services, Inc.",Amazon Simple Storage Service,99.99%,,,,,,,,99.999999999%,,,,,,,,,,,,,,,,,,,,US East (N. Virginia),AWS Region,,,,,,,,,,,,,,,,Storage,,us-east-1,us-east-1,AmazonS3,Amazon Simple Storage Service,WP9ANXZGBYYSGJEA,,General Purpose,,,,,,,TimedStorage-ByteHrs,,,Standard,,,444249170036,USD,0.0000000000,0.0230000000,OnDemand,GB-Mo,,,,,,,,,,23742807738,,,,,,,,,,,,,,,
elz6uazkynigstljx5iu6t3tsypr3ymfitvwdu2pr7ejbauce7mq,2026-04-23T00:00:00Z/2026-04-23T01:00:00Z,,"Amazon Web Services, Inc.",AWS,Anniversary,430155298731,2026-04-01T00:00:00Z,2026-05-01T00:00:00Z,430155298731,Credit,2026-04-23T00:00:00Z,2026-04-23T01:00:00Z,AmazonS3,TimedStorage-ByteHrs,,,,0.0000000000,,,USD,,-0.0000002746,,-0.0000002746,AWS Free Tier,,"Amazon Web Services, Inc.",Amazon Simple Storage Service,99.99%,,,,,,,,99.999999999%,,,,,,,,,,,,,,,,,,,,US East (N. Virginia),AWS Region,,,,,,,,,,,,,,,,Storage,,us-east-1,us-east-1,AmazonS3,Amazon Simple Storage Service,WP9ANXZGBYYSGJEA,,General Purpose,,,,,,,TimedStorage-ByteHrs,,,Standard,,,444249170036,USD,0.0000000000,0.0230000000,OnDemand,GB-Mo,,,,,,,,,,23742807738,,,,,,,,,,,,,,,
elz6uazkynigstljx5iu6t3tsypr3ymfitvwdu2pr7ejbauce7mq,2026-04-24T00:00:00Z/2026-04-24T01:00:00Z,,"Amazon Web Services, Inc.",AWS,Anniversary,430155298731,2026-04-01T00:00:00Z,2026-05-01T00:00:00Z,430155298731,Credit,2026-04-24T00:00:00Z,2026-04-24T01:00:00Z,AmazonS3,TimedStorage-ByteHrs,,,,0.0000000000,,,USD,,-0.0000003717,,-0.0000003717,AWS Free Tier,,"Amazon Web Services, Inc.",Amazon Simple Storage Service,99.99%,,,,,,,,99.999999999%,,,,,,,,,,,,,,,,,,,,US East (N. Virginia),AWS Region,,,,,,,,,,,,,,,,Storage,,us-east-1,us-east-1,AmazonS3,Amazon Simple Storage Service,WP9ANXZGBYYSGJEA,,General Purpose,,,,,,,TimedStorage-ByteHrs,,,Standard,,,444249170036,USD,0.0000000000,0.0230000000,OnDemand,GB-Mo,,,,,,,,,,23742807738,,,,,,,,,,,,,,,
elz6uazkynigstljx5iu6t3tsypr3ymfitvwdu2pr7ejbauce7mq,2026-04-25T00:00:00Z/2026-04-25T01:00:00Z,,"Amazon Web Services, Inc.",AWS,Anniversary,430155298731,2026-04-01T00:00:00Z,2026-05-01T00:00:00Z,430155298731,Credit,2026-04-25T00:00:00Z,2026-04-25T01:00:00Z,AmazonS3,TimedStorage-ByteHrs,,,,0.0000000000,,,USD,,-0.0000004697,,-0.0000004697,AWS Free Tier,,"Amazon Web Services, Inc.",Amazon Simple Storage Service,99.99%,,,,,,,,99.999999999%,,,,,,,,,,,,,,,,,,,,US East (N. Virginia),AWS Region,,,,,,,,,,,,,,,,Storage,,us-east-1,us-east-1,AmazonS3,Amazon Simple Storage Service,WP9ANXZGBYYSGJEA,,General Purpose,,,,,,,TimedStorage-ByteHrs,,,Standard,,,444249170036,USD,0.0000000000,0.0230000000,OnDemand,GB-Mo,,,,,,,,,,23742807738,,,,,,,,,,,,,,,
elz6uazkynigstljx5iu6t3tsypr3ymfitvwdu2pr7ejbauce7mq,2026-04-26T00:00:00Z/2026-04-26T01:00:00Z,,"Amazon Web Services, Inc.",AWS,Anniversary,430155298731,2026-04-01T00:00:00Z,2026-05-01T00:00:00Z,430155298731,Credit,2026-04-26T00:00:00Z,2026-04-26T01:00:00Z,AmazonS3,TimedStorage-ByteHrs,,,,0.0000000000,,,USD,,-0.0000005686,,-0.0000005686,AWS Free Tier,,"Amazon Web Services, Inc.",Amazon Simple Storage Service,99.99%,,,,,,,,99.999999999%,,,,,,,,,,,,,,,,,,,,US East (N. Virginia),AWS Region,,,,,,,,,,,,,,,,Storage,,us-east-1,us-east-1,AmazonS3,Amazon Simple Storage Service,WP9ANXZGBYYSGJEA,,General Purpose,,,,,,,TimedStorage-ByteHrs,,,Standard,,,444249170036,USD,0.0000000000,0.0230000000,OnDemand,GB-Mo,,,,,,,,,,23742807738,,,,,,,,,,,,,,,
elz6uazkynigstljx5iu6t3tsypr3ymfitvwdu2pr7ejbauce7mq,2026-04-27T00:00:00Z/2026-04-27T01:00:00Z,,"Amazon Web Services, Inc.",AWS,Anniversary,430155298731,2026-04-01T00:00:00Z,2026-05-01T00:00:00Z,430155298731,Credit,2026-04-27T00:00:00Z,2026-04-27T01:00:00Z,AmazonS3,TimedStorage-ByteHrs,,,,0.0000000000,,,USD,,-0.0000006686,,-0.0000006686,AWS Free Tier,,"Amazon Web Services, Inc.",Amazon Simple Storage Service,99.99%,,,,,,,,99.999999999%,,,,,,,,,,,,,,,,,,,,US East (N. Virginia),AWS Region,,,,,,,,,,,,,,,,Storage,,us-east-1,us-east-1,AmazonS3,Amazon Simple Storage Service,WP9ANXZGBYYSGJEA,,General Purpose,,,,,,,TimedStorage-ByteHrs,,,Standard,,,444249170036,USD,0.0000000000,0.0230000000,OnDemand,GB-Mo,,,,,,,,,,23742807738,,,,,,,,,,,,,,,
elz6uazkynigstljx5iu6t3tsypr3ymfitvwdu2pr7ejbauce7mq,2026-04-28T00:00:00Z/2026-04-28T01:00:00Z,,"Amazon Web Services, Inc.",AWS,Anniversary,430155298731,2026-04-01T00:00:00Z,2026-05-01T00:00:00Z,430155298731,Credit,2026-04-28T00:00:00Z,2026-04-28T01:00:00Z,AmazonS3,TimedStorage-ByteHrs,,,,0.0000000000,,,USD,,-0.0000007696,,-0.0000007696,AWS Free Tier,,"Amazon Web Services, Inc.",Amazon Simple Storage Service,99.99%,,,,,,,,99.999999999%,,,,,,,,,,,,,,,,,,,,US East (N. Virginia),AWS Region,,,,,,,,,,,,,,,,Storage,,us-east-1,us-east-1,AmazonS3,Amazon Simple Storage Service,WP9ANXZGBYYSGJEA,,General Purpose,,,,,,,TimedStorage-ByteHrs,,,Standard,,,444249170036,USD,0.0000000000,0.0230000000,OnDemand,GB-Mo,,,,,,,,,,23742807738,,,,,,,,,,,,,,,
elz6uazkynigstljx5iu6t3tsypr3ymfitvwdu2pr7ejbauce7mq,2026-04-29T00:00:00Z/2026-04-29T01:00:00Z,,"Amazon Web Services, Inc.",AWS,Anniversary,430155298731,2026-04-01T00:00:00Z,2026-05-01T00:00:00Z,430155298731,Credit,2026-04-29T00:00:00Z,2026-04-29T01:00:00Z,AmazonS3,TimedStorage-ByteHrs,,,,0.0000000000,,,USD,,-0.0000008717,,-0.0000008717,AWS Free Tier,,"Amazon Web Services, Inc.",Amazon Simple Storage Service,99.99%,,,,,,,,99.999999999%,,,,,,,,,,,,,,,,,,,,US East (N. Virginia),AWS Region,,,,,,,,,,,,,,,,Storage,,us-east-1,us-east-1,AmazonS3,Amazon Simple Storage Service,WP9ANXZGBYYSGJEA,,General Purpose,,,,,,,TimedStorage-ByteHrs,,,Standard,,,444249170036,USD,0.0000000000,0.0230000000,OnDemand,GB-Mo,,,,,,,,,,23742807738,,,,,,,,,,,,,,,
42fn6dqwrs6knjxtcq3dts63quti66nwsgvwazzljmjinn5trlvq,2026-04-16T19:00:00Z/2026-04-16T23:00:00Z,,"Amazon Web Services, Inc.",AWS,Anniversary,430155298731,2026-04-01T00:00:00Z,2026-05-01T00:00:00Z,430155298731,Credit,2026-04-16T19:00:00Z,2026-04-16T23:00:00Z,AmazonS3,EUN1-Requests-Tier2,,,,0.0000000000,,,USD,,-0.0000080000,,-0.0000080000,AWS Free Tier,,"Amazon Web Services, Inc.",Amazon Simple Storage Service,,,,,,,,,,,,,,,,,,S3-API-Tier2,GET and all other requests,,,,,,,,,,EU (Stockholm),AWS Region,,,,,,,,,,,,,,,,API Request,,eu-north-1,eu-north-1,AmazonS3,Amazon Simple Storage Service,78XM3R8BT46YZKTU,,,,,,,,,EUN1-Requests-Tier2,,,,,,444249172966,USD,0.0000000000,0.0000004000,OnDemand,Requests,,,,,,,,,,23742807738,,,,,,,,,,,,,,,
42fn6dqwrs6knjxtcq3dts63quti66nwsgvwazzljmjinn5trlvq,2026-04-16T22:00:00Z/2026-04-16T23:00:00Z,,"Amazon Web Services, Inc.",AWS,Anniversary,430155298731,2026-04-01T00:00:00Z,2026-05-01T00:00:00Z,430155298731,Credit,2026-04-16T22:00:00Z,2026-04-16T23:00:00Z,AmazonS3,EUN1-Requests-Tier2,,,,0.0000000000,,,USD,,-0.0000004000,,-0.0000004000,AWS Free Tier,,"Amazon Web Services, Inc.",Amazon Simple Storage Service,,,,,,,,,,,,,,,,,,S3-API-Tier2,GET and all other requests,,,,,,,,,,EU (Stockholm),AWS Region,,,,,,,,,,,,,,,,API Request,,eu-north-1,eu-north-1,AmazonS3,Amazon Simple Storage Service,78XM3R8BT46YZKTU,,,,,,,,,EUN1-Requests-Tier2,,,,,,444249172966,USD,0.0000000000,0.0000004000,OnDemand,Requests,,,,,,,,,,23742807738,,,,,,,,,,,,,,,
42fn6dqwrs6knjxtcq3dts63quti66nwsgvwazzljmjinn5trlvq,2026-04-19T21:00:00Z/2026-04-19T23:00:00Z,,"Amazon Web Services, Inc.",AWS,Anniversary,430155298731,2026-04-01T00:00:00Z,2026-05-01T00:00:00Z,430155298731,Credit,2026-04-19T21:00:00Z,2026-04-19T23:00:00Z,AmazonS3,EUN1-Requests-Tier2,,,,0.0000000000,,,USD,,-0.0000116000,,-0.0000116000,AWS Free Tier,,"Amazon Web Services, Inc.",Amazon Simple Storage Service,,,,,,,,,,,,,,,,,,S3-API-Tier2,GET and all other requests,,,,,,,,,,EU (Stockholm),AWS Region,,,,,,,,,,,,,,,,API Request,,eu-north-1,eu-north-1,AmazonS3,Amazon Simple Storage Service,78XM3R8BT46YZKTU,,,,,,,,,EUN1-Requests-Tier2,,,,,,444249172966,USD,0.0000000000,0.0000004000,OnDemand,Requests,,,,,,,,,,23742807738,,,,,,,,,,,,,,,
42fn6dqwrs6knjxtcq3dts63quti66nwsgvwazzljmjinn5trlvq,2026-04-19T22:00:00Z/2026-04-19T23:00:00Z,,"Amazon Web Services, Inc.",AWS,Anniversary,430155298731,2026-04-01T00:00:00Z,2026-05-01T00:00:00Z,430155298731,Credit,2026-04-19T22:00:00Z,2026-04-19T23:00:00Z,AmazonS3,EUN1-Requests-Tier2,,,,0.0000000000,,,USD,,-0.0000020000,,-0.0000020000,AWS Free Tier,,"Amazon Web Services, Inc.",Amazon Simple Storage Service,,,,,,,,,,,,,,,,,,S3-API-Tier2,GET and all other requests,,,,,,,,,,EU (Stockholm),AWS Region,,,,,,,,,,,,,,,,API Request,,eu-north-1,eu-north-1,AmazonS3,Amazon Simple Storage Service,78XM3R8BT46YZKTU,,,,,,,,,EUN1-Requests-Tier2,,,,,,444249172966,USD,0.0000000000,0.0000004000,OnDemand,Requests,,,,,,,,,,23742807738,,,,,,,,,,,,,,,
psbtl6lzqimu6cgyrr64gpe4gtzjtikiqlwuffcxeg67m7ajkyxa,2026-04-16T19:00:00Z/2026-04-16T20:00:00Z,,"Amazon Web Services, Inc.",AWS,Anniversary,430155298731,2026-04-01T00:00:00Z,2026-05-01T00:00:00Z,430155298731,Credit,2026-04-16T19:00:00Z,2026-04-16T20:00:00Z,AmazonS3,Requests-Tier2,,,,0.0000000000,,,USD,,-0.0000008000,,-0.0000008000,AWS Free Tier,,"Amazon Web Services, Inc.",Amazon Simple Storage Service,,,,,,,,,,,,,,,,,,S3-API-Tier2,GET and all other requests,,,,,,,,,,US East (N. Virginia),AWS Region,,,,,,,,,,,,,,,,API Request,,us-east-1,us-east-1,AmazonS3,Amazon Simple Storage Service,ZWQ6Q48CRJXX4FXE,,,,,,,,,Requests-Tier2,,,,,,444249164969,USD,0.0000000000,0.0000004000,OnDemand,Requests,,,,,,,,,,23742807738,,,,,,,,,,,,,,,
psbtl6lzqimu6cgyrr64gpe4gtzjtikiqlwuffcxeg67m7ajkyxa,2026-04-19T20:00:00Z/2026-04-19T23:00:00Z,,"Amazon Web Services, Inc.",AWS,Anniversary,430155298731,2026-04-01T00:00:00Z,2026-05-01T00:00:00Z,430155298731,Credit,2026-04-19T20:00:00Z,2026-04-19T23:00:00Z,AmazonS3,Requests-Tier2,,,,0.0000000000,,,USD,,-0.0000100000,,-0.0000100000,AWS Free Tier,,"Amazon Web Services, Inc.",Amazon Simple Storage Service,,,,,,,,,,,,,,,,,,S3-API-Tier2,GET and all other requests,,,,,,,,,,US East (N. Virginia),AWS Region,,,,,,,,,,,,,,,,API Request,,us-east-1,us-east-1,AmazonS3,Amazon Simple Storage Service,ZWQ6Q48CRJXX4FXE,,,,,,,,,Requests-Tier2,,,,,,444249164969,USD,0.0000000000,0.0000004000,OnDemand,Requests,,,,,,,,,,23742807738,,,,,,,,,,,,,,,
psbtl6lzqimu6cgyrr64gpe4gtzjtikiqlwuffcxeg67m7ajkyxa,2026-04-20T08:00:00Z/2026-04-20T22:00:00Z,,"Amazon Web Services, Inc.",AWS,Anniversary,430155298731,2026-04-01T00:00:00Z,2026-05-01T00:00:00Z,430155298731,Credit,2026-04-20T08:00:00Z,2026-04-20T22:00:00Z,AmazonS3,Requests-Tier2,,,,0.0000000000,,,USD,,-0.0000244000,,-0.0000244000,AWS Free Tier,,"Amazon Web Services, Inc.",Amazon Simple Storage Service,,,,,,,,,,,,,,,,,,S3-API-Tier2,GET and all other requests,,,,,,,,,,US East (N. Virginia),AWS Region,,,,,,,,,,,,,,,,API Request,,us-east-1,us-east-1,AmazonS3,Amazon Simple Storage Service,ZWQ6Q48CRJXX4FXE,,,,,,,,,Requests-Tier2,,,,,,444249164969,USD,0.0000000000,0.0000004000,OnDemand,Requests,,,,,,,,,,23742807738,,,,,,,,,,,,,,,
psbtl6lzqimu6cgyrr64gpe4gtzjtikiqlwuffcxeg67m7ajkyxa,2026-04-20T20:00:00Z/2026-04-20T21:00:00Z,,"Amazon Web Services, Inc.",AWS,Anniversary,430155298731,2026-04-01T00:00:00Z,2026-05-01T00:00:00Z,430155298731,Credit,2026-04-20T20:00:00Z,2026-04-20T21:00:00Z,AmazonS3,Requests-Tier2,,,,0.0000000000,,,USD,,-0.0000036000,,-0.0000036000,AWS Free Tier,,"Amazon Web Services, Inc.",Amazon Simple Storage Service,,,,,,,,,,,,,,,,,,S3-API-Tier2,GET and all other requests,,,,,,,,,,US East (N. Virginia),AWS Region,,,,,,,,,,,,,,,,API Request,,us-east-1,us-east-1,AmazonS3,Amazon Simple Storage Service,ZWQ6Q48CRJXX4FXE,,,,,,,,,Requests-Tier2,,,,,,444249164969,USD,0.0000000000,0.0000004000,OnDemand,Requests,,,,,,,,,,23742807738,,,,,,,,,,,,,,,
psbtl6lzqimu6cgyrr64gpe4gtzjtikiqlwuffcxeg67m7ajkyxa,2026-04-20T21:00:00Z/2026-04-20T22:00:00Z,,"Amazon Web Services, Inc.",AWS,Anniversary,430155298731,2026-04-01T00:00:00Z,2026-05-01T00:00:00Z,430155298731,Credit,2026-04-20T21:00:00Z,2026-04-20T22:00:00Z,AmazonS3,Requests-Tier2,,,,0.0000000000,,,USD,,-0.0000008000,,-0.0000008000,AWS Free Tier,,"Amazon Web Services, Inc.",Amazon Simple Storage Service,,,,,,,,,,,,,,,,,,S3-API-Tier2,GET and all other requests,,,,,,,,,,US East (N. Virginia),AWS Region,,,,,,,,,,,,,,,,API Request,,us-east-1,us-east-1,AmazonS3,Amazon Simple Storage Service,ZWQ6Q48CRJXX4FXE,,,,,,,,,Requests-Tier2,,,,,,444249164969,USD,0.0000000000,0.0000004000,OnDemand,Requests,,,,,,,,,,23742807738,,,,,,,,,,,,,,,
psbtl6lzqimu6cgyrr64gpe4gtzjtikiqlwuffcxeg67m7ajkyxa,2026-04-21T00:00:00Z/2026-04-21T01:00:00Z,,"Amazon Web Services, Inc.",AWS,Anniversary,430155298731,2026-04-01T00:00:00Z,2026-05-01T00:00:00Z,430155298731,Credit,2026-04-21T00:00:00Z,2026-04-21T01:00:00Z,AmazonS3,Requests-Tier2,,,,0.0000000000,,,USD,,-0.0000008000,,-0.0000008000,AWS Free Tier,,"Amazon Web Services, Inc.",Amazon Simple Storage Service,,,,,,,,,,,,,,,,,,S3-API-Tier2,GET and all other requests,,,,,,,,,,US East (N. Virginia),AWS Region,,,,,,,,,,,,,,,,API Request,,us-east-1,us-east-1,AmazonS3,Amazon Simple Storage Service,ZWQ6Q48CRJXX4FXE,,,,,,,,,Requests-Tier2,,,,,,444249164969,USD,0.0000000000,0.0000004000,OnDemand,Requests,,,,,,,,,,23742807738,,,,,,,,,,,,,,,
psbtl6lzqimu6cgyrr64gpe4gtzjtikiqlwuffcxeg67m7ajkyxa,2026-04-21T08:00:00Z/2026-04-21T13:00:00Z,,"Amazon Web Services, Inc.",AWS,Anniversary,430155298731,2026-04-01T00:00:00Z,2026-05-01T00:00:00Z,430155298731,Credit,2026-04-21T08:00:00Z,2026-04-21T13:00:00Z,AmazonS3,Requests-Tier2,,,,0.0000000000,,,USD,,-0.0000188000,,-0.0000188000,AWS Free Tier,,"Amazon Web Services, Inc.",Amazon Simple Storage Service,,,,,,,,,,,,,,,,,,S3-API-Tier2,GET and all other requests,,,,,,,,,,US East (N. Virginia),AWS Region,,,,,,,,,,,,,,,,API Request,,us-east-1,us-east-1,AmazonS3,Amazon Simple Storage Service,ZWQ6Q48CRJXX4FXE,,,,,,,,,Requests-Tier2,,,,,,444249164969,USD,0.0000000000,0.0000004000,OnDemand,Requests,,,,,,,,,,23742807738,,,,,,,,,,,,,,,
psbtl6lzqimu6cgyrr64gpe4gtzjtikiqlwuffcxeg67m7ajkyxa,2026-04-21T12:00:00Z/2026-04-21T13:00:00Z,,"Amazon Web Services, Inc.",AWS,Anniversary,430155298731,2026-04-01T00:00:00Z,2026-05-01T00:00:00Z,430155298731,Credit,2026-04-21T12:00:00Z,2026-04-21T13:00:00Z,AmazonS3,Requests-Tier2,,,,0.0000000000,,,USD,,-0.0000016000,,-0.0000016000,AWS Free Tier,,"Amazon Web Services, Inc.",Amazon Simple Storage Service,,,,,,,,,,,,,,,,,,S3-API-Tier2,GET and all other requests,,,,,,,,,,US East (N. Virginia),AWS Region,,,,,,,,,,,,,,,,API Request,,us-east-1,us-east-1,AmazonS3,Amazon Simple Storage Service,ZWQ6Q48CRJXX4FXE,,,,,,,,,Requests-Tier2,,,,,,444249164969,USD,0.0000000000,0.0000004000,OnDemand,Requests,,,,,,,,,,23742807738,,,,,,,,,,,,,,,
psbtl6lzqimu6cgyrr64gpe4gtzjtikiqlwuffcxeg67m7ajkyxa,2026-04-26T00:00:00Z/2026-04-26T01:00:00Z,,"Amazon Web Services, Inc.",AWS,Anniversary,430155298731,2026-04-01T00:00:00Z,2026-05-01T00:00:00Z,430155298731,Credit,2026-04-26T00:00:00Z,2026-04-26T01:00:00Z,AmazonS3,Requests-Tier2,,,,0.0000000000,,,USD,,-0.0000008000,,-0.0000008000,AWS Free Tier,,"Amazon Web Services, Inc.",Amazon Simple Storage Service,,,,,,,,,,,,,,,,,,S3-API-Tier2,GET and all other requests,,,,,,,,,,US East (N. Virginia),AWS Region,,,,,,,,,,,,,,,,API Request,,us-east-1,us-east-1,AmazonS3,Amazon Simple Storage Service,ZWQ6Q48CRJXX4FXE,,,,,,,,,Requests-Tier2,,,,,,444249164969,USD,0.0000000000,0.0000004000,OnDemand,Requests,,,,,,,,,,23742807738,,,,,,,,,,,,,,,
z4pik2tzmy6jdzdutoyb4jn4jnyegw4whd3jrkdprhy73gvoaurq,2026-04-16T16:00:00Z/2026-04-16T18:00:00Z,,"Amazon Web Services, Inc.",AWS,Anniversary,430155298731,2026-04-01T00:00:00Z,2026-05-01T00:00:00Z,430155298731,Credit,2026-04-16T16:00:00Z,2026-04-16T18:00:00Z,AmazonS3,EUN1-Requests-Tier1,,,,0.0000000000,,,USD,,-0.0000100000,,-0.0000100000,AWS Free Tier,,"Amazon Web Services, Inc.",Amazon Simple Storage Service,,,,,,,,,,,,,,,,,,S3-API-Tier1,PUT/COPY/POST or LIST requests,,,,,,,,,,EU (Stockholm),AWS Region,,,,,,,,,,,,,,,,API Request,,eu-north-1,eu-north-1,AmazonS3,Amazon Simple Storage Service,GRMX7KKGXZWXWYA7,,,,,,,,,EUN1-Requests-Tier1,,,,,,444249174638,USD,0.0000000000,0.0000050000,OnDemand,Requests,,,,,,,,,,23742807738,,,,,,,,,,,,,,,
z4pik2tzmy6jdzdutoyb4jn4jnyegw4whd3jrkdprhy73gvoaurq,2026-04-16T19:00:00Z/2026-04-16T23:00:00Z,,"Amazon Web Services, Inc.",AWS,Anniversary,430155298731,2026-04-01T00:00:00Z,2026-05-01T00:00:00Z,430155298731,Credit,2026-04-16T19:00:00Z,2026-04-16T23:00:00Z,AmazonS3,EUN1-Requests-Tier1,,,,0.0000000000,,,USD,,-0.0000550000,,-0.0000550000,AWS Free Tier,,"Amazon Web Services, Inc.",Amazon Simple Storage Service,,,,,,,,,,,,,,,,,,S3-API-Tier1,PUT/COPY/POST or LIST requests,,,,,,,,,,EU (Stockholm),AWS Region,,,,,,,,,,,,,,,,API Request,,eu-north-1,eu-north-1,AmazonS3,Amazon Simple Storage Service,GRMX7KKGXZWXWYA7,,,,,,,,,EUN1-Requests-Tier1,,,,,,444249174638,USD,0.0000000000,0.0000050000,OnDemand,Requests,,,,,,,,,,23742807738,,,,,,,,,,,,,,,
z4pik2tzmy6jdzdutoyb4jn4jnyegw4whd3jrkdprhy73gvoaurq,2026-04-16T22:00:00Z/2026-04-16T23:00:00Z,,"Amazon Web Services, Inc.",AWS,Anniversary,430155298731,2026-04-01T00:00:00Z,2026-05-01T00:00:00Z,430155298731,Credit,2026-04-16T22:00:00Z,2026-04-16T23:00:00Z,AmazonS3,EUN1-Requests-Tier1,,,,0.0000000000,,,USD,,-0.0000050000,,-0.0000050000,AWS Free Tier,,"Amazon Web Services, Inc.",Amazon Simple Storage Service,,,,,,,,,,,,,,,,,,S3-API-Tier1,PUT/COPY/POST or LIST requests,,,,,,,,,,EU (Stockholm),AWS Region,,,,,,,,,,,,,,,,API Request,,eu-north-1,eu-north-1,AmazonS3,Amazon Simple Storage Service,GRMX7KKGXZWXWYA7,,,,,,,,,EUN1-Requests-Tier1,,,,,,444249174638,USD,0.0000000000,0.0000050000,OnDemand,Requests,,,,,,,,,,23742807738,,,,,,,,,,,,,,,
z4pik2tzmy6jdzdutoyb4jn4jnyegw4whd3jrkdprhy73gvoaurq,2026-04-19T21:00:00Z/2026-04-19T23:00:00Z,,"Amazon Web Services, Inc.",AWS,Anniversary,430155298731,2026-04-01T00:00:00Z,2026-05-01T00:00:00Z,430155298731,Credit,2026-04-19T21:00:00Z,2026-04-19T23:00:00Z,AmazonS3,EUN1-Requests-Tier1,,,,0.0000000000,,,USD,,-0.0004600000,,-0.0004600000,AWS Free Tier,,"Amazon Web Services, Inc.",Amazon Simple Storage Service,,,,,,,,,,,,,,,,,,S3-API-Tier1,PUT/COPY/POST or LIST requests,,,,,,,,,,EU (Stockholm),AWS Region,,,,,,,,,,,,,,,,API Request,,eu-north-1,eu-north-1,AmazonS3,Amazon Simple Storage Service,GRMX7KKGXZWXWYA7,,,,,,,,,EUN1-Requests-Tier1,,,,,,444249174638,USD,0.0000000000,0.0000050000,OnDemand,Requests,,,,,,,,,,23742807738,,,,,,,,,,,,,,,
z4pik2tzmy6jdzdutoyb4jn4jnyegw4whd3jrkdprhy73gvoaurq,2026-04-19T22:00:00Z/2026-04-19T23:00:00Z,,"Amazon Web Services, Inc.",AWS,Anniversary,430155298731,2026-04-01T00:00:00Z,2026-05-01T00:00:00Z,430155298731,Credit,2026-04-19T22:00:00Z,2026-04-19T23:00:00Z,AmazonS3,EUN1-Requests-Tier1,,,,0.0000000000,,,USD,,-0.0000050000,,-0.0000050000,AWS Free Tier,,"Amazon Web Services, Inc.",Amazon Simple Storage Service,,,,,,,,,,,,,,,,,,S3-API-Tier1,PUT/COPY/POST or LIST requests,,,,,,,,,,EU (Stockholm),AWS Region,,,,,,,,,,,,,,,,API Request,,eu-north-1,eu-north-1,AmazonS3,Amazon Simple Storage Service,GRMX7KKGXZWXWYA7,,,,,,,,,EUN1-Requests-Tier1,,,,,,444249174638,USD,0.0000000000,0.0000050000,OnDemand,Requests,,,,,,,,,,23742807738,,,,,,,,,,,,,,,
z4pik2tzmy6jdzdutoyb4jn4jnyegw4whd3jrkdprhy73gvoaurq,2026-04-21T16:00:00Z/2026-04-21T17:00:00Z,,"Amazon Web Services, Inc.",AWS,Anniversary,430155298731,2026-04-01T00:00:00Z,2026-05-01T00:00:00Z,430155298731,Credit,2026-04-21T16:00:00Z,2026-04-21T17:00:00Z,AmazonS3,EUN1-Requests-Tier1,,,,0.0000000000,,,USD,,-0.0000050000,,-0.0000050000,AWS Free Tier,,"Amazon Web Services, Inc.",Amazon Simple Storage Service,,,,,,,,,,,,,,,,,,S3-API-Tier1,PUT/COPY/POST or LIST requests,,,,,,,,,,EU (Stockholm),AWS Region,,,,,,,,,,,,,,,,API Request,,eu-north-1,eu-north-1,AmazonS3,Amazon Simple Storage Service,GRMX7KKGXZWXWYA7,,,,,,,,,EUN1-Requests-Tier1,,,,,,444249174638,USD,0.0000000000,0.0000050000,OnDemand,Requests,,,,,,,,,,23742807738,,,,,,,,,,,,,,,
z4pik2tzmy6jdzdutoyb4jn4jnyegw4whd3jrkdprhy73gvoaurq,2026-04-27T09:00:00Z/2026-04-27T10:00:00Z,,"Amazon Web Services, Inc.",AWS,Anniversary,430155298731,2026-04-01T00:00:00Z,2026-05-01T00:00:00Z,430155298731,Credit,2026-04-27T09:00:00Z,2026-04-27T10:00:00Z,AmazonS3,EUN1-Requests-Tier1,,,,0.0000000000,,,USD,,-0.0000050000,,-0.0000050000,AWS Free Tier,,"Amazon Web Services, Inc.",Amazon Simple Storage Service,,,,,,,,,,,,,,,,,,S3-API-Tier1,PUT/COPY/POST or LIST requests,,,,,,,,,,EU (Stockholm),AWS Region,,,,,,,,,,,,,,,,API Request,,eu-north-1,eu-north-1,AmazonS3,Amazon Simple Storage Service,GRMX7KKGXZWXWYA7,,,,,,,,,EUN1-Requests-Tier1,,,,,,444249174638,USD,0.0000000000,0.0000050000,OnDemand,Requests,,,,,,,,,,23742807738,,,,,,,,,,,,,,,
my7zelol5qpbwzmlgy7mppxuy2tzkxdrkud4dx3hymtz7piv2sya,2026-04-16T16:00:00Z/2026-04-16T23:00:00Z,,"Amazon Web Services, Inc.",AWS,Anniversary,430155298731,2026-04-01T00:00:00Z,2026-05-01T00:00:00Z,430155298731,Credit,2026-04-16T16:00:00Z,2026-04-16T23:00:00Z,AmazonS3,Requests-Tier1,,,,0.0000000000,,,USD,,-0.0000450000,,-0.0000450000,AWS Free Tier,,"Amazon Web Services, Inc.",Amazon Simple Storage Service,,,,,,,,,,,,,,,,,,S3-API-Tier1,PUT/COPY/POST or LIST requests,,,,,,,,,,US East (N. Virginia),AWS Region,,,,,,,,,,,,,,,,API Request,,us-east-1,us-east-1,AmazonS3,Amazon Simple Storage Service,E9YHNFENF4XQBZR6,,,,,,,,,Requests-Tier1,,,,,,444249174147,USD,0.0000000000,0.0000050000,OnDemand,Requests,,,,,,,,,,23742807738,,,,,,,,,,,,,,,
my7zelol5qpbwzmlgy7mppxuy2tzkxdrkud4dx3hymtz7piv2sya,2026-04-16T17:00:00Z/2026-04-16T18:00:00Z,,"Amazon Web Services, Inc.",AWS,Anniversary,430155298731,2026-04-01T00:00:00Z,2026-05-01T00:00:00Z,430155298731,Credit,2026-04-16T17:00:00Z,2026-04-16T18:00:00Z,AmazonS3,Requests-Tier1,,,,0.0000000000,,,USD,,-0.0000050000,,-0.0000050000,AWS Free Tier,,"Amazon Web Services, Inc.",Amazon Simple Storage Service,,,,,,,,,,,,,,,,,,S3-API-Tier1,PUT/COPY/POST or LIST requests,,,,,,,,,,US East (N. Virginia),AWS Region,,,,,,,,,,,,,,,,API Request,,us-east-1,us-east-1,AmazonS3,Amazon Simple Storage Service,E9YHNFENF4XQBZR6,,,,,,,,,Requests-Tier1,,,,,,444249174147,USD,0.0000000000,0.0000050000,OnDemand,Requests,,,,,,,,,,23742807738,,,,,,,,,,,,,,,
my7zelol5qpbwzmlgy7mppxuy2tzkxdrkud4dx3hymtz7piv2sya,2026-04-16T19:00:00Z/2026-04-16T20:00:00Z,,"Amazon Web Services, Inc.",AWS,Anniversary,430155298731,2026-04-01T00:00:00Z,2026-05-01T00:00:00Z,430155298731,Credit,2026-04-16T19:00:00Z,2026-04-16T20:00:00Z,AmazonS3,Requests-Tier1,,,,0.0000000000,,,USD,,-0.0000050000,,-0.0000050000,AWS Free Tier,,"Amazon Web Services, Inc.",Amazon Simple Storage Service,,,,,,,,,,,,,,,,,,S3-API-Tier1,PUT/COPY/POST or LIST requests,,,,,,,,,,US East (N. Virginia),AWS Region,,,,,,,,,,,,,,,,API Request,,us-east-1,us-east-1,AmazonS3,Amazon Simple Storage Service,E9YHNFENF4XQBZR6,,,,,,,,,Requests-Tier1,,,,,,444249174147,USD,0.0000000000,0.0000050000,OnDemand,Requests,,,,,,,,,,23742807738,,,,,,,,,,,,,,,
my7zelol5qpbwzmlgy7mppxuy2tzkxdrkud4dx3hymtz7piv2sya,2026-04-16T22:00:00Z/2026-04-16T23:00:00Z,,"Amazon Web Services, Inc.",AWS,Anniversary,430155298731,2026-04-01T00:00:00Z,2026-05-01T00:00:00Z,430155298731,Credit,2026-04-16T22:00:00Z,2026-04-16T23:00:00Z,AmazonS3,Requests-Tier1,,,,0.0000000000,,,USD,,-0.0000050000,,-0.0000050000,AWS Free Tier,,"Amazon Web Services, Inc.",Amazon Simple Storage Service,,,,,,,,,,,,,,,,,,S3-API-Tier1,PUT/COPY/POST or LIST requests,,,,,,,,,,US East (N. Virginia),AWS Region,,,,,,,,,,,,,,,,API Request,,us-east-1,us-east-1,AmazonS3,Amazon Simple Storage Service,E9YHNFENF4XQBZR6,,,,,,,,,Requests-Tier1,,,,,,444249174147,USD,0.0000000000,0.0000050000,OnDemand,Requests,,,,,,,,,,23742807738,,,,,,,,,,,,,,,
my7zelol5qpbwzmlgy7mppxuy2tzkxdrkud4dx3hymtz7piv2sya,2026-04-17T07:00:00Z/2026-04-17T08:00:00Z,,"Amazon Web Services, Inc.",AWS,Anniversary,430155298731,2026-04-01T00:00:00Z,2026-05-01T00:00:00Z,430155298731,Credit,2026-04-17T07:00:00Z,2026-04-17T08:00:00Z,AmazonS3,Requests-Tier1,,,,0.0000000000,,,USD,,-0.0000050000,,-0.0000050000,AWS Free Tier,,"Amazon Web Services, Inc.",Amazon Simple Storage Service,,,,,,,,,,,,,,,,,,S3-API-Tier1,PUT/COPY/POST or LIST requests,,,,,,,,,,US East (N. Virginia),AWS Region,,,,,,,,,,,,,,,,API Request,,us-east-1,us-east-1,AmazonS3,Amazon Simple Storage Service,E9YHNFENF4XQBZR6,,,,,,,,,Requests-Tier1,,,,,,444249174147,USD,0.0000000000,0.0000050000,OnDemand,Requests,,,,,,,,,,23742807738,,,,,,,,,,,,,,,
my7zelol5qpbwzmlgy7mppxuy2tzkxdrkud4dx3hymtz7piv2sya,2026-04-19T20:00:00Z/2026-04-19T23:00:00Z,,"Amazon Web Services, Inc.",AWS,Anniversary,430155298731,2026-04-01T00:00:00Z,2026-05-01T00:00:00Z,430155298731,Credit,2026-04-19T20:00:00Z,2026-04-19T23:00:00Z,AmazonS3,Requests-Tier1,,,,0.0000000000,,,USD,,-0.0001350000,,-0.0001350000,AWS Free Tier,,"Amazon Web Services, Inc.",Amazon Simple Storage Service,,,,,,,,,,,,,,,,,,S3-API-Tier1,PUT/COPY/POST or LIST requests,,,,,,,,,,US East (N. Virginia),AWS Region,,,,,,,,,,,,,,,,API Request,,us-east-1,us-east-1,AmazonS3,Amazon Simple Storage Service,E9YHNFENF4XQBZR6,,,,,,,,,Requests-Tier1,,,,,,444249174147,USD,0.0000000000,0.0000050000,OnDemand,Requests,,,,,,,,,,23742807738,,,,,,,,,,,,,,,
my7zelol5qpbwzmlgy7mppxuy2tzkxdrkud4dx3hymtz7piv2sya,2026-04-19T21:00:00Z/2026-04-19T22:00:00Z,,"Amazon Web Services, Inc.",AWS,Anniversary,430155298731,2026-04-01T00:00:00Z,2026-05-01T00:00:00Z,430155298731,Credit,2026-04-19T21:00:00Z,2026-04-19T22:00:00Z,AmazonS3,Requests-Tier1,,,,0.0000000000,,,USD,,-0.0000100000,,-0.0000100000,AWS Free Tier,,"Amazon Web Services, Inc.",Amazon Simple Storage Service,,,,,,,,,,,,,,,,,,S3-API-Tier1,PUT/COPY/POST or LIST requests,,,,,,,,,,US East (N. Virginia),AWS Region,,,,,,,,,,,,,,,,API Request,,us-east-1,us-east-1,AmazonS3,Amazon Simple Storage Service,E9YHNFENF4XQBZR6,,,,,,,,,Requests-Tier1,,,,,,444249174147,USD,0.0000000000,0.0000050000,OnDemand,Requests,,,,,,,,,,23742807738,,,,,,,,,,,,,,,
my7zelol5qpbwzmlgy7mppxuy2tzkxdrkud4dx3hymtz7piv2sya,2026-04-20T01:00:00Z/2026-04-21T00:00:00Z,,"Amazon Web Services, Inc.",AWS,Anniversary,430155298731,2026-04-01T00:00:00Z,2026-05-01T00:00:00Z,430155298731,Credit,2026-04-20T01:00:00Z,2026-04-21T00:00:00Z,AmazonS3,Requests-Tier1,,,,0.0000000000,,,USD,,-0.0014850000,,-0.0014850000,AWS Free Tier,,"Amazon Web Services, Inc.",Amazon Simple Storage Service,,,,,,,,,,,,,,,,,,S3-API-Tier1,PUT/COPY/POST or LIST requests,,,,,,,,,,US East (N. Virginia),AWS Region,,,,,,,,,,,,,,,,API Request,,us-east-1,us-east-1,AmazonS3,Amazon Simple Storage Service,E9YHNFENF4XQBZR6,,,,,,,,,Requests-Tier1,,,,,,444249174147,USD,0.0000000000,0.0000050000,OnDemand,Requests,,,,,,,,,,23742807738,,,,,,,,,,,,,,,
my7zelol5qpbwzmlgy7mppxuy2tzkxdrkud4dx3hymtz7piv2sya,2026-04-20T08:00:00Z/2026-04-20T22:00:00Z,,"Amazon Web Services, Inc.",AWS,Anniversary,430155298731,2026-04-01T00:00:00Z,2026-05-01T00:00:00Z,430155298731,Credit,2026-04-20T08:00:00Z,2026-04-20T22:00:00Z,AmazonS3,Requests-Tier1,,,,0.0000000000,,,USD,,-0.0002350000,,-0.0002350000,AWS Free Tier,,"Amazon Web Services, Inc.",Amazon Simple Storage Service,,,,,,,,,,,,,,,,,,S3-API-Tier1,PUT/COPY/POST or LIST requests,,,,,,,,,,US East (N. Virginia),AWS Region,,,,,,,,,,,,,,,,API Request,,us-east-1,us-east-1,AmazonS3,Amazon Simple Storage Service,E9YHNFENF4XQBZR6,,,,,,,,,Requests-Tier1,,,,,,444249174147,USD,0.0000000000,0.0000050000,OnDemand,Requests,,,,,,,,,,23742807738,,,,,,,,,,,,,,,
my7zelol5qpbwzmlgy7mppxuy2tzkxdrkud4dx3hymtz7piv2sya,2026-04-20T09:00:00Z/2026-04-20T10:00:00Z,,"Amazon Web Services, Inc.",AWS,Anniversary,430155298731,2026-04-01T00:00:00Z,2026-05-01T00:00:00Z,430155298731,Credit,2026-04-20T09:00:00Z,2026-04-20T10:00:00Z,AmazonS3,Requests-Tier1,,,,0.0000000000,,,USD,,-0.0000050000,,-0.0000050000,AWS Free Tier,,"Amazon Web Services, Inc.",Amazon Simple Storage Service,,,,,,,,,,,,,,,,,,S3-API-Tier1,PUT/COPY/POST or LIST requests,,,,,,,,,,US East (N. Virginia),AWS Region,,,,,,,,,,,,,,,,API Request,,us-east-1,us-east-1,AmazonS3,Amazon Simple Storage Service,E9YHNFENF4XQBZR6,,,,,,,,,Requests-Tier1,,,,,,444249174147,USD,0.0000000000,0.0000050000,OnDemand,Requests,,,,,,,,,,23742807738,,,,,,,,,,,,,,,
my7zelol5qpbwzmlgy7mppxuy2tzkxdrkud4dx3hymtz7piv2sya,2026-04-20T16:00:00Z/2026-04-20T17:00:00Z,,"Amazon Web Services, Inc.",AWS,Anniversary,430155298731,2026-04-01T00:00:00Z,2026-05-01T00:00:00Z,430155298731,Credit,2026-04-20T16:00:00Z,2026-04-20T17:00:00Z,AmazonS3,Requests-Tier1,,,,0.0000000000,,,USD,,-0.0000050000,,-0.0000050000,AWS Free Tier,,"Amazon Web Services, Inc.",Amazon Simple Storage Service,,,,,,,,,,,,,,,,,,S3-API-Tier1,PUT/COPY/POST or LIST requests,,,,,,,,,,US East (N. Virginia),AWS Region,,,,,,,,,,,,,,,,API Request,,us-east-1,us-east-1,AmazonS3,Amazon Simple Storage Service,E9YHNFENF4XQBZR6,,,,,,,,,Requests-Tier1,,,,,,444249174147,USD,0.0000000000,0.0000050000,OnDemand,Requests,,,,,,,,,,23742807738,,,,,,,,,,,,,,,
my7zelol5qpbwzmlgy7mppxuy2tzkxdrkud4dx3hymtz7piv2sya,2026-04-20T19:00:00Z/2026-04-20T20:00:00Z,,"Amazon Web Services, Inc.",AWS,Anniversary,430155298731,2026-04-01T00:00:00Z,2026-05-01T00:00:00Z,430155298731,Credit,2026-04-20T19:00:00Z,2026-04-20T20:00:00Z,AmazonS3,Requests-Tier1,,,,0.0000000000,,,USD,,-0.0000050000,,-0.0000050000,AWS Free Tier,,"Amazon Web Services, Inc.",Amazon Simple Storage Service,,,,,,,,,,,,,,,,,,S3-API-Tier1,PUT/COPY/POST or LIST requests,,,,,,,,,,US East (N. Virginia),AWS Region,,,,,,,,,,,,,,,,API Request,,us-east-1,us-east-1,AmazonS3,Amazon Simple Storage Service,E9YHNFENF4XQBZR6,,,,,,,,,Requests-Tier1,,,,,,444249174147,USD,0.0000000000,0.0000050000,OnDemand,Requests,,,,,,,,,,23742807738,,,,,,,,,,,,,,,
my7zelol5qpbwzmlgy7mppxuy2tzkxdrkud4dx3hymtz7piv2sya,2026-04-20T20:00:00Z/2026-04-20T21:00:00Z,,"Amazon Web Services, Inc.",AWS,Anniversary,430155298731,2026-04-01T00:00:00Z,2026-05-01T00:00:00Z,430155298731,Credit,2026-04-20T20:00:00Z,2026-04-20T21:00:00Z,AmazonS3,Requests-Tier1,,,,0.0000000000,,,USD,,-0.0002000000,,-0.0002000000,AWS Free Tier,,"Amazon Web Services, Inc.",Amazon Simple Storage Service,,,,,,,,,,,,,,,,,,S3-API-Tier1,PUT/COPY/POST or LIST requests,,,,,,,,,,US East (N. Virginia),AWS Region,,,,,,,,,,,,,,,,API Request,,us-east-1,us-east-1,AmazonS3,Amazon Simple Storage Service,E9YHNFENF4XQBZR6,,,,,,,,,Requests-Tier1,,,,,,444249174147,USD,0.0000000000,0.0000050000,OnDemand,Requests,,,,,,,,,,23742807738,,,,,,,,,,,,,,,
my7zelol5qpbwzmlgy7mppxuy2tzkxdrkud4dx3hymtz7piv2sya,2026-04-20T21:00:00Z/2026-04-20T22:00:00Z,,"Amazon Web Services, Inc.",AWS,Anniversary,430155298731,2026-04-01T00:00:00Z,2026-05-01T00:00:00Z,430155298731,Credit,2026-04-20T21:00:00Z,2026-04-20T22:00:00Z,AmazonS3,Requests-Tier1,,,,0.0000000000,,,USD,,-0.0000300000,,-0.0000300000,AWS Free Tier,,"Amazon Web Services, Inc.",Amazon Simple Storage Service,,,,,,,,,,,,,,,,,,S3-API-Tier1,PUT/COPY/POST or LIST requests,,,,,,,,,,US East (N. Virginia),AWS Region,,,,,,,,,,,,,,,,API Request,,us-east-1,us-east-1,AmazonS3,Amazon Simple Storage Service,E9YHNFENF4XQBZR6,,,,,,,,,Requests-Tier1,,,,,,444249174147,USD,0.0000000000,0.0000050000,OnDemand,Requests,,,,,,,,,,23742807738,,,,,,,,,,,,,,,
my7zelol5qpbwzmlgy7mppxuy2tzkxdrkud4dx3hymtz7piv2sya,2026-04-21T00:00:00Z/2026-04-21T16:00:00Z,,"Amazon Web Services, Inc.",AWS,Anniversary,430155298731,2026-04-01T00:00:00Z,2026-05-01T00:00:00Z,430155298731,Credit,2026-04-21T00:00:00Z,2026-04-21T16:00:00Z,AmazonS3,Requests-Tier1,,,,0.0000000000,,,USD,,-0.0001950000,,-0.0001950000,AWS Free Tier,,"Amazon Web Services, Inc.",Amazon Simple Storage Service,,,,,,,,,,,,,,,,,,S3-API-Tier1,PUT/COPY/POST or LIST requests,,,,,,,,,,US East (N. Virginia),AWS Region,,,,,,,,,,,,,,,,API Request,,us-east-1,us-east-1,AmazonS3,Amazon Simple Storage Service,E9YHNFENF4XQBZR6,,,,,,,,,Requests-Tier1,,,,,,444249174147,USD,0.0000000000,0.0000050000,OnDemand,Requests,,,,,,,,,,23742807738,,,,,,,,,,,,,,,
my7zelol5qpbwzmlgy7mppxuy2tzkxdrkud4dx3hymtz7piv2sya,2026-04-21T01:00:00Z/2026-04-21T02:00:00Z,,"Amazon Web Services, Inc.",AWS,Anniversary,430155298731,2026-04-01T00:00:00Z,2026-05-01T00:00:00Z,430155298731,Credit,2026-04-21T01:00:00Z,2026-04-21T02:00:00Z,AmazonS3,Requests-Tier1,,,,0.0000000000,,,USD,,-0.0000050000,,-0.0000050000,AWS Free Tier,,"Amazon Web Services, Inc.",Amazon Simple Storage Service,,,,,,,,,,,,,,,,,,S3-API-Tier1,PUT/COPY/POST or LIST requests,,,,,,,,,,US East (N. Virginia),AWS Region,,,,,,,,,,,,,,,,API Request,,us-east-1,us-east-1,AmazonS3,Amazon Simple Storage Service,E9YHNFENF4XQBZR6,,,,,,,,,Requests-Tier1,,,,,,444249174147,USD,0.0000000000,0.0000050000,OnDemand,Requests,,,,,,,,,,23742807738,,,,,,,,,,,,,,,
my7zelol5qpbwzmlgy7mppxuy2tzkxdrkud4dx3hymtz7piv2sya,2026-04-21T03:00:00Z/2026-04-21T04:00:00Z,,"Amazon Web Services, Inc.",AWS,Anniversary,430155298731,2026-04-01T00:00:00Z,2026-05-01T00:00:00Z,430155298731,Credit,2026-04-21T03:00:00Z,2026-04-21T04:00:00Z,AmazonS3,Requests-Tier1,,,,0.0000000000,,,USD,,-0.0000050000,,-0.0000050000,AWS Free Tier,,"Amazon Web Services, Inc.",Amazon Simple Storage Service,,,,,,,,,,,,,,,,,,S3-API-Tier1,PUT/COPY/POST or LIST requests,,,,,,,,,,US East (N. Virginia),AWS Region,,,,,,,,,,,,,,,,API Request,,us-east-1,us-east-1,AmazonS3,Amazon Simple Storage Service,E9YHNFENF4XQBZR6,,,,,,,,,Requests-Tier1,,,,,,444249174147,USD,0.0000000000,0.0000050000,OnDemand,Requests,,,,,,,,,,23742807738,,,,,,,,,,,,,,,
my7zelol5qpbwzmlgy7mppxuy2tzkxdrkud4dx3hymtz7piv2sya,2026-04-21T08:00:00Z/2026-04-21T13:00:00Z,,"Amazon Web Services, Inc.",AWS,Anniversary,430155298731,2026-04-01T00:00:00Z,2026-05-01T00:00:00Z,430155298731,Credit,2026-04-21T08:00:00Z,2026-04-21T13:00:00Z,AmazonS3,Requests-Tier1,,,,0.0000000000,,,USD,,-0.0002700000,,-0.0002700000,AWS Free Tier,,"Amazon Web Services, Inc.",Amazon Simple Storage Service,,,,,,,,,,,,,,,,,,S3-API-Tier1,PUT/COPY/POST or LIST requests,,,,,,,,,,US East (N. Virginia),AWS Region,,,,,,,,,,,,,,,,API Request,,us-east-1,us-east-1,AmazonS3,Amazon Simple Storage Service,E9YHNFENF4XQBZR6,,,,,,,,,Requests-Tier1,,,,,,444249174147,USD,0.0000000000,0.0000050000,OnDemand,Requests,,,,,,,,,,23742807738,,,,,,,,,,,,,,,
my7zelol5qpbwzmlgy7mppxuy2tzkxdrkud4dx3hymtz7piv2sya,2026-04-21T15:00:00Z/2026-04-21T16:00:00Z,,"Amazon Web Services, Inc.",AWS,Anniversary,430155298731,2026-04-01T00:00:00Z,2026-05-01T00:00:00Z,430155298731,Credit,2026-04-21T15:00:00Z,2026-04-21T16:00:00Z,AmazonS3,Requests-Tier1,,,,0.0000000000,,,USD,,-0.0000050000,,-0.0000050000,AWS Free Tier,,"Amazon Web Services, Inc.",Amazon Simple Storage Service,,,,,,,,,,,,,,,,,,S3-API-Tier1,PUT/COPY/POST or LIST requests,,,,,,,,,,US East (N. Virginia),AWS Region,,,,,,,,,,,,,,,,API Request,,us-east-1,us-east-1,AmazonS3,Amazon Simple Storage Service,E9YHNFENF4XQBZR6,,,,,,,,,Requests-Tier1,,,,,,444249174147,USD,0.0000000000,0.0000050000,OnDemand,Requests,,,,,,,,,,23742807738,,,,,,,,,,,,,,,
my7zelol5qpbwzmlgy7mppxuy2tzkxdrkud4dx3hymtz7piv2sya,2026-04-22T01:00:00Z/2026-04-22T18:00:00Z,,"Amazon Web Services, Inc.",AWS,Anniversary,430155298731,2026-04-01T00:00:00Z,2026-05-01T00:00:00Z,430155298731,Credit,2026-04-22T01:00:00Z,2026-04-22T18:00:00Z,AmazonS3,Requests-Tier1,,,,0.0000000000,,,USD,,-0.0000450000,,-0.0000450000,AWS Free Tier,,"Amazon Web Services, Inc.",Amazon Simple Storage Service,,,,,,,,,,,,,,,,,,S3-API-Tier1,PUT/COPY/POST or LIST requests,,,,,,,,,,US East (N. Virginia),AWS Region,,,,,,,,,,,,,,,,API Request,,us-east-1,us-east-1,AmazonS3,Amazon Simple Storage Service,E9YHNFENF4XQBZR6,,,,,,,,,Requests-Tier1,,,,,,444249174147,USD,0.0000000000,0.0000050000,OnDemand,Requests,,,,,,,,,,23742807738,,,,,,,,,,,,,,,
my7zelol5qpbwzmlgy7mppxuy2tzkxdrkud4dx3hymtz7piv2sya,2026-04-22T02:00:00Z/2026-04-22T18:00:00Z,,"Amazon Web Services, Inc.",AWS,Anniversary,430155298731,2026-04-01T00:00:00Z,2026-05-01T00:00:00Z,430155298731,Credit,2026-04-22T02:00:00Z,2026-04-22T18:00:00Z,AmazonS3,Requests-Tier1,,,,0.0000000000,,,USD,,-0.0000150000,,-0.0000150000,AWS Free Tier,,"Amazon Web Services, Inc.",Amazon Simple Storage Service,,,,,,,,,,,,,,,,,,S3-API-Tier1,PUT/COPY/POST or LIST requests,,,,,,,,,,US East (N. Virginia),AWS Region,,,,,,,,,,,,,,,,API Request,,us-east-1,us-east-1,AmazonS3,Amazon Simple Storage Service,E9YHNFENF4XQBZR6,,,,,,,,,Requests-Tier1,,,,,,444249174147,USD,0.0000000000,0.0000050000,OnDemand,Requests,,,,,,,,,,23742807738,,,,,,,,,,,,,,,
my7zelol5qpbwzmlgy7mppxuy2tzkxdrkud4dx3hymtz7piv2sya,2026-04-22T07:00:00Z/2026-04-22T08:00:00Z,,"Amazon Web Services, Inc.",AWS,Anniversary,430155298731,2026-04-01T00:00:00Z,2026-05-01T00:00:00Z,430155298731,Credit,2026-04-22T07:00:00Z,2026-04-22T08:00:00Z,AmazonS3,Requests-Tier1,,,,0.0000000000,,,USD,,-0.0000050000,,-0.0000050000,AWS Free Tier,,"Amazon Web Services, Inc.",Amazon Simple Storage Service,,,,,,,,,,,,,,,,,,S3-API-Tier1,PUT/COPY/POST or LIST requests,,,,,,,,,,US East (N. Virginia),AWS Region,,,,,,,,,,,,,,,,API Request,,us-east-1,us-east-1,AmazonS3,Amazon Simple Storage Service,E9YHNFENF4XQBZR6,,,,,,,,,Requests-Tier1,,,,,,444249174147,USD,0.0000000000,0.0000050000,OnDemand,Requests,,,,,,,,,,23742807738,,,,,,,,,,,,,,,
my7zelol5qpbwzmlgy7mppxuy2tzkxdrkud4dx3hymtz7piv2sya,2026-04-23T00:00:00Z/2026-04-23T22:00:00Z,,"Amazon Web Services, Inc.",AWS,Anniversary,430155298731,2026-04-01T00:00:00Z,2026-05-01T00:00:00Z,430155298731,Credit,2026-04-23T00:00:00Z,2026-04-23T22:00:00Z,AmazonS3,Requests-Tier1,,,,0.0000000000,,,USD,,-0.0000600000,,-0.0000600000,AWS Free Tier,,"Amazon Web Services, Inc.",Amazon Simple Storage Service,,,,,,,,,,,,,,,,,,S3-API-Tier1,PUT/COPY/POST or LIST requests,,,,,,,,,,US East (N. Virginia),AWS Region,,,,,,,,,,,,,,,,API Request,,us-east-1,us-east-1,AmazonS3,Amazon Simple Storage Service,E9YHNFENF4XQBZR6,,,,,,,,,Requests-Tier1,,,,,,444249174147,USD,0.0000000000,0.0000050000,OnDemand,Requests,,,,,,,,,,23742807738,,,,,,,,,,,,,,,
my7zelol5qpbwzmlgy7mppxuy2tzkxdrkud4dx3hymtz7piv2sya,2026-04-23T01:00:00Z/2026-04-23T22:00:00Z,,"Amazon Web Services, Inc.",AWS,Anniversary,430155298731,2026-04-01T00:00:00Z,2026-05-01T00:00:00Z,430155298731,Credit,2026-04-23T01:00:00Z,2026-04-23T22:00:00Z,AmazonS3,Requests-Tier1,,,,0.0000000000,,,USD,,-0.0000200000,,-0.0000200000,AWS Free Tier,,"Amazon Web Services, Inc.",Amazon Simple Storage Service,,,,,,,,,,,,,,,,,,S3-API-Tier1,PUT/COPY/POST or LIST requests,,,,,,,,,,US East (N. Virginia),AWS Region,,,,,,,,,,,,,,,,API Request,,us-east-1,us-east-1,AmazonS3,Amazon Simple Storage Service,E9YHNFENF4XQBZR6,,,,,,,,,Requests-Tier1,,,,,,444249174147,USD,0.0000000000,0.0000050000,OnDemand,Requests,,,,,,,,,,23742807738,,,,,,,,,,,,,,,
my7zelol5qpbwzmlgy7mppxuy2tzkxdrkud4dx3hymtz7piv2sya,2026-04-24T05:00:00Z/2026-04-24T23:00:00Z,,"Amazon Web Services, Inc.",AWS,Anniversary,430155298731,2026-04-01T00:00:00Z,2026-05-01T00:00:00Z,430155298731,Credit,2026-04-24T05:00:00Z,2026-04-24T23:00:00Z,AmazonS3,Requests-Tier1,,,,0.0000000000,,,USD,,-0.0000600000,,-0.0000600000,AWS Free Tier,,"Amazon Web Services, Inc.",Amazon Simple Storage Service,,,,,,,,,,,,,,,,,,S3-API-Tier1,PUT/COPY/POST or LIST requests,,,,,,,,,,US East (N. Virginia),AWS Region,,,,,,,,,,,,,,,,API Request,,us-east-1,us-east-1,AmazonS3,Amazon Simple Storage Service,E9YHNFENF4XQBZR6,,,,,,,,,Requests-Tier1,,,,,,444249174147,USD,0.0000000000,0.0000050000,OnDemand,Requests,,,,,,,,,,23742807738,,,,,,,,,,,,,,,
my7zelol5qpbwzmlgy7mppxuy2tzkxdrkud4dx3hymtz7piv2sya,2026-04-24T23:00:00Z/2026-04-25T00:00:00Z,,"Amazon Web Services, Inc.",AWS,Anniversary,430155298731,2026-04-01T00:00:00Z,2026-05-01T00:00:00Z,430155298731,Credit,2026-04-24T23:00:00Z,2026-04-25T00:00:00Z,AmazonS3,Requests-Tier1,,,,0.0000000000,,,USD,,-0.0000050000,,-0.0000050000,AWS Free Tier,,"Amazon Web Services, Inc.",Amazon Simple Storage Service,,,,,,,,,,,,,,,,,,S3-API-Tier1,PUT/COPY/POST or LIST requests,,,,,,,,,,US East (N. Virginia),AWS Region,,,,,,,,,,,,,,,,API Request,,us-east-1,us-east-1,AmazonS3,Amazon Simple Storage Service,E9YHNFENF4XQBZR6,,,,,,,,,Requests-Tier1,,,,,,444249174147,USD,0.0000000000,0.0000050000,OnDemand,Requests,,,,,,,,,,23742807738,,,,,,,,,,,,,,,
my7zelol5qpbwzmlgy7mppxuy2tzkxdrkud4dx3hymtz7piv2sya,2026-04-25T07:00:00Z/2026-04-25T23:00:00Z,,"Amazon Web Services, Inc.",AWS,Anniversary,430155298731,2026-04-01T00:00:00Z,2026-05-01T00:00:00Z,430155298731,Credit,2026-04-25T07:00:00Z,2026-04-25T23:00:00Z,AmazonS3,Requests-Tier1,,,,0.0000000000,,,USD,,-0.0000450000,,-0.0000450000,AWS Free Tier,,"Amazon Web Services, Inc.",Amazon Simple Storage Service,,,,,,,,,,,,,,,,,,S3-API-Tier1,PUT/COPY/POST or LIST requests,,,,,,,,,,US East (N. Virginia),AWS Region,,,,,,,,,,,,,,,,API Request,,us-east-1,us-east-1,AmazonS3,Amazon Simple Storage Service,E9YHNFENF4XQBZR6,,,,,,,,,Requests-Tier1,,,,,,444249174147,USD,0.0000000000,0.0000050000,OnDemand,Requests,,,,,,,,,,23742807738,,,,,,,,,,,,,,,
my7zelol5qpbwzmlgy7mppxuy2tzkxdrkud4dx3hymtz7piv2sya,2026-04-25T08:00:00Z/2026-04-25T23:00:00Z,,"Amazon Web Services, Inc.",AWS,Anniversary,430155298731,2026-04-01T00:00:00Z,2026-05-01T00:00:00Z,430155298731,Credit,2026-04-25T08:00:00Z,2026-04-25T23:00:00Z,AmazonS3,Requests-Tier1,,,,0.0000000000,,,USD,,-0.0000150000,,-0.0000150000,AWS Free Tier,,"Amazon Web Services, Inc.",Amazon Simple Storage Service,,,,,,,,,,,,,,,,,,S3-API-Tier1,PUT/COPY/POST or LIST requests,,,,,,,,,,US East (N. Virginia),AWS Region,,,,,,,,,,,,,,,,API Request,,us-east-1,us-east-1,AmazonS3,Amazon Simple Storage Service,E9YHNFENF4XQBZR6,,,,,,,,,Requests-Tier1,,,,,,444249174147,USD,0.0000000000,0.0000050000,OnDemand,Requests,,,,,,,,,,23742807738,,,,,,,,,,,,,,,
my7zelol5qpbwzmlgy7mppxuy2tzkxdrkud4dx3hymtz7piv2sya,2026-04-26T00:00:00Z/2026-04-26T01:00:00Z,,"Amazon Web Services, Inc.",AWS,Anniversary,430155298731,2026-04-01T00:00:00Z,2026-05-01T00:00:00Z,430155298731,Credit,2026-04-26T00:00:00Z,2026-04-26T01:00:00Z,AmazonS3,Requests-Tier1,,,,0.0000000000,,,USD,,-0.0000050000,,-0.0000050000,AWS Free Tier,,"Amazon Web Services, Inc.",Amazon Simple Storage Service,,,,,,,,,,,,,,,,,,S3-API-Tier1,PUT/COPY/POST or LIST requests,,,,,,,,,,US East (N. Virginia),AWS Region,,,,,,,,,,,,,,,,API Request,,us-east-1,us-east-1,AmazonS3,Amazon Simple Storage Service,E9YHNFENF4XQBZR6,,,,,,,,,Requests-Tier1,,,,,,444249174147,USD,0.0000000000,0.0000050000,OnDemand,Requests,,,,,,,,,,23742807738,,,,,,,,,,,,,,,
my7zelol5qpbwzmlgy7mppxuy2tzkxdrkud4dx3hymtz7piv2sya,2026-04-26T01:00:00Z/2026-04-26T02:00:00Z,,"Amazon Web Services, Inc.",AWS,Anniversary,430155298731,2026-04-01T00:00:00Z,2026-05-01T00:00:00Z,430155298731,Credit,2026-04-26T01:00:00Z,2026-04-26T02:00:00Z,AmazonS3,Requests-Tier1,,,,0.0000000000,,,USD,,-0.0000050000,,-0.0000050000,AWS Free Tier,,"Amazon Web Services, Inc.",Amazon Simple Storage Service,,,,,,,,,,,,,,,,,,S3-API-Tier1,PUT/COPY/POST or LIST requests,,,,,,,,,,US East (N. Virginia),AWS Region,,,,,,,,,,,,,,,,API Request,,us-east-1,us-east-1,AmazonS3,Amazon Simple Storage Service,E9YHNFENF4XQBZR6,,,,,,,,,Requests-Tier1,,,,,,444249174147,USD,0.0000000000,0.0000050000,OnDemand,Requests,,,,,,,,,,23742807738,,,,,,,,,,,,,,,
my7zelol5qpbwzmlgy7mppxuy2tzkxdrkud4dx3hymtz7piv2sya,2026-04-26T03:00:00Z/2026-04-26T04:00:00Z,,"Amazon Web Services, Inc.",AWS,Anniversary,430155298731,2026-04-01T00:00:00Z,2026-05-01T00:00:00Z,430155298731,Credit,2026-04-26T03:00:00Z,2026-04-26T04:00:00Z,AmazonS3,Requests-Tier1,,,,0.0000000000,,,USD,,-0.0000050000,,-0.0000050000,AWS Free Tier,,"Amazon Web Services, Inc.",Amazon Simple Storage Service,,,,,,,,,,,,,,,,,,S3-API-Tier1,PUT/COPY/POST or LIST requests,,,,,,,,,,US East (N. Virginia),AWS Region,,,,,,,,,,,,,,,,API Request,,us-east-1,us-east-1,AmazonS3,Amazon Simple Storage Service,E9YHNFENF4XQBZR6,,,,,,,,,Requests-Tier1,,,,,,444249174147,USD,0.0000000000,0.0000050000,OnDemand,Requests,,,,,,,,,,23742807738,,,,,,,,,,,,,,,
my7zelol5qpbwzmlgy7mppxuy2tzkxdrkud4dx3hymtz7piv2sya,2026-04-26T06:00:00Z/2026-04-26T13:00:00Z,,"Amazon Web Services, Inc.",AWS,Anniversary,430155298731,2026-04-01T00:00:00Z,2026-05-01T00:00:00Z,430155298731,Credit,2026-04-26T06:00:00Z,2026-04-26T13:00:00Z,AmazonS3,Requests-Tier1,,,,0.0000000000,,,USD,,-0.0000400000,,-0.0000400000,AWS Free Tier,,"Amazon Web Services, Inc.",Amazon Simple Storage Service,,,,,,,,,,,,,,,,,,S3-API-Tier1,PUT/COPY/POST or LIST requests,,,,,,,,,,US East (N. Virginia),AWS Region,,,,,,,,,,,,,,,,API Request,,us-east-1,us-east-1,AmazonS3,Amazon Simple Storage Service,E9YHNFENF4XQBZR6,,,,,,,,,Requests-Tier1,,,,,,444249174147,USD,0.0000000000,0.0000050000,OnDemand,Requests,,,,,,,,,,23742807738,,,,,,,,,,,,,,,
my7zelol5qpbwzmlgy7mppxuy2tzkxdrkud4dx3hymtz7piv2sya,2026-04-26T15:00:00Z/2026-04-26T16:00:00Z,,"Amazon Web Services, Inc.",AWS,Anniversary,430155298731,2026-04-01T00:00:00Z,2026-05-01T00:00:00Z,430155298731,Credit,2026-04-26T15:00:00Z,2026-04-26T16:00:00Z,AmazonS3,Requests-Tier1,,,,0.0000000000,,,USD,,-0.0000050000,,-0.0000050000,AWS Free Tier,,"Amazon Web Services, Inc.",Amazon Simple Storage Service,,,,,,,,,,,,,,,,,,S3-API-Tier1,PUT/COPY/POST or LIST requests,,,,,,,,,,US East (N. Virginia),AWS Region,,,,,,,,,,,,,,,,API Request,,us-east-1,us-east-1,AmazonS3,Amazon Simple Storage Service,E9YHNFENF4XQBZR6,,,,,,,,,Requests-Tier1,,,,,,444249174147,USD,0.0000000000,0.0000050000,OnDemand,Requests,,,,,,,,,,23742807738,,,,,,,,,,,,,,,
my7zelol5qpbwzmlgy7mppxuy2tzkxdrkud4dx3hymtz7piv2sya,2026-04-27T00:00:00Z/2026-04-27T20:00:00Z,,"Amazon Web Services, Inc.",AWS,Anniversary,430155298731,2026-04-01T00:00:00Z,2026-05-01T00:00:00Z,430155298731,Credit,2026-04-27T00:00:00Z,2026-04-27T20:00:00Z,AmazonS3,Requests-Tier1,,,,0.0000000000,,,USD,,-0.0000800000,,-0.0000800000,AWS Free Tier,,"Amazon Web Services, Inc.",Amazon Simple Storage Service,,,,,,,,,,,,,,,,,,S3-API-Tier1,PUT/COPY/POST or LIST requests,,,,,,,,,,US East (N. Virginia),AWS Region,,,,,,,,,,,,,,,,API Request,,us-east-1,us-east-1,AmazonS3,Amazon Simple Storage Service,E9YHNFENF4XQBZR6,,,,,,,,,Requests-Tier1,,,,,,444249174147,USD,0.0000000000,0.0000050000,OnDemand,Requests,,,,,,,,,,23742807738,,,,,,,,,,,,,,,
my7zelol5qpbwzmlgy7mppxuy2tzkxdrkud4dx3hymtz7piv2sya,2026-04-28T05:00:00Z/2026-04-29T00:00:00Z,,"Amazon Web Services, Inc.",AWS,Anniversary,430155298731,2026-04-01T00:00:00Z,2026-05-01T00:00:00Z,430155298731,Credit,2026-04-28T05:00:00Z,2026-04-29T00:00:00Z,AmazonS3,Requests-Tier1,,,,0.0000000000,,,USD,,-0.0000350000,,-0.0000350000,AWS Free Tier,,"Amazon Web Services, Inc.",Amazon Simple Storage Service,,,,,,,,,,,,,,,,,,S3-API-Tier1,PUT/COPY/POST or LIST requests,,,,,,,,,,US East (N. Virginia),AWS Region,,,,,,,,,,,,,,,,API Request,,us-east-1,us-east-1,AmazonS3,Amazon Simple Storage Service,E9YHNFENF4XQBZR6,,,,,,,,,Requests-Tier1,,,,,,444249174147,USD,0.0000000000,0.0000050000,OnDemand,Requests,,,,,,,,,,23742807738,,,,,,,,,,,,,,,
my7zelol5qpbwzmlgy7mppxuy2tzkxdrkud4dx3hymtz7piv2sya,2026-04-28T06:00:00Z/2026-04-28T16:00:00Z,,"Amazon Web Services, Inc.",AWS,Anniversary,430155298731,2026-04-01T00:00:00Z,2026-05-01T00:00:00Z,430155298731,Credit,2026-04-28T06:00:00Z,2026-04-28T16:00:00Z,AmazonS3,Requests-Tier1,,,,0.0000000000,,,USD,,-0.0000100000,,-0.0000100000,AWS Free Tier,,"Amazon Web Services, Inc.",Amazon Simple Storage Service,,,,,,,,,,,,,,,,,,S3-API-Tier1,PUT/COPY/POST or LIST requests,,,,,,,,,,US East (N. Virginia),AWS Region,,,,,,,,,,,,,,,,API Request,,us-east-1,us-east-1,AmazonS3,Amazon Simple Storage Service,E9YHNFENF4XQBZR6,,,,,,,,,Requests-Tier1,,,,,,444249174147,USD,0.0000000000,0.0000050000,OnDemand,Requests,,,,,,,,,,23742807738,,,,,,,,,,,,,,,
my7zelol5qpbwzmlgy7mppxuy2tzkxdrkud4dx3hymtz7piv2sya,2026-04-29T00:00:00Z/2026-04-29T23:00:00Z,,"Amazon Web Services, Inc.",AWS,Anniversary,430155298731,2026-04-01T00:00:00Z,2026-05-01T00:00:00Z,430155298731,Credit,2026-04-29T00:00:00Z,2026-04-29T23:00:00Z,AmazonS3,Requests-Tier1,,,,0.0000000000,,,USD,,-0.0000750000,,-0.0000750000,AWS Free Tier,,"Amazon Web Services, Inc.",Amazon Simple Storage Service,,,,,,,,,,,,,,,,,,S3-API-Tier1,PUT/COPY/POST or LIST requests,,,,,,,,,,US East (N. Virginia),AWS Region,,,,,,,,,,,,,,,,API Request,,us-east-1,us-east-1,AmazonS3,Amazon Simple Storage Service,E9YHNFENF4XQBZR6,,,,,,,,,Requests-Tier1,,,,,,444249174147,USD,0.0000000000,0.0000050000,OnDemand,Requests,,,,,,,,,,23742807738,,,,,,,,,,,,,,,
azqi6g4q6a7mndyfyqflhaq4gpf2pybb2b3muyh3xx6vsavlfiea,2026-04-19T23:00:00Z/2026-04-20T00:00:00Z,,"Amazon Web Services, Inc.",AWS,Anniversary,430155298731,2026-04-01T00:00:00Z,2026-05-01T00:00:00Z,430155298731,Usage,2026-04-19T23:00:00Z,2026-04-20T00:00:00Z,AmazonS3,Global-Bucket-Hrs-FreeTier,GeneralPurposeBuckets,,arn:aws:s3:::fincloud-cur-bucket-123,0.0013888889,,,USD,0.0000000000,0.0000000000,0.0000000000,0.0000000000,$0.00 per bucket / month for the first 2000 general purpose buckets in your account,,"Amazon Web Services, Inc.",Amazon Simple Storage Service,,,,,,,,,,,,S3-General-Purpose-Buckets-Free-Tier,No charge for free tier of general purpose buckets per AWS account,,,,,,,,,,,,,,,,Any,Other,,,,,,,,,,,GeneralPurposeBuckets,,,,,,,global,,AmazonS3,Amazon Simple Storage Service,HCKDHF357KKE2VVT,,,,,,,,,Global-Bucket-Hrs-FreeTier,,,,,HCKDHF357KKE2VVT.JRTCKXETXF.6YS6EN2CT7,444249173000,USD,0.0000000000,0.0000000000,OnDemand,Bucket-Mo,,,,,,,,,,23742807738,,,,,,,,,,,,,,,
h7tg57fsg5qdtjo74ahrpw2fv62babmpt7v3y537o56rcgny2kaq,2026-04-19T23:00:00Z/2026-04-20T00:00:00Z,,"Amazon Web Services, Inc.",AWS,Anniversary,430155298731,2026-04-01T00:00:00Z,2026-05-01T00:00:00Z,430155298731,Usage,2026-04-19T23:00:00Z,2026-04-20T00:00:00Z,AmazonS3,Global-Bucket-Hrs-FreeTier,GeneralPurposeBuckets,,arn:aws:s3:::fincloud-data-xyz,0.0013888889,,,USD,0.0000000000,0.0000000000,0.0000000000,0.0000000000,$0.00 per bucket / month for the first 2000 general purpose buckets in your account,,"Amazon Web Services, Inc.",Amazon Simple Storage Service,,,,,,,,,,,,S3-General-Purpose-Buckets-Free-Tier,No charge for free tier of general purpose buckets per AWS account,,,,,,,,,,,,,,,,Any,Other,,,,,,,,,,,GeneralPurposeBuckets,,,,,,,global,,AmazonS3,Amazon Simple Storage Service,HCKDHF357KKE2VVT,,,,,,,,,Global-Bucket-Hrs-FreeTier,,,,,HCKDHF357KKE2VVT.JRTCKXETXF.6YS6EN2CT7,444249173000,USD,0.0000000000,0.0000000000,OnDemand,Bucket-Mo,,,,,,,,,,23742807738,,,,,,,,,,,,,,,
azqi6g4q6a7mndyfyqflhaq4gpf2pybb2b3muyh3xx6vsavlfiea,2026-04-20T23:00:00Z/2026-04-21T00:00:00Z,,"Amazon Web Services, Inc.",AWS,Anniversary,430155298731,2026-04-01T00:00:00Z,2026-05-01T00:00:00Z,430155298731,Usage,2026-04-20T23:00:00Z,2026-04-21T00:00:00Z,AmazonS3,Global-Bucket-Hrs-FreeTier,GeneralPurposeBuckets,,arn:aws:s3:::fincloud-cur-bucket-123,0.0013888889,,,USD,0.0000000000,0.0000000000,0.0000000000,0.0000000000,$0.00 per bucket / month for the first 2000 general purpose buckets in your account,,"Amazon Web Services, Inc.",Amazon Simple Storage Service,,,,,,,,,,,,S3-General-Purpose-Buckets-Free-Tier,No charge for free tier of general purpose buckets per AWS account,,,,,,,,,,,,,,,,Any,Other,,,,,,,,,,,GeneralPurposeBuckets,,,,,,,global,,AmazonS3,Amazon Simple Storage Service,HCKDHF357KKE2VVT,,,,,,,,,Global-Bucket-Hrs-FreeTier,,,,,HCKDHF357KKE2VVT.JRTCKXETXF.6YS6EN2CT7,444249173000,USD,0.0000000000,0.0000000000,OnDemand,Bucket-Mo,,,,,,,,,,23742807738,,,,,,,,,,,,,,,
azqi6g4q6a7mndyfyqflhaq4gpf2pybb2b3muyh3xx6vsavlfiea,2026-04-21T23:00:00Z/2026-04-22T00:00:00Z,,"Amazon Web Services, Inc.",AWS,Anniversary,430155298731,2026-04-01T00:00:00Z,2026-05-01T00:00:00Z,430155298731,Usage,2026-04-21T23:00:00Z,2026-04-22T00:00:00Z,AmazonS3,Global-Bucket-Hrs-FreeTier,GeneralPurposeBuckets,,arn:aws:s3:::fincloud-cur-bucket-123,0.0013888889,,,USD,0.0000000000,0.0000000000,0.0000000000,0.0000000000,$0.00 per bucket / month for the first 2000 general purpose buckets in your account,,"Amazon Web Services, Inc.",Amazon Simple Storage Service,,,,,,,,,,,,S3-General-Purpose-Buckets-Free-Tier,No charge for free tier of general purpose buckets per AWS account,,,,,,,,,,,,,,,,Any,Other,,,,,,,,,,,GeneralPurposeBuckets,,,,,,,global,,AmazonS3,Amazon Simple Storage Service,HCKDHF357KKE2VVT,,,,,,,,,Global-Bucket-Hrs-FreeTier,,,,,HCKDHF357KKE2VVT.JRTCKXETXF.6YS6EN2CT7,444249173000,USD,0.0000000000,0.0000000000,OnDemand,Bucket-Mo,,,,,,,,,,23742807738,,,,,,,,,,,,,,,
azqi6g4q6a7mndyfyqflhaq4gpf2pybb2b3muyh3xx6vsavlfiea,2026-04-22T23:00:00Z/2026-04-23T00:00:00Z,,"Amazon Web Services, Inc.",AWS,Anniversary,430155298731,2026-04-01T00:00:00Z,2026-05-01T00:00:00Z,430155298731,Usage,2026-04-22T23:00:00Z,2026-04-23T00:00:00Z,AmazonS3,Global-Bucket-Hrs-FreeTier,GeneralPurposeBuckets,,arn:aws:s3:::fincloud-cur-bucket-123,0.0013888889,,,USD,0.0000000000,0.0000000000,0.0000000000,0.0000000000,$0.00 per bucket / month for the first 2000 general purpose buckets in your account,,"Amazon Web Services, Inc.",Amazon Simple Storage Service,,,,,,,,,,,,S3-General-Purpose-Buckets-Free-Tier,No charge for free tier of general purpose buckets per AWS account,,,,,,,,,,,,,,,,Any,Other,,,,,,,,,,,GeneralPurposeBuckets,,,,,,,global,,AmazonS3,Amazon Simple Storage Service,HCKDHF357KKE2VVT,,,,,,,,,Global-Bucket-Hrs-FreeTier,,,,,HCKDHF357KKE2VVT.JRTCKXETXF.6YS6EN2CT7,444249173000,USD,0.0000000000,0.0000000000,OnDemand,Bucket-Mo,,,,,,,,,,23742807738,,,,,,,,,,,,,,,
azqi6g4q6a7mndyfyqflhaq4gpf2pybb2b3muyh3xx6vsavlfiea,2026-04-23T23:00:00Z/2026-04-24T00:00:00Z,,"Amazon Web Services, Inc.",AWS,Anniversary,430155298731,2026-04-01T00:00:00Z,2026-05-01T00:00:00Z,430155298731,Usage,2026-04-23T23:00:00Z,2026-04-24T00:00:00Z,AmazonS3,Global-Bucket-Hrs-FreeTier,GeneralPurposeBuckets,,arn:aws:s3:::fincloud-cur-bucket-123,0.0013888889,,,USD,0.0000000000,0.0000000000,0.0000000000,0.0000000000,$0.00 per bucket / month for the first 2000 general purpose buckets in your account,,"Amazon Web Services, Inc.",Amazon Simple Storage Service,,,,,,,,,,,,S3-General-Purpose-Buckets-Free-Tier,No charge for free tier of general purpose buckets per AWS account,,,,,,,,,,,,,,,,Any,Other,,,,,,,,,,,GeneralPurposeBuckets,,,,,,,global,,AmazonS3,Amazon Simple Storage Service,HCKDHF357KKE2VVT,,,,,,,,,Global-Bucket-Hrs-FreeTier,,,,,HCKDHF357KKE2VVT.JRTCKXETXF.6YS6EN2CT7,444249173000,USD,0.0000000000,0.0000000000,OnDemand,Bucket-Mo,,,,,,,,,,23742807738,,,,,,,,,,,,,,,
azqi6g4q6a7mndyfyqflhaq4gpf2pybb2b3muyh3xx6vsavlfiea,2026-04-24T23:00:00Z/2026-04-25T00:00:00Z,,"Amazon Web Services, Inc.",AWS,Anniversary,430155298731,2026-04-01T00:00:00Z,2026-05-01T00:00:00Z,430155298731,Usage,2026-04-24T23:00:00Z,2026-04-25T00:00:00Z,AmazonS3,Global-Bucket-Hrs-FreeTier,GeneralPurposeBuckets,,arn:aws:s3:::fincloud-cur-bucket-123,0.0013888889,,,USD,0.0000000000,0.0000000000,0.0000000000,0.0000000000,$0.00 per bucket / month for the first 2000 general purpose buckets in your account,,"Amazon Web Services, Inc.",Amazon Simple Storage Service,,,,,,,,,,,,S3-General-Purpose-Buckets-Free-Tier,No charge for free tier of general purpose buckets per AWS account,,,,,,,,,,,,,,,,Any,Other,,,,,,,,,,,GeneralPurposeBuckets,,,,,,,global,,AmazonS3,Amazon Simple Storage Service,HCKDHF357KKE2VVT,,,,,,,,,Global-Bucket-Hrs-FreeTier,,,,,HCKDHF357KKE2VVT.JRTCKXETXF.6YS6EN2CT7,444249173000,USD,0.0000000000,0.0000000000,OnDemand,Bucket-Mo,,,,,,,,,,23742807738,,,,,,,,,,,,,,,
azqi6g4q6a7mndyfyqflhaq4gpf2pybb2b3muyh3xx6vsavlfiea,2026-04-25T23:00:00Z/2026-04-26T00:00:00Z,,"Amazon Web Services, Inc.",AWS,Anniversary,430155298731,2026-04-01T00:00:00Z,2026-05-01T00:00:00Z,430155298731,Usage,2026-04-25T23:00:00Z,2026-04-26T00:00:00Z,AmazonS3,Global-Bucket-Hrs-FreeTier,GeneralPurposeBuckets,,arn:aws:s3:::fincloud-cur-bucket-123,0.0013888889,,,USD,0.0000000000,0.0000000000,0.0000000000,0.0000000000,$0.00 per bucket / month for the first 2000 general purpose buckets in your account,,"Amazon Web Services, Inc.",Amazon Simple Storage Service,,,,,,,,,,,,S3-General-Purpose-Buckets-Free-Tier,No charge for free tier of general purpose buckets per AWS account,,,,,,,,,,,,,,,,Any,Other,,,,,,,,,,,GeneralPurposeBuckets,,,,,,,global,,AmazonS3,Amazon Simple Storage Service,HCKDHF357KKE2VVT,,,,,,,,,Global-Bucket-Hrs-FreeTier,,,,,HCKDHF357KKE2VVT.JRTCKXETXF.6YS6EN2CT7,444249173000,USD,0.0000000000,0.0000000000,OnDemand,Bucket-Mo,,,,,,,,,,23742807738,,,,,,,,,,,,,,,
azqi6g4q6a7mndyfyqflhaq4gpf2pybb2b3muyh3xx6vsavlfiea,2026-04-26T23:00:00Z/2026-04-27T00:00:00Z,,"Amazon Web Services, Inc.",AWS,Anniversary,430155298731,2026-04-01T00:00:00Z,2026-05-01T00:00:00Z,430155298731,Usage,2026-04-26T23:00:00Z,2026-04-27T00:00:00Z,AmazonS3,Global-Bucket-Hrs-FreeTier,GeneralPurposeBuckets,,arn:aws:s3:::fincloud-cur-bucket-123,0.0013888889,,,USD,0.0000000000,0.0000000000,0.0000000000,0.0000000000,$0.00 per bucket / month for the first 2000 general purpose buckets in your account,,"Amazon Web Services, Inc.",Amazon Simple Storage Service,,,,,,,,,,,,S3-General-Purpose-Buckets-Free-Tier,No charge for free tier of general purpose buckets per AWS account,,,,,,,,,,,,,,,,Any,Other,,,,,,,,,,,GeneralPurposeBuckets,,,,,,,global,,AmazonS3,Amazon Simple Storage Service,HCKDHF357KKE2VVT,,,,,,,,,Global-Bucket-Hrs-FreeTier,,,,,HCKDHF357KKE2VVT.JRTCKXETXF.6YS6EN2CT7,444249173000,USD,0.0000000000,0.0000000000,OnDemand,Bucket-Mo,,,,,,,,,,23742807738,,,,,,,,,,,,,,,
azqi6g4q6a7mndyfyqflhaq4gpf2pybb2b3muyh3xx6vsavlfiea,2026-04-27T23:00:00Z/2026-04-28T00:00:00Z,,"Amazon Web Services, Inc.",AWS,Anniversary,430155298731,2026-04-01T00:00:00Z,2026-05-01T00:00:00Z,430155298731,Usage,2026-04-27T23:00:00Z,2026-04-28T00:00:00Z,AmazonS3,Global-Bucket-Hrs-FreeTier,GeneralPurposeBuckets,,arn:aws:s3:::fincloud-cur-bucket-123,0.0013888889,,,USD,0.0000000000,0.0000000000,0.0000000000,0.0000000000,$0.00 per bucket / month for the first 2000 general purpose buckets in your account,,"Amazon Web Services, Inc.",Amazon Simple Storage Service,,,,,,,,,,,,S3-General-Purpose-Buckets-Free-Tier,No charge for free tier of general purpose buckets per AWS account,,,,,,,,,,,,,,,,Any,Other,,,,,,,,,,,GeneralPurposeBuckets,,,,,,,global,,AmazonS3,Amazon Simple Storage Service,HCKDHF357KKE2VVT,,,,,,,,,Global-Bucket-Hrs-FreeTier,,,,,HCKDHF357KKE2VVT.JRTCKXETXF.6YS6EN2CT7,444249173000,USD,0.0000000000,0.0000000000,OnDemand,Bucket-Mo,,,,,,,,,,23742807738,,,,,,,,,,,,,,,
azqi6g4q6a7mndyfyqflhaq4gpf2pybb2b3muyh3xx6vsavlfiea,2026-04-28T23:00:00Z/2026-04-29T00:00:00Z,,"Amazon Web Services, Inc.",AWS,Anniversary,430155298731,2026-04-01T00:00:00Z,2026-05-01T00:00:00Z,430155298731,Usage,2026-04-28T23:00:00Z,2026-04-29T00:00:00Z,AmazonS3,Global-Bucket-Hrs-FreeTier,GeneralPurposeBuckets,,arn:aws:s3:::fincloud-cur-bucket-123,0.0013888889,,,USD,0.0000000000,0.0000000000,0.0000000000,0.0000000000,$0.00 per bucket / month for the first 2000 general purpose buckets in your account,,"Amazon Web Services, Inc.",Amazon Simple Storage Service,,,,,,,,,,,,S3-General-Purpose-Buckets-Free-Tier,No charge for free tier of general purpose buckets per AWS account,,,,,,,,,,,,,,,,Any,Other,,,,,,,,,,,GeneralPurposeBuckets,,,,,,,global,,AmazonS3,Amazon Simple Storage Service,HCKDHF357KKE2VVT,,,,,,,,,Global-Bucket-Hrs-FreeTier,,,,,HCKDHF357KKE2VVT.JRTCKXETXF.6YS6EN2CT7,444249173000,USD,0.0000000000,0.0000000000,OnDemand,Bucket-Mo,,,,,,,,,,23742807738,,,,,,,,,,,,,,,
clfuqglw6naozsx4k47233qlfqcpdugxjndfu4uixp5sr3eut6cq,2026-04-16T19:00:00Z/2026-04-16T20:00:00Z,,"Amazon Web Services, Inc.",AWS,Anniversary,430155298731,2026-04-01T00:00:00Z,2026-05-01T00:00:00Z,430155298731,Usage,2026-04-16T19:00:00Z,2026-04-16T20:00:00Z,AmazonS3,EUN1-Requests-Tier2,HeadBucket,,fincloud-s3-demo,1.0000000000,,,USD,0.0000004000,0.0000004000,0.0000004000,0.0000004000,"$0.004 per 10,000 GET and all other requests",,"Amazon Web Services, Inc.",Amazon Simple Storage Service,,,,,,,,,,,,,,,,,,S3-API-Tier2,GET and all other requests,,,,,,,,,,EU (Stockholm),AWS Region,,,,,,,,,,,,,,,,API Request,,eu-north-1,eu-north-1,AmazonS3,Amazon Simple Storage Service,78XM3R8BT46YZKTU,,,,,,,,,EUN1-Requests-Tier2,,,,,78XM3R8BT46YZKTU.JRTCKXETXF.6YS6EN2CT7,444249172966,USD,0.0000004000,0.0000004000,OnDemand,Requests,,,,,,,,,,23742807738,,,,,,,,,,,,,,,
clfuqglw6naozsx4k47233qlfqcpdugxjndfu4uixp5sr3eut6cq,2026-04-16T22:00:00Z/2026-04-16T23:00:00Z,,"Amazon Web Services, Inc.",AWS,Anniversary,430155298731,2026-04-01T00:00:00Z,2026-05-01T00:00:00Z,430155298731,Usage,2026-04-16T22:00:00Z,2026-04-16T23:00:00Z,AmazonS3,EUN1-Requests-Tier2,HeadBucket,,fincloud-s3-demo,1.0000000000,,,USD,0.0000004000,0.0000004000,0.0000004000,0.0000004000,"$0.004 per 10,000 GET and all other requests",,"Amazon Web Services, Inc.",Amazon Simple Storage Service,,,,,,,,,,,,,,,,,,S3-API-Tier2,GET and all other requests,,,,,,,,,,EU (Stockholm),AWS Region,,,,,,,,,,,,,,,,API Request,,eu-north-1,eu-north-1,AmazonS3,Amazon Simple Storage Service,78XM3R8BT46YZKTU,,,,,,,,,EUN1-Requests-Tier2,,,,,78XM3R8BT46YZKTU.JRTCKXETXF.6YS6EN2CT7,444249172966,USD,0.0000004000,0.0000004000,OnDemand,Requests,,,,,,,,,,23742807738,,,,,,,,,,,,,,,
iqoqgkumtgys2ai57r5y3ezeisz4mc25n6acery6ct2g4mvvi6oa,2026-04-19T21:00:00Z/2026-04-19T22:00:00Z,,"Amazon Web Services, Inc.",AWS,Anniversary,430155298731,2026-04-01T00:00:00Z,2026-05-01T00:00:00Z,430155298731,Usage,2026-04-19T21:00:00Z,2026-04-19T22:00:00Z,AmazonS3,EUN1-Requests-Tier2,HeadBucket,,fincloud-data-xyz,1.0000000000,,,USD,0.0000004000,0.0000004000,0.0000004000,0.0000004000,"$0.004 per 10,000 GET and all other requests",,"Amazon Web Services, Inc.",Amazon Simple Storage Service,,,,,,,,,,,,,,,,,,S3-API-Tier2,GET and all other requests,,,,,,,,,,EU (Stockholm),AWS Region,,,,,,,,,,,,,,,,API Request,,eu-north-1,eu-north-1,AmazonS3,Amazon Simple Storage Service,78XM3R8BT46YZKTU,,,,,,,,,EUN1-Requests-Tier2,,,,,78XM3R8BT46YZKTU.JRTCKXETXF.6YS6EN2CT7,444249172966,USD,0.0000004000,0.0000004000,OnDemand,Requests,,,,,,,,,,23742807738,,,,,,,,,,,,,,,
iqoqgkumtgys2ai57r5y3ezeisz4mc25n6acery6ct2g4mvvi6oa,2026-04-19T22:00:00Z/2026-04-19T23:00:00Z,,"Amazon Web Services, Inc.",AWS,Anniversary,430155298731,2026-04-01T00:00:00Z,2026-05-01T00:00:00Z,430155298731,Usage,2026-04-19T22:00:00Z,2026-04-19T23:00:00Z,AmazonS3,EUN1-Requests-Tier2,HeadBucket,,fincloud-data-xyz,3.0000000000,,,USD,0.0000004000,0.0000012000,0.0000004000,0.0000012000,"$0.004 per 10,000 GET and all other requests",,"Amazon Web Services, Inc.",Amazon Simple Storage Service,,,,,,,,,,,,,,,,,,S3-API-Tier2,GET and all other requests,,,,,,,,,,EU (Stockholm),AWS Region,,,,,,,,,,,,,,,,API Request,,eu-north-1,eu-north-1,AmazonS3,Amazon Simple Storage Service,78XM3R8BT46YZKTU,,,,,,,,,EUN1-Requests-Tier2,,,,,78XM3R8BT46YZKTU.JRTCKXETXF.6YS6EN2CT7,444249172966,USD,0.0000012000,0.0000004000,OnDemand,Requests,,,,,,,,,,23742807738,,,,,,,,,,,,,,,
bbpscxt3qhzhawdjg5ltb53p2dkilwrmpiouiguczw6rs5u6qtxa,2026-04-19T22:00:00Z/2026-04-19T23:00:00Z,,"Amazon Web Services, Inc.",AWS,Anniversary,430155298731,2026-04-01T00:00:00Z,2026-05-01T00:00:00Z,430155298731,Usage,2026-04-19T22:00:00Z,2026-04-19T23:00:00Z,AmazonS3,EUN1-Requests-Tier2,HeadObject,,fincloud-data-xyz,3.0000000000,,,USD,0.0000004000,0.0000012000,0.0000004000,0.0000012000,"$0.004 per 10,000 GET and all other requests",,"Amazon Web Services, Inc.",Amazon Simple Storage Service,,,,,,,,,,,,,,,,,,S3-API-Tier2,GET and all other requests,,,,,,,,,,EU (Stockholm),AWS Region,,,,,,,,,,,,,,,,API Request,,eu-north-1,eu-north-1,AmazonS3,Amazon Simple Storage Service,78XM3R8BT46YZKTU,,,,,,,,,EUN1-Requests-Tier2,,,,,78XM3R8BT46YZKTU.JRTCKXETXF.6YS6EN2CT7,444249172966,USD,0.0000012000,0.0000004000,OnDemand,Requests,,,,,,,,,,23742807738,,,,,,,,,,,,,,,
u6b56ba5ewzcuxlqzg3gyroe32sr6rlezopl2dngqslo6lusjbja,2026-04-16T19:00:00Z/2026-04-16T20:00:00Z,,"Amazon Web Services, Inc.",AWS,Anniversary,430155298731,2026-04-01T00:00:00Z,2026-05-01T00:00:00Z,430155298731,Usage,2026-04-16T19:00:00Z,2026-04-16T20:00:00Z,AmazonS3,EUN1-Requests-Tier2,ReadBucketOwnershipControls,,fincloud-s3-demo,2.0000000000,,,USD,0.0000004000,0.0000008000,0.0000004000,0.0000008000,"$0.004 per 10,000 GET and all other requests",,"Amazon Web Services, Inc.",Amazon Simple Storage Service,,,,,,,,,,,,,,,,,,S3-API-Tier2,GET and all other requests,,,,,,,,,,EU (Stockholm),AWS Region,,,,,,,,,,,,,,,,API Request,,eu-north-1,eu-north-1,AmazonS3,Amazon Simple Storage Service,78XM3R8BT46YZKTU,,,,,,,,,EUN1-Requests-Tier2,,,,,78XM3R8BT46YZKTU.JRTCKXETXF.6YS6EN2CT7,444249172966,USD,0.0000008000,0.0000004000,OnDemand,Requests,,,,,,,,,,23742807738,,,,,,,,,,,,,,,
u6b56ba5ewzcuxlqzg3gyroe32sr6rlezopl2dngqslo6lusjbja,2026-04-16T22:00:00Z/2026-04-16T23:00:00Z,,"Amazon Web Services, Inc.",AWS,Anniversary,430155298731,2026-04-01T00:00:00Z,2026-05-01T00:00:00Z,430155298731,Usage,2026-04-16T22:00:00Z,2026-04-16T23:00:00Z,AmazonS3,EUN1-Requests-Tier2,ReadBucketOwnershipControls,,fincloud-s3-demo,1.0000000000,,,USD,0.0000004000,0.0000004000,0.0000004000,0.0000004000,"$0.004 per 10,000 GET and all other requests",,"Amazon Web Services, Inc.",Amazon Simple Storage Service,,,,,,,,,,,,,,,,,,S3-API-Tier2,GET and all other requests,,,,,,,,,,EU (Stockholm),AWS Region,,,,,,,,,,,,,,,,API Request,,eu-north-1,eu-north-1,AmazonS3,Amazon Simple Storage Service,78XM3R8BT46YZKTU,,,,,,,,,EUN1-Requests-Tier2,,,,,78XM3R8BT46YZKTU.JRTCKXETXF.6YS6EN2CT7,444249172966,USD,0.0000004000,0.0000004000,OnDemand,Requests,,,,,,,,,,23742807738,,,,,,,,,,,,,,,
t3hz3sw6ribkjekcmgxkob3bdrprdxe2wqcssrqtnhnoh4z4fxhq,2026-04-19T21:00:00Z/2026-04-19T22:00:00Z,,"Amazon Web Services, Inc.",AWS,Anniversary,430155298731,2026-04-01T00:00:00Z,2026-05-01T00:00:00Z,430155298731,Usage,2026-04-19T21:00:00Z,2026-04-19T22:00:00Z,AmazonS3,EUN1-Requests-Tier2,ReadBucketOwnershipControls,,fincloud-data-xyz,2.0000000000,,,USD,0.0000004000,0.0000008000,0.0000004000,0.0000008000,"$0.004 per 10,000 GET and all other requests",,"Amazon Web Services, Inc.",Amazon Simple Storage Service,,,,,,,,,,,,,,,,,,S3-API-Tier2,GET and all other requests,,,,,,,,,,EU (Stockholm),AWS Region,,,,,,,,,,,,,,,,API Request,,eu-north-1,eu-north-1,AmazonS3,Amazon Simple Storage Service,78XM3R8BT46YZKTU,,,,,,,,,EUN1-Requests-Tier2,,,,,78XM3R8BT46YZKTU.JRTCKXETXF.6YS6EN2CT7,444249172966,USD,0.0000008000,0.0000004000,OnDemand,Requests,,,,,,,,,,23742807738,,,,,,,,,,,,,,,
t3hz3sw6ribkjekcmgxkob3bdrprdxe2wqcssrqtnhnoh4z4fxhq,2026-04-19T22:00:00Z/2026-04-19T23:00:00Z,,"Amazon Web Services, Inc.",AWS,Anniversary,430155298731,2026-04-01T00:00:00Z,2026-05-01T00:00:00Z,430155298731,Usage,2026-04-19T22:00:00Z,2026-04-19T23:00:00Z,AmazonS3,EUN1-Requests-Tier2,ReadBucketOwnershipControls,,fincloud-data-xyz,2.0000000000,,,USD,0.0000004000,0.0000008000,0.0000004000,0.0000008000,"$0.004 per 10,000 GET and all other requests",,"Amazon Web Services, Inc.",Amazon Simple Storage Service,,,,,,,,,,,,,,,,,,S3-API-Tier2,GET and all other requests,,,,,,,,,,EU (Stockholm),AWS Region,,,,,,,,,,,,,,,,API Request,,eu-north-1,eu-north-1,AmazonS3,Amazon Simple Storage Service,78XM3R8BT46YZKTU,,,,,,,,,EUN1-Requests-Tier2,,,,,78XM3R8BT46YZKTU.JRTCKXETXF.6YS6EN2CT7,444249172966,USD,0.0000008000,0.0000004000,OnDemand,Requests,,,,,,,,,,23742807738,,,,,,,,,,,,,,,
khw7nhugays7wlktf64idg6myh7f54xp7csjb22s4fc6vt6m7enq,2026-04-16T22:00:00Z/2026-04-16T23:00:00Z,,"Amazon Web Services, Inc.",AWS,Anniversary,430155298731,2026-04-01T00:00:00Z,2026-05-01T00:00:00Z,430155298731,Usage,2026-04-16T22:00:00Z,2026-04-16T23:00:00Z,AmazonS3,EUN1-Requests-Tier2,ReadBucketPolicy,,fincloud-s3-demo,1.0000000000,,,USD,0.0000004000,0.0000004000,0.0000004000,0.0000004000,"$0.004 per 10,000 GET and all other requests",,"Amazon Web Services, Inc.",Amazon Simple Storage Service,,,,,,,,,,,,,,,,,,S3-API-Tier2,GET and all other requests,,,,,,,,,,EU (Stockholm),AWS Region,,,,,,,,,,,,,,,,API Request,,eu-north-1,eu-north-1,AmazonS3,Amazon Simple Storage Service,78XM3R8BT46YZKTU,,,,,,,,,EUN1-Requests-Tier2,,,,,78XM3R8BT46YZKTU.JRTCKXETXF.6YS6EN2CT7,444249172966,USD,0.0000004000,0.0000004000,OnDemand,Requests,,,,,,,,,,23742807738,,,,,,,,,,,,,,,
y6qyjkpbovicxolgfe3p4zxyggqg3i3hdyzm5w6wayhdp2f7egmq,2026-04-19T22:00:00Z/2026-04-19T23:00:00Z,,"Amazon Web Services, Inc.",AWS,Anniversary,430155298731,2026-04-01T00:00:00Z,2026-05-01T00:00:00Z,430155298731,Usage,2026-04-19T22:00:00Z,2026-04-19T23:00:00Z,AmazonS3,EUN1-Requests-Tier2,ReadBucketPolicy,,fincloud-data-xyz,1.0000000000,,,USD,0.0000004000,0.0000004000,0.0000004000,0.0000004000,"$0.004 per 10,000 GET and all other requests",,"Amazon Web Services, Inc.",Amazon Simple Storage Service,,,,,,,,,,,,,,,,,,S3-API-Tier2,GET and all other requests,,,,,,,,,,EU (Stockholm),AWS Region,,,,,,,,,,,,,,,,API Request,,eu-north-1,eu-north-1,AmazonS3,Amazon Simple Storage Service,78XM3R8BT46YZKTU,,,,,,,,,EUN1-Requests-Tier2,,,,,78XM3R8BT46YZKTU.JRTCKXETXF.6YS6EN2CT7,444249172966,USD,0.0000004000,0.0000004000,OnDemand,Requests,,,,,,,,,,23742807738,,,,,,,,,,,,,,,
pt2dejxj5v7iu6rhvaizduje2rcybgf3fjx6f47jmjcjjak56txq,2026-04-16T19:00:00Z/2026-04-16T20:00:00Z,,"Amazon Web Services, Inc.",AWS,Anniversary,430155298731,2026-04-01T00:00:00Z,2026-05-01T00:00:00Z,430155298731,Usage,2026-04-16T19:00:00Z,2026-04-16T20:00:00Z,AmazonS3,EUN1-Requests-Tier2,ReadBucketPublicAccessBlock,,fincloud-s3-demo,1.0000000000,,,USD,0.0000004000,0.0000004000,0.0000004000,0.0000004000,"$0.004 per 10,000 GET and all other requests",,"Amazon Web Services, Inc.",Amazon Simple Storage Service,,,,,,,,,,,,,,,,,,S3-API-Tier2,GET and all other requests,,,,,,,,,,EU (Stockholm),AWS Region,,,,,,,,,,,,,,,,API Request,,eu-north-1,eu-north-1,AmazonS3,Amazon Simple Storage Service,78XM3R8BT46YZKTU,,,,,,,,,EUN1-Requests-Tier2,,,,,78XM3R8BT46YZKTU.JRTCKXETXF.6YS6EN2CT7,444249172966,USD,0.0000004000,0.0000004000,OnDemand,Requests,,,,,,,,,,23742807738,,,,,,,,,,,,,,,
ipntrywlzo6vzrefdg4qvcvhyv6zs5k6dbaqpevtanxy35psatga,2026-04-19T21:00:00Z/2026-04-19T22:00:00Z,,"Amazon Web Services, Inc.",AWS,Anniversary,430155298731,2026-04-01T00:00:00Z,2026-05-01T00:00:00Z,430155298731,Usage,2026-04-19T21:00:00Z,2026-04-19T22:00:00Z,AmazonS3,EUN1-Requests-Tier2,ReadBucketPublicAccessBlock,,fincloud-data-xyz,1.0000000000,,,USD,0.0000004000,0.0000004000,0.0000004000,0.0000004000,"$0.004 per 10,000 GET and all other requests",,"Amazon Web Services, Inc.",Amazon Simple Storage Service,,,,,,,,,,,,,,,,,,S3-API-Tier2,GET and all other requests,,,,,,,,,,EU (Stockholm),AWS Region,,,,,,,,,,,,,,,,API Request,,eu-north-1,eu-north-1,AmazonS3,Amazon Simple Storage Service,78XM3R8BT46YZKTU,,,,,,,,,EUN1-Requests-Tier2,,,,,78XM3R8BT46YZKTU.JRTCKXETXF.6YS6EN2CT7,444249172966,USD,0.0000004000,0.0000004000,OnDemand,Requests,,,,,,,,,,23742807738,,,,,,,,,,,,,,,
hqz7gjnzuef7y7mrns4dhn5l7ol625qkcpmg4hdmndnbuoap5rwa,2026-04-16T19:00:00Z/2026-04-16T20:00:00Z,,"Amazon Web Services, Inc.",AWS,Anniversary,430155298731,2026-04-01T00:00:00Z,2026-05-01T00:00:00Z,430155298731,Usage,2026-04-16T19:00:00Z,2026-04-16T20:00:00Z,AmazonS3,EUN1-Requests-Tier2,ReadBucketServerSideEncryption,,fincloud-s3-demo,3.0000000000,,,USD,0.0000004000,0.0000012000,0.0000004000,0.0000012000,"$0.004 per 10,000 GET and all other requests",,"Amazon Web Services, Inc.",Amazon Simple Storage Service,,,,,,,,,,,,,,,,,,S3-API-Tier2,GET and all other requests,,,,,,,,,,EU (Stockholm),AWS Region,,,,,,,,,,,,,,,,API Request,,eu-north-1,eu-north-1,AmazonS3,Amazon Simple Storage Service,78XM3R8BT46YZKTU,,,,,,,,,EUN1-Requests-Tier2,,,,,78XM3R8BT46YZKTU.JRTCKXETXF.6YS6EN2CT7,444249172966,USD,0.0000012000,0.0000004000,OnDemand,Requests,,,,,,,,,,23742807738,,,,,,,,,,,,,,,
pojyrzlcmf7cqm3zjpjttxhvyjrsckuylbciqwsufqikrmrhp7ta,2026-04-19T21:00:00Z/2026-04-19T22:00:00Z,,"Amazon Web Services, Inc.",AWS,Anniversary,430155298731,2026-04-01T00:00:00Z,2026-05-01T00:00:00Z,430155298731,Usage,2026-04-19T21:00:00Z,2026-04-19T22:00:00Z,AmazonS3,EUN1-Requests-Tier2,ReadBucketServerSideEncryption,,fincloud-data-xyz,3.0000000000,,,USD,0.0000004000,0.0000012000,0.0000004000,0.0000012000,"$0.004 per 10,000 GET and all other requests",,"Amazon Web Services, Inc.",Amazon Simple Storage Service,,,,,,,,,,,,,,,,,,S3-API-Tier2,GET and all other requests,,,,,,,,,,EU (Stockholm),AWS Region,,,,,,,,,,,,,,,,API Request,,eu-north-1,eu-north-1,AmazonS3,Amazon Simple Storage Service,78XM3R8BT46YZKTU,,,,,,,,,EUN1-Requests-Tier2,,,,,78XM3R8BT46YZKTU.JRTCKXETXF.6YS6EN2CT7,444249172966,USD,0.0000012000,0.0000004000,OnDemand,Requests,,,,,,,,,,23742807738,,,,,,,,,,,,,,,
pojyrzlcmf7cqm3zjpjttxhvyjrsckuylbciqwsufqikrmrhp7ta,2026-04-19T22:00:00Z/2026-04-19T23:00:00Z,,"Amazon Web Services, Inc.",AWS,Anniversary,430155298731,2026-04-01T00:00:00Z,2026-05-01T00:00:00Z,430155298731,Usage,2026-04-19T22:00:00Z,2026-04-19T23:00:00Z,AmazonS3,EUN1-Requests-Tier2,ReadBucketServerSideEncryption,,fincloud-data-xyz,2.0000000000,,,USD,0.0000004000,0.0000008000,0.0000004000,0.0000008000,"$0.004 per 10,000 GET and all other requests",,"Amazon Web Services, Inc.",Amazon Simple Storage Service,,,,,,,,,,,,,,,,,,S3-API-Tier2,GET and all other requests,,,,,,,,,,EU (Stockholm),AWS Region,,,,,,,,,,,,,,,,API Request,,eu-north-1,eu-north-1,AmazonS3,Amazon Simple Storage Service,78XM3R8BT46YZKTU,,,,,,,,,EUN1-Requests-Tier2,,,,,78XM3R8BT46YZKTU.JRTCKXETXF.6YS6EN2CT7,444249172966,USD,0.0000008000,0.0000004000,OnDemand,Requests,,,,,,,,,,23742807738,,,,,,,,,,,,,,,
cuaqovvkyadmm4ivcqaublp2vb5ilzsuj757tndv7qbhdqriwcfq,2026-04-16T19:00:00Z/2026-04-16T20:00:00Z,,"Amazon Web Services, Inc.",AWS,Anniversary,430155298731,2026-04-01T00:00:00Z,2026-05-01T00:00:00Z,430155298731,Usage,2026-04-16T19:00:00Z,2026-04-16T20:00:00Z,AmazonS3,EUN1-Requests-Tier2,ReadLogProps,,fincloud-s3-demo,1.0000000000,,,USD,0.0000004000,0.0000004000,0.0000004000,0.0000004000,"$0.004 per 10,000 GET and all other requests",,"Amazon Web Services, Inc.",Amazon Simple Storage Service,,,,,,,,,,,,,,,,,,S3-API-Tier2,GET and all other requests,,,,,,,,,,EU (Stockholm),AWS Region,,,,,,,,,,,,,,,,API Request,,eu-north-1,eu-north-1,AmazonS3,Amazon Simple Storage Service,78XM3R8BT46YZKTU,,,,,,,,,EUN1-Requests-Tier2,,,,,78XM3R8BT46YZKTU.JRTCKXETXF.6YS6EN2CT7,444249172966,USD,0.0000004000,0.0000004000,OnDemand,Requests,,,,,,,,,,23742807738,,,,,,,,,,,,,,,
tymynzn6muy5h2kohez72wnqbh5k4vu36oszy76uxrsvfsfort2q,2026-04-19T21:00:00Z/2026-04-19T22:00:00Z,,"Amazon Web Services, Inc.",AWS,Anniversary,430155298731,2026-04-01T00:00:00Z,2026-05-01T00:00:00Z,430155298731,Usage,2026-04-19T21:00:00Z,2026-04-19T22:00:00Z,AmazonS3,EUN1-Requests-Tier2,ReadLogProps,,fincloud-data-xyz,1.0000000000,,,USD,0.0000004000,0.0000004000,0.0000004000,0.0000004000,"$0.004 per 10,000 GET and all other requests",,"Amazon Web Services, Inc.",Amazon Simple Storage Service,,,,,,,,,,,,,,,,,,S3-API-Tier2,GET and all other requests,,,,,,,,,,EU (Stockholm),AWS Region,,,,,,,,,,,,,,,,API Request,,eu-north-1,eu-north-1,AmazonS3,Amazon Simple Storage Service,78XM3R8BT46YZKTU,,,,,,,,,EUN1-Requests-Tier2,,,,,78XM3R8BT46YZKTU.JRTCKXETXF.6YS6EN2CT7,444249172966,USD,0.0000004000,0.0000004000,OnDemand,Requests,,,,,,,,,,23742807738,,,,,,,,,,,,,,,
uqvp4vnanzyfctaxey2ecgx46jx6oltwu3a4sakggizlt5yor7pq,2026-04-19T22:00:00Z/2026-04-19T23:00:00Z,,"Amazon Web Services, Inc.",AWS,Anniversary,430155298731,2026-04-01T00:00:00Z,2026-05-01T00:00:00Z,430155298731,Usage,2026-04-19T22:00:00Z,2026-04-19T23:00:00Z,AmazonS3,EUN1-Requests-Tier2,ReadObjectTagging,,fincloud-data-xyz,1.0000000000,,,USD,0.0000004000,0.0000004000,0.0000004000,0.0000004000,"$0.004 per 10,000 GET and all other requests",,"Amazon Web Services, Inc.",Amazon Simple Storage Service,,,,,,,,,,,,,,,,,,S3-API-Tier2,GET and all other requests,,,,,,,,,,EU (Stockholm),AWS Region,,,,,,,,,,,,,,,,API Request,,eu-north-1,eu-north-1,AmazonS3,Amazon Simple Storage Service,78XM3R8BT46YZKTU,,,,,,,,,EUN1-Requests-Tier2,,,,,78XM3R8BT46YZKTU.JRTCKXETXF.6YS6EN2CT7,444249172966,USD,0.0000004000,0.0000004000,OnDemand,Requests,,,,,,,,,,23742807738,,,,,,,,,,,,,,,
4ndu6u2fc2x3rnm346nyozs4dhpcdgl3hrxknjx3jk6fernc5xyq,2026-04-16T19:00:00Z/2026-04-16T20:00:00Z,,"Amazon Web Services, Inc.",AWS,Anniversary,430155298731,2026-04-01T00:00:00Z,2026-05-01T00:00:00Z,430155298731,Usage,2026-04-16T19:00:00Z,2026-04-16T20:00:00Z,AmazonS3,EUN1-Requests-Tier2,ReadVersioningProps,,fincloud-s3-demo,3.0000000000,,,USD,0.0000004000,0.0000012000,0.0000004000,0.0000012000,"$0.004 per 10,000 GET and all other requests",,"Amazon Web Services, Inc.",Amazon Simple Storage Service,,,,,,,,,,,,,,,,,,S3-API-Tier2,GET and all other requests,,,,,,,,,,EU (Stockholm),AWS Region,,,,,,,,,,,,,,,,API Request,,eu-north-1,eu-north-1,AmazonS3,Amazon Simple Storage Service,78XM3R8BT46YZKTU,,,,,,,,,EUN1-Requests-Tier2,,,,,78XM3R8BT46YZKTU.JRTCKXETXF.6YS6EN2CT7,444249172966,USD,0.0000012000,0.0000004000,OnDemand,Requests,,,,,,,,,,23742807738,,,,,,,,,,,,,,,
4ndu6u2fc2x3rnm346nyozs4dhpcdgl3hrxknjx3jk6fernc5xyq,2026-04-16T22:00:00Z/2026-04-16T23:00:00Z,,"Amazon Web Services, Inc.",AWS,Anniversary,430155298731,2026-04-01T00:00:00Z,2026-05-01T00:00:00Z,430155298731,Usage,2026-04-16T22:00:00Z,2026-04-16T23:00:00Z,AmazonS3,EUN1-Requests-Tier2,ReadVersioningProps,,fincloud-s3-demo,7.0000000000,,,USD,0.0000004000,0.0000028000,0.0000004000,0.0000028000,"$0.004 per 10,000 GET and all other requests",,"Amazon Web Services, Inc.",Amazon Simple Storage Service,,,,,,,,,,,,,,,,,,S3-API-Tier2,GET and all other requests,,,,,,,,,,EU (Stockholm),AWS Region,,,,,,,,,,,,,,,,API Request,,eu-north-1,eu-north-1,AmazonS3,Amazon Simple Storage Service,78XM3R8BT46YZKTU,,,,,,,,,EUN1-Requests-Tier2,,,,,78XM3R8BT46YZKTU.JRTCKXETXF.6YS6EN2CT7,444249172966,USD,0.0000028000,0.0000004000,OnDemand,Requests,,,,,,,,,,23742807738,,,,,,,,,,,,,,,
l3lebmpwy6czqdayfzt7a3uhuu7bckmlo3jxcjxufsjvc7mamu3a,2026-04-19T21:00:00Z/2026-04-19T22:00:00Z,,"Amazon Web Services, Inc.",AWS,Anniversary,430155298731,2026-04-01T00:00:00Z,2026-05-01T00:00:00Z,430155298731,Usage,2026-04-19T21:00:00Z,2026-04-19T22:00:00Z,AmazonS3,EUN1-Requests-Tier2,ReadVersioningProps,,fincloud-data-xyz,3.0000000000,,,USD,0.0000004000,0.0000012000,0.0000004000,0.0000012000,"$0.004 per 10,000 GET and all other requests",,"Amazon Web Services, Inc.",Amazon Simple Storage Service,,,,,,,,,,,,,,,,,,S3-API-Tier2,GET and all other requests,,,,,,,,,,EU (Stockholm),AWS Region,,,,,,,,,,,,,,,,API Request,,eu-north-1,eu-north-1,AmazonS3,Amazon Simple Storage Service,78XM3R8BT46YZKTU,,,,,,,,,EUN1-Requests-Tier2,,,,,78XM3R8BT46YZKTU.JRTCKXETXF.6YS6EN2CT7,444249172966,USD,0.0000012000,0.0000004000,OnDemand,Requests,,,,,,,,,,23742807738,,,,,,,,,,,,,,,
l3lebmpwy6czqdayfzt7a3uhuu7bckmlo3jxcjxufsjvc7mamu3a,2026-04-19T22:00:00Z/2026-04-19T23:00:00Z,,"Amazon Web Services, Inc.",AWS,Anniversary,430155298731,2026-04-01T00:00:00Z,2026-05-01T00:00:00Z,430155298731,Usage,2026-04-19T22:00:00Z,2026-04-19T23:00:00Z,AmazonS3,EUN1-Requests-Tier2,ReadVersioningProps,,fincloud-data-xyz,11.0000000000,,,USD,0.0000004000,0.0000044000,0.0000004000,0.0000044000,"$0.004 per 10,000 GET and all other requests",,"Amazon Web Services, Inc.",Amazon Simple Storage Service,,,,,,,,,,,,,,,,,,S3-API-Tier2,GET and all other requests,,,,,,,,,,EU (Stockholm),AWS Region,,,,,,,,,,,,,,,,API Request,,eu-north-1,eu-north-1,AmazonS3,Amazon Simple Storage Service,78XM3R8BT46YZKTU,,,,,,,,,EUN1-Requests-Tier2,,,,,78XM3R8BT46YZKTU.JRTCKXETXF.6YS6EN2CT7,444249172966,USD,0.0000044000,0.0000004000,OnDemand,Requests,,,,,,,,,,23742807738,,,,,,,,,,,,,,,
f3oac7x5dwfzmcltfrtbqjq2gtooxnmngus6bjpb5vobp5tpx5ha,2026-04-20T08:00:00Z/2026-04-20T09:00:00Z,,"Amazon Web Services, Inc.",AWS,Anniversary,430155298731,2026-04-01T00:00:00Z,2026-05-01T00:00:00Z,430155298731,Usage,2026-04-20T08:00:00Z,2026-04-20T09:00:00Z,AmazonS3,Requests-Tier2,GetObject,,fincloud-cur-bucket-123,2.0000000000,,,USD,0.0000004000,0.0000008000,0.0000004000,0.0000008000,"$0.004 per 10,000 GET and all other requests",,"Amazon Web Services, Inc.",Amazon Simple Storage Service,,,,,,,,,,,,,,,,,,S3-API-Tier2,GET and all other requests,,,,,,,,,,US East (N. Virginia),AWS Region,,,,,,,,,,,,,,,,API Request,,us-east-1,us-east-1,AmazonS3,Amazon Simple Storage Service,ZWQ6Q48CRJXX4FXE,,,,,,,,,Requests-Tier2,,,,,ZWQ6Q48CRJXX4FXE.JRTCKXETXF.6YS6EN2CT7,444249164969,USD,0.0000008000,0.0000004000,OnDemand,Requests,,,,,,,,,,23742807738,,,,,,,,,,,,,,,
f3oac7x5dwfzmcltfrtbqjq2gtooxnmngus6bjpb5vobp5tpx5ha,2026-04-20T20:00:00Z/2026-04-20T21:00:00Z,,"Amazon Web Services, Inc.",AWS,Anniversary,430155298731,2026-04-01T00:00:00Z,2026-05-01T00:00:00Z,430155298731,Usage,2026-04-20T20:00:00Z,2026-04-20T21:00:00Z,AmazonS3,Requests-Tier2,GetObject,,fincloud-cur-bucket-123,1.0000000000,,,USD,0.0000004000,0.0000004000,0.0000004000,0.0000004000,"$0.004 per 10,000 GET and all other requests",,"Amazon Web Services, Inc.",Amazon Simple Storage Service,,,,,,,,,,,,,,,,,,S3-API-Tier2,GET and all other requests,,,,,,,,,,US East (N. Virginia),AWS Region,,,,,,,,,,,,,,,,API Request,,us-east-1,us-east-1,AmazonS3,Amazon Simple Storage Service,ZWQ6Q48CRJXX4FXE,,,,,,,,,Requests-Tier2,,,,,ZWQ6Q48CRJXX4FXE.JRTCKXETXF.6YS6EN2CT7,444249164969,USD,0.0000004000,0.0000004000,OnDemand,Requests,,,,,,,,,,23742807738,,,,,,,,,,,,,,,
f3oac7x5dwfzmcltfrtbqjq2gtooxnmngus6bjpb5vobp5tpx5ha,2026-04-21T08:00:00Z/2026-04-21T09:00:00Z,,"Amazon Web Services, Inc.",AWS,Anniversary,430155298731,2026-04-01T00:00:00Z,2026-05-01T00:00:00Z,430155298731,Usage,2026-04-21T08:00:00Z,2026-04-21T09:00:00Z,AmazonS3,Requests-Tier2,GetObject,,fincloud-cur-bucket-123,2.0000000000,,,USD,0.0000004000,0.0000008000,0.0000004000,0.0000008000,"$0.004 per 10,000 GET and all other requests",,"Amazon Web Services, Inc.",Amazon Simple Storage Service,,,,,,,,,,,,,,,,,,S3-API-Tier2,GET and all other requests,,,,,,,,,,US East (N. Virginia),AWS Region,,,,,,,,,,,,,,,,API Request,,us-east-1,us-east-1,AmazonS3,Amazon Simple Storage Service,ZWQ6Q48CRJXX4FXE,,,,,,,,,Requests-Tier2,,,,,ZWQ6Q48CRJXX4FXE.JRTCKXETXF.6YS6EN2CT7,444249164969,USD,0.0000008000,0.0000004000,OnDemand,Requests,,,,,,,,,,23742807738,,,,,,,,,,,,,,,
f3oac7x5dwfzmcltfrtbqjq2gtooxnmngus6bjpb5vobp5tpx5ha,2026-04-21T12:00:00Z/2026-04-21T13:00:00Z,,"Amazon Web Services, Inc.",AWS,Anniversary,430155298731,2026-04-01T00:00:00Z,2026-05-01T00:00:00Z,430155298731,Usage,2026-04-21T12:00:00Z,2026-04-21T13:00:00Z,AmazonS3,Requests-Tier2,GetObject,,fincloud-cur-bucket-123,2.0000000000,,,USD,0.0000004000,0.0000008000,0.0000004000,0.0000008000,"$0.004 per 10,000 GET and all other requests",,"Amazon Web Services, Inc.",Amazon Simple Storage Service,,,,,,,,,,,,,,,,,,S3-API-Tier2,GET and all other requests,,,,,,,,,,US East (N. Virginia),AWS Region,,,,,,,,,,,,,,,,API Request,,us-east-1,us-east-1,AmazonS3,Amazon Simple Storage Service,ZWQ6Q48CRJXX4FXE,,,,,,,,,Requests-Tier2,,,,,ZWQ6Q48CRJXX4FXE.JRTCKXETXF.6YS6EN2CT7,444249164969,USD,0.0000008000,0.0000004000,OnDemand,Requests,,,,,,,,,,23742807738,,,,,,,,,,,,,,,
vscpswnubi6guxvcy6kqz2tpp567cjenuu5js2prgkygt6emxika,2026-04-19T20:00:00Z/2026-04-19T21:00:00Z,,"Amazon Web Services, Inc.",AWS,Anniversary,430155298731,2026-04-01T00:00:00Z,2026-05-01T00:00:00Z,430155298731,Usage,2026-04-19T20:00:00Z,2026-04-19T21:00:00Z,AmazonS3,Requests-Tier2,HeadBucket,,fincloud-cur-bucket-123,1.0000000000,,,USD,0.0000004000,0.0000004000,0.0000004000,0.0000004000,"$0.004 per 10,000 GET and all other requests",,"Amazon Web Services, Inc.",Amazon Simple Storage Service,,,,,,,,,,,,,,,,,,S3-API-Tier2,GET and all other requests,,,,,,,,,,US East (N. Virginia),AWS Region,,,,,,,,,,,,,,,,API Request,,us-east-1,us-east-1,AmazonS3,Amazon Simple Storage Service,ZWQ6Q48CRJXX4FXE,,,,,,,,,Requests-Tier2,,,,,ZWQ6Q48CRJXX4FXE.JRTCKXETXF.6YS6EN2CT7,444249164969,USD,0.0000004000,0.0000004000,OnDemand,Requests,,,,,,,,,,23742807738,,,,,,,,,,,,,,,
vscpswnubi6guxvcy6kqz2tpp567cjenuu5js2prgkygt6emxika,2026-04-19T22:00:00Z/2026-04-19T23:00:00Z,,"Amazon Web Services, Inc.",AWS,Anniversary,430155298731,2026-04-01T00:00:00Z,2026-05-01T00:00:00Z,430155298731,Usage,2026-04-19T22:00:00Z,2026-04-19T23:00:00Z,AmazonS3,Requests-Tier2,HeadBucket,,fincloud-cur-bucket-123,2.0000000000,,,USD,0.0000004000,0.0000008000,0.0000004000,0.0000008000,"$0.004 per 10,000 GET and all other requests",,"Amazon Web Services, Inc.",Amazon Simple Storage Service,,,,,,,,,,,,,,,,,,S3-API-Tier2,GET and all other requests,,,,,,,,,,US East (N. Virginia),AWS Region,,,,,,,,,,,,,,,,API Request,,us-east-1,us-east-1,AmazonS3,Amazon Simple Storage Service,ZWQ6Q48CRJXX4FXE,,,,,,,,,Requests-Tier2,,,,,ZWQ6Q48CRJXX4FXE.JRTCKXETXF.6YS6EN2CT7,444249164969,USD,0.0000008000,0.0000004000,OnDemand,Requests,,,,,,,,,,23742807738,,,,,,,,,,,,,,,
vscpswnubi6guxvcy6kqz2tpp567cjenuu5js2prgkygt6emxika,2026-04-20T08:00:00Z/2026-04-20T09:00:00Z,,"Amazon Web Services, Inc.",AWS,Anniversary,430155298731,2026-04-01T00:00:00Z,2026-05-01T00:00:00Z,430155298731,Usage,2026-04-20T08:00:00Z,2026-04-20T09:00:00Z,AmazonS3,Requests-Tier2,HeadBucket,,fincloud-cur-bucket-123,2.0000000000,,,USD,0.0000004000,0.0000008000,0.0000004000,0.0000008000,"$0.004 per 10,000 GET and all other requests",,"Amazon Web Services, Inc.",Amazon Simple Storage Service,,,,,,,,,,,,,,,,,,S3-API-Tier2,GET and all other requests,,,,,,,,,,US East (N. Virginia),AWS Region,,,,,,,,,,,,,,,,API Request,,us-east-1,us-east-1,AmazonS3,Amazon Simple Storage Service,ZWQ6Q48CRJXX4FXE,,,,,,,,,Requests-Tier2,,,,,ZWQ6Q48CRJXX4FXE.JRTCKXETXF.6YS6EN2CT7,444249164969,USD,0.0000008000,0.0000004000,OnDemand,Requests,,,,,,,,,,23742807738,,,,,,,,,,,,,,,
vscpswnubi6guxvcy6kqz2tpp567cjenuu5js2prgkygt6emxika,2026-04-20T20:00:00Z/2026-04-20T21:00:00Z,,"Amazon Web Services, Inc.",AWS,Anniversary,430155298731,2026-04-01T00:00:00Z,2026-05-01T00:00:00Z,430155298731,Usage,2026-04-20T20:00:00Z,2026-04-20T21:00:00Z,AmazonS3,Requests-Tier2,HeadBucket,,fincloud-cur-bucket-123,2.0000000000,,,USD,0.0000004000,0.0000008000,0.0000004000,0.0000008000,"$0.004 per 10,000 GET and all other requests",,"Amazon Web Services, Inc.",Amazon Simple Storage Service,,,,,,,,,,,,,,,,,,S3-API-Tier2,GET and all other requests,,,,,,,,,,US East (N. Virginia),AWS Region,,,,,,,,,,,,,,,,API Request,,us-east-1,us-east-1,AmazonS3,Amazon Simple Storage Service,ZWQ6Q48CRJXX4FXE,,,,,,,,,Requests-Tier2,,,,,ZWQ6Q48CRJXX4FXE.JRTCKXETXF.6YS6EN2CT7,444249164969,USD,0.0000008000,0.0000004000,OnDemand,Requests,,,,,,,,,,23742807738,,,,,,,,,,,,,,,
yriojsv7twmzct4atcfxuuw4b6kpjmf3f7vceezl3maq6sffjxbq,2026-04-20T20:00:00Z/2026-04-20T21:00:00Z,,"Amazon Web Services, Inc.",AWS,Anniversary,430155298731,2026-04-01T00:00:00Z,2026-05-01T00:00:00Z,430155298731,Usage,2026-04-20T20:00:00Z,2026-04-20T21:00:00Z,AmazonS3,Requests-Tier2,HeadBucket,,fincloud-data-123,2.0000000000,,,USD,0.0000004000,0.0000008000,0.0000004000,0.0000008000,"$0.004 per 10,000 GET and all other requests",,"Amazon Web Services, Inc.",Amazon Simple Storage Service,,,,,,,,,,,,,,,,,,S3-API-Tier2,GET and all other requests,,,,,,,,,,US East (N. Virginia),AWS Region,,,,,,,,,,,,,,,,API Request,,us-east-1,us-east-1,AmazonS3,Amazon Simple Storage Service,ZWQ6Q48CRJXX4FXE,,,,,,,,,Requests-Tier2,,,,,ZWQ6Q48CRJXX4FXE.JRTCKXETXF.6YS6EN2CT7,444249164969,USD,0.0000008000,0.0000004000,OnDemand,Requests,,,,,,,,,,23742807738,,,,,,,,,,,,,,,
vscpswnubi6guxvcy6kqz2tpp567cjenuu5js2prgkygt6emxika,2026-04-20T21:00:00Z/2026-04-20T22:00:00Z,,"Amazon Web Services, Inc.",AWS,Anniversary,430155298731,2026-04-01T00:00:00Z,2026-05-01T00:00:00Z,430155298731,Usage,2026-04-20T21:00:00Z,2026-04-20T22:00:00Z,AmazonS3,Requests-Tier2,HeadBucket,,fincloud-cur-bucket-123,2.0000000000,,,USD,0.0000004000,0.0000008000,0.0000004000,0.0000008000,"$0.004 per 10,000 GET and all other requests",,"Amazon Web Services, Inc.",Amazon Simple Storage Service,,,,,,,,,,,,,,,,,,S3-API-Tier2,GET and all other requests,,,,,,,,,,US East (N. Virginia),AWS Region,,,,,,,,,,,,,,,,API Request,,us-east-1,us-east-1,AmazonS3,Amazon Simple Storage Service,ZWQ6Q48CRJXX4FXE,,,,,,,,,Requests-Tier2,,,,,ZWQ6Q48CRJXX4FXE.JRTCKXETXF.6YS6EN2CT7,444249164969,USD,0.0000008000,0.0000004000,OnDemand,Requests,,,,,,,,,,23742807738,,,,,,,,,,,,,,,
yriojsv7twmzct4atcfxuuw4b6kpjmf3f7vceezl3maq6sffjxbq,2026-04-20T21:00:00Z/2026-04-20T22:00:00Z,,"Amazon Web Services, Inc.",AWS,Anniversary,430155298731,2026-04-01T00:00:00Z,2026-05-01T00:00:00Z,430155298731,Usage,2026-04-20T21:00:00Z,2026-04-20T22:00:00Z,AmazonS3,Requests-Tier2,HeadBucket,,fincloud-data-123,1.0000000000,,,USD,0.0000004000,0.0000004000,0.0000004000,0.0000004000,"$0.004 per 10,000 GET and all other requests",,"Amazon Web Services, Inc.",Amazon Simple Storage Service,,,,,,,,,,,,,,,,,,S3-API-Tier2,GET and all other requests,,,,,,,,,,US East (N. Virginia),AWS Region,,,,,,,,,,,,,,,,API Request,,us-east-1,us-east-1,AmazonS3,Amazon Simple Storage Service,ZWQ6Q48CRJXX4FXE,,,,,,,,,Requests-Tier2,,,,,ZWQ6Q48CRJXX4FXE.JRTCKXETXF.6YS6EN2CT7,444249164969,USD,0.0000004000,0.0000004000,OnDemand,Requests,,,,,,,,,,23742807738,,,,,,,,,,,,,,,
vscpswnubi6guxvcy6kqz2tpp567cjenuu5js2prgkygt6emxika,2026-04-21T08:00:00Z/2026-04-21T09:00:00Z,,"Amazon Web Services, Inc.",AWS,Anniversary,430155298731,2026-04-01T00:00:00Z,2026-05-01T00:00:00Z,430155298731,Usage,2026-04-21T08:00:00Z,2026-04-21T09:00:00Z,AmazonS3,Requests-Tier2,HeadBucket,,fincloud-cur-bucket-123,1.0000000000,,,USD,0.0000004000,0.0000004000,0.0000004000,0.0000004000,"$0.004 per 10,000 GET and all other requests",,"Amazon Web Services, Inc.",Amazon Simple Storage Service,,,,,,,,,,,,,,,,,,S3-API-Tier2,GET and all other requests,,,,,,,,,,US East (N. Virginia),AWS Region,,,,,,,,,,,,,,,,API Request,,us-east-1,us-east-1,AmazonS3,Amazon Simple Storage Service,ZWQ6Q48CRJXX4FXE,,,,,,,,,Requests-Tier2,,,,,ZWQ6Q48CRJXX4FXE.JRTCKXETXF.6YS6EN2CT7,444249164969,USD,0.0000004000,0.0000004000,OnDemand,Requests,,,,,,,,,,23742807738,,,,,,,,,,,,,,,
vscpswnubi6guxvcy6kqz2tpp567cjenuu5js2prgkygt6emxika,2026-04-21T11:00:00Z/2026-04-21T12:00:00Z,,"Amazon Web Services, Inc.",AWS,Anniversary,430155298731,2026-04-01T00:00:00Z,2026-05-01T00:00:00Z,430155298731,Usage,2026-04-21T11:00:00Z,2026-04-21T12:00:00Z,AmazonS3,Requests-Tier2,HeadBucket,,fincloud-cur-bucket-123,1.0000000000,,,USD,0.0000004000,0.0000004000,0.0000004000,0.0000004000,"$0.004 per 10,000 GET and all other requests",,"Amazon Web Services, Inc.",Amazon Simple Storage Service,,,,,,,,,,,,,,,,,,S3-API-Tier2,GET and all other requests,,,,,,,,,,US East (N. Virginia),AWS Region,,,,,,,,,,,,,,,,API Request,,us-east-1,us-east-1,AmazonS3,Amazon Simple Storage Service,ZWQ6Q48CRJXX4FXE,,,,,,,,,Requests-Tier2,,,,,ZWQ6Q48CRJXX4FXE.JRTCKXETXF.6YS6EN2CT7,444249164969,USD,0.0000004000,0.0000004000,OnDemand,Requests,,,,,,,,,,23742807738,,,,,,,,,,,,,,,
vscpswnubi6guxvcy6kqz2tpp567cjenuu5js2prgkygt6emxika,2026-04-21T12:00:00Z/2026-04-21T13:00:00Z,,"Amazon Web Services, Inc.",AWS,Anniversary,430155298731,2026-04-01T00:00:00Z,2026-05-01T00:00:00Z,430155298731,Usage,2026-04-21T12:00:00Z,2026-04-21T13:00:00Z,AmazonS3,Requests-Tier2,HeadBucket,,fincloud-cur-bucket-123,4.0000000000,,,USD,0.0000004000,0.0000016000,0.0000004000,0.0000016000,"$0.004 per 10,000 GET and all other requests",,"Amazon Web Services, Inc.",Amazon Simple Storage Service,,,,,,,,,,,,,,,,,,S3-API-Tier2,GET and all other requests,,,,,,,,,,US East (N. Virginia),AWS Region,,,,,,,,,,,,,,,,API Request,,us-east-1,us-east-1,AmazonS3,Amazon Simple Storage Service,ZWQ6Q48CRJXX4FXE,,,,,,,,,Requests-Tier2,,,,,ZWQ6Q48CRJXX4FXE.JRTCKXETXF.6YS6EN2CT7,444249164969,USD,0.0000016000,0.0000004000,OnDemand,Requests,,,,,,,,,,23742807738,,,,,,,,,,,,,,,
nesanxvbww2zdapsnajuozc4yadrdfpjejppwguuxhfztc2lzhca,2026-04-20T08:00:00Z/2026-04-20T09:00:00Z,,"Amazon Web Services, Inc.",AWS,Anniversary,430155298731,2026-04-01T00:00:00Z,2026-05-01T00:00:00Z,430155298731,Usage,2026-04-20T08:00:00Z,2026-04-20T09:00:00Z,AmazonS3,Requests-Tier2,HeadObject,,fincloud-cur-bucket-123,9.0000000000,,,USD,0.0000004000,0.0000036000,0.0000004000,0.0000036000,"$0.004 per 10,000 GET and all other requests",,"Amazon Web Services, Inc.",Amazon Simple Storage Service,,,,,,,,,,,,,,,,,,S3-API-Tier2,GET and all other requests,,,,,,,,,,US East (N. Virginia),AWS Region,,,,,,,,,,,,,,,,API Request,,us-east-1,us-east-1,AmazonS3,Amazon Simple Storage Service,ZWQ6Q48CRJXX4FXE,,,,,,,,,Requests-Tier2,,,,,ZWQ6Q48CRJXX4FXE.JRTCKXETXF.6YS6EN2CT7,444249164969,USD,0.0000036000,0.0000004000,OnDemand,Requests,,,,,,,,,,23742807738,,,,,,,,,,,,,,,
nesanxvbww2zdapsnajuozc4yadrdfpjejppwguuxhfztc2lzhca,2026-04-20T20:00:00Z/2026-04-20T21:00:00Z,,"Amazon Web Services, Inc.",AWS,Anniversary,430155298731,2026-04-01T00:00:00Z,2026-05-01T00:00:00Z,430155298731,Usage,2026-04-20T20:00:00Z,2026-04-20T21:00:00Z,AmazonS3,Requests-Tier2,HeadObject,,fincloud-cur-bucket-123,6.0000000000,,,USD,0.0000004000,0.0000024000,0.0000004000,0.0000024000,"$0.004 per 10,000 GET and all other requests",,"Amazon Web Services, Inc.",Amazon Simple Storage Service,,,,,,,,,,,,,,,,,,S3-API-Tier2,GET and all other requests,,,,,,,,,,US East (N. Virginia),AWS Region,,,,,,,,,,,,,,,,API Request,,us-east-1,us-east-1,AmazonS3,Amazon Simple Storage Service,ZWQ6Q48CRJXX4FXE,,,,,,,,,Requests-Tier2,,,,,ZWQ6Q48CRJXX4FXE.JRTCKXETXF.6YS6EN2CT7,444249164969,USD,0.0000024000,0.0000004000,OnDemand,Requests,,,,,,,,,,23742807738,,,,,,,,,,,,,,,
nesanxvbww2zdapsnajuozc4yadrdfpjejppwguuxhfztc2lzhca,2026-04-21T08:00:00Z/2026-04-21T09:00:00Z,,"Amazon Web Services, Inc.",AWS,Anniversary,430155298731,2026-04-01T00:00:00Z,2026-05-01T00:00:00Z,430155298731,Usage,2026-04-21T08:00:00Z,2026-04-21T09:00:00Z,AmazonS3,Requests-Tier2,HeadObject,,fincloud-cur-bucket-123,3.0000000000,,,USD,0.0000004000,0.0000012000,0.0000004000,0.0000012000,"$0.004 per 10,000 GET and all other requests",,"Amazon Web Services, Inc.",Amazon Simple Storage Service,,,,,,,,,,,,,,,,,,S3-API-Tier2,GET and all other requests,,,,,,,,,,US East (N. Virginia),AWS Region,,,,,,,,,,,,,,,,API Request,,us-east-1,us-east-1,AmazonS3,Amazon Simple Storage Service,ZWQ6Q48CRJXX4FXE,,,,,,,,,Requests-Tier2,,,,,ZWQ6Q48CRJXX4FXE.JRTCKXETXF.6YS6EN2CT7,444249164969,USD,0.0000012000,0.0000004000,OnDemand,Requests,,,,,,,,,,23742807738,,,,,,,,,,,,,,,
nesanxvbww2zdapsnajuozc4yadrdfpjejppwguuxhfztc2lzhca,2026-04-21T12:00:00Z/2026-04-21T13:00:00Z,,"Amazon Web Services, Inc.",AWS,Anniversary,430155298731,2026-04-01T00:00:00Z,2026-05-01T00:00:00Z,430155298731,Usage,2026-04-21T12:00:00Z,2026-04-21T13:00:00Z,AmazonS3,Requests-Tier2,HeadObject,,fincloud-cur-bucket-123,9.0000000000,,,USD,0.0000004000,0.0000036000,0.0000004000,0.0000036000,"$0.004 per 10,000 GET and all other requests",,"Amazon Web Services, Inc.",Amazon Simple Storage Service,,,,,,,,,,,,,,,,,,S3-API-Tier2,GET and all other requests,,,,,,,,,,US East (N. Virginia),AWS Region,,,,,,,,,,,,,,,,API Request,,us-east-1,us-east-1,AmazonS3,Amazon Simple Storage Service,ZWQ6Q48CRJXX4FXE,,,,,,,,,Requests-Tier2,,,,,ZWQ6Q48CRJXX4FXE.JRTCKXETXF.6YS6EN2CT7,444249164969,USD,0.0000036000,0.0000004000,OnDemand,Requests,,,,,,,,,,23742807738,,,,,,,,,,,,,,,
jwbp2n56ori3mcb4zz4aa3pifz4ogdtzu5ygawuntdyfixxercnq,2026-04-16T19:00:00Z/2026-04-16T20:00:00Z,,"Amazon Web Services, Inc.",AWS,Anniversary,430155298731,2026-04-01T00:00:00Z,2026-05-01T00:00:00Z,430155298731,Usage,2026-04-16T19:00:00Z,2026-04-16T20:00:00Z,AmazonS3,Requests-Tier2,ListBucketTags,,,1.0000000000,,,USD,0.0000004000,0.0000004000,0.0000004000,0.0000004000,"$0.004 per 10,000 GET and all other requests",,"Amazon Web Services, Inc.",Amazon Simple Storage Service,,,,,,,,,,,,,,,,,,S3-API-Tier2,GET and all other requests,,,,,,,,,,US East (N. Virginia),AWS Region,,,,,,,,,,,,,,,,API Request,,us-east-1,us-east-1,AmazonS3,Amazon Simple Storage Service,ZWQ6Q48CRJXX4FXE,,,,,,,,,Requests-Tier2,,,,,ZWQ6Q48CRJXX4FXE.JRTCKXETXF.6YS6EN2CT7,444249164969,USD,0.0000004000,0.0000004000,OnDemand,Requests,,,,,,,,,,23742807738,,,,,,,,,,,,,,,
jwbp2n56ori3mcb4zz4aa3pifz4ogdtzu5ygawuntdyfixxercnq,2026-04-19T20:00:00Z/2026-04-19T21:00:00Z,,"Amazon Web Services, Inc.",AWS,Anniversary,430155298731,2026-04-01T00:00:00Z,2026-05-01T00:00:00Z,430155298731,Usage,2026-04-19T20:00:00Z,2026-04-19T21:00:00Z,AmazonS3,Requests-Tier2,ListBucketTags,,,1.0000000000,,,USD,0.0000004000,0.0000004000,0.0000004000,0.0000004000,"$0.004 per 10,000 GET and all other requests",,"Amazon Web Services, Inc.",Amazon Simple Storage Service,,,,,,,,,,,,,,,,,,S3-API-Tier2,GET and all other requests,,,,,,,,,,US East (N. Virginia),AWS Region,,,,,,,,,,,,,,,,API Request,,us-east-1,us-east-1,AmazonS3,Amazon Simple Storage Service,ZWQ6Q48CRJXX4FXE,,,,,,,,,Requests-Tier2,,,,,ZWQ6Q48CRJXX4FXE.JRTCKXETXF.6YS6EN2CT7,444249164969,USD,0.0000004000,0.0000004000,OnDemand,Requests,,,,,,,,,,23742807738,,,,,,,,,,,,,,,
jwbp2n56ori3mcb4zz4aa3pifz4ogdtzu5ygawuntdyfixxercnq,2026-04-19T21:00:00Z/2026-04-19T22:00:00Z,,"Amazon Web Services, Inc.",AWS,Anniversary,430155298731,2026-04-01T00:00:00Z,2026-05-01T00:00:00Z,430155298731,Usage,2026-04-19T21:00:00Z,2026-04-19T22:00:00Z,AmazonS3,Requests-Tier2,ListBucketTags,,,1.0000000000,,,USD,0.0000004000,0.0000004000,0.0000004000,0.0000004000,"$0.004 per 10,000 GET and all other requests",,"Amazon Web Services, Inc.",Amazon Simple Storage Service,,,,,,,,,,,,,,,,,,S3-API-Tier2,GET and all other requests,,,,,,,,,,US East (N. Virginia),AWS Region,,,,,,,,,,,,,,,,API Request,,us-east-1,us-east-1,AmazonS3,Amazon Simple Storage Service,ZWQ6Q48CRJXX4FXE,,,,,,,,,Requests-Tier2,,,,,ZWQ6Q48CRJXX4FXE.JRTCKXETXF.6YS6EN2CT7,444249164969,USD,0.0000004000,0.0000004000,OnDemand,Requests,,,,,,,,,,23742807738,,,,,,,,,,,,,,,
jwbp2n56ori3mcb4zz4aa3pifz4ogdtzu5ygawuntdyfixxercnq,2026-04-20T20:00:00Z/2026-04-20T21:00:00Z,,"Amazon Web Services, Inc.",AWS,Anniversary,430155298731,2026-04-01T00:00:00Z,2026-05-01T00:00:00Z,430155298731,Usage,2026-04-20T20:00:00Z,2026-04-20T21:00:00Z,AmazonS3,Requests-Tier2,ListBucketTags,,,1.0000000000,,,USD,0.0000004000,0.0000004000,0.0000004000,0.0000004000,"$0.004 per 10,000 GET and all other requests",,"Amazon Web Services, Inc.",Amazon Simple Storage Service,,,,,,,,,,,,,,,,,,S3-API-Tier2,GET and all other requests,,,,,,,,,,US East (N. Virginia),AWS Region,,,,,,,,,,,,,,,,API Request,,us-east-1,us-east-1,AmazonS3,Amazon Simple Storage Service,ZWQ6Q48CRJXX4FXE,,,,,,,,,Requests-Tier2,,,,,ZWQ6Q48CRJXX4FXE.JRTCKXETXF.6YS6EN2CT7,444249164969,USD,0.0000004000,0.0000004000,OnDemand,Requests,,,,,,,,,,23742807738,,,,,,,,,,,,,,,
2r3nxbi36u7onhzr5z7y3jxvmmsol2jf7dr4seeobmhpctnracxa,2026-04-19T20:00:00Z/2026-04-19T21:00:00Z,,"Amazon Web Services, Inc.",AWS,Anniversary,430155298731,2026-04-01T00:00:00Z,2026-05-01T00:00:00Z,430155298731,Usage,2026-04-19T20:00:00Z,2026-04-19T21:00:00Z,AmazonS3,Requests-Tier2,ReadACL,,fincloud-cur-bucket-123,3.0000000000,,,USD,0.0000004000,0.0000012000,0.0000004000,0.0000012000,"$0.004 per 10,000 GET and all other requests",,"Amazon Web Services, Inc.",Amazon Simple Storage Service,,,,,,,,,,,,,,,,,,S3-API-Tier2,GET and all other requests,,,,,,,,,,US East (N. Virginia),AWS Region,,,,,,,,,,,,,,,,API Request,,us-east-1,us-east-1,AmazonS3,Amazon Simple Storage Service,ZWQ6Q48CRJXX4FXE,,,,,,,,,Requests-Tier2,,,,,ZWQ6Q48CRJXX4FXE.JRTCKXETXF.6YS6EN2CT7,444249164969,USD,0.0000012000,0.0000004000,OnDemand,Requests,,,,,,,,,,23742807738,,,,,,,,,,,,,,,
gd6iz4nktnnv4j3vzy7xvtcgbtgm3d7xpkjinkuf5n3fm3sxvbeq,2026-04-16T19:00:00Z/2026-04-16T20:00:00Z,,"Amazon Web Services, Inc.",AWS,Anniversary,430155298731,2026-04-01T00:00:00Z,2026-05-01T00:00:00Z,430155298731,Usage,2026-04-16T19:00:00Z,2026-04-16T20:00:00Z,AmazonS3,Requests-Tier2,ReadAccountPublicAccessBlock,,,1.0000000000,,,USD,0.0000004000,0.0000004000,0.0000004000,0.0000004000,"$0.004 per 10,000 GET and all other requests",,"Amazon Web Services, Inc.",Amazon Simple Storage Service,,,,,,,,,,,,,,,,,,S3-API-Tier2,GET and all other requests,,,,,,,,,,US East (N. Virginia),AWS Region,,,,,,,,,,,,,,,,API Request,,us-east-1,us-east-1,AmazonS3,Amazon Simple Storage Service,ZWQ6Q48CRJXX4FXE,,,,,,,,,Requests-Tier2,,,,,ZWQ6Q48CRJXX4FXE.JRTCKXETXF.6YS6EN2CT7,444249164969,USD,0.0000004000,0.0000004000,OnDemand,Requests,,,,,,,,,,23742807738,,,,,,,,,,,,,,,
gd6iz4nktnnv4j3vzy7xvtcgbtgm3d7xpkjinkuf5n3fm3sxvbeq,2026-04-19T20:00:00Z/2026-04-19T21:00:00Z,,"Amazon Web Services, Inc.",AWS,Anniversary,430155298731,2026-04-01T00:00:00Z,2026-05-01T00:00:00Z,430155298731,Usage,2026-04-19T20:00:00Z,2026-04-19T21:00:00Z,AmazonS3,Requests-Tier2,ReadAccountPublicAccessBlock,,,1.0000000000,,,USD,0.0000004000,0.0000004000,0.0000004000,0.0000004000,"$0.004 per 10,000 GET and all other requests",,"Amazon Web Services, Inc.",Amazon Simple Storage Service,,,,,,,,,,,,,,,,,,S3-API-Tier2,GET and all other requests,,,,,,,,,,US East (N. Virginia),AWS Region,,,,,,,,,,,,,,,,API Request,,us-east-1,us-east-1,AmazonS3,Amazon Simple Storage Service,ZWQ6Q48CRJXX4FXE,,,,,,,,,Requests-Tier2,,,,,ZWQ6Q48CRJXX4FXE.JRTCKXETXF.6YS6EN2CT7,444249164969,USD,0.0000004000,0.0000004000,OnDemand,Requests,,,,,,,,,,23742807738,,,,,,,,,,,,,,,
gd6iz4nktnnv4j3vzy7xvtcgbtgm3d7xpkjinkuf5n3fm3sxvbeq,2026-04-19T21:00:00Z/2026-04-19T22:00:00Z,,"Amazon Web Services, Inc.",AWS,Anniversary,430155298731,2026-04-01T00:00:00Z,2026-05-01T00:00:00Z,430155298731,Usage,2026-04-19T21:00:00Z,2026-04-19T22:00:00Z,AmazonS3,Requests-Tier2,ReadAccountPublicAccessBlock,,,1.0000000000,,,USD,0.0000004000,0.0000004000,0.0000004000,0.0000004000,"$0.004 per 10,000 GET and all other requests",,"Amazon Web Services, Inc.",Amazon Simple Storage Service,,,,,,,,,,,,,,,,,,S3-API-Tier2,GET and all other requests,,,,,,,,,,US East (N. Virginia),AWS Region,,,,,,,,,,,,,,,,API Request,,us-east-1,us-east-1,AmazonS3,Amazon Simple Storage Service,ZWQ6Q48CRJXX4FXE,,,,,,,,,Requests-Tier2,,,,,ZWQ6Q48CRJXX4FXE.JRTCKXETXF.6YS6EN2CT7,444249164969,USD,0.0000004000,0.0000004000,OnDemand,Requests,,,,,,,,,,23742807738,,,,,,,,,,,,,,,
gd6iz4nktnnv4j3vzy7xvtcgbtgm3d7xpkjinkuf5n3fm3sxvbeq,2026-04-20T20:00:00Z/2026-04-20T21:00:00Z,,"Amazon Web Services, Inc.",AWS,Anniversary,430155298731,2026-04-01T00:00:00Z,2026-05-01T00:00:00Z,430155298731,Usage,2026-04-20T20:00:00Z,2026-04-20T21:00:00Z,AmazonS3,Requests-Tier2,ReadAccountPublicAccessBlock,,,1.0000000000,,,USD,0.0000004000,0.0000004000,0.0000004000,0.0000004000,"$0.004 per 10,000 GET and all other requests",,"Amazon Web Services, Inc.",Amazon Simple Storage Service,,,,,,,,,,,,,,,,,,S3-API-Tier2,GET and all other requests,,,,,,,,,,US East (N. Virginia),AWS Region,,,,,,,,,,,,,,,,API Request,,us-east-1,us-east-1,AmazonS3,Amazon Simple Storage Service,ZWQ6Q48CRJXX4FXE,,,,,,,,,Requests-Tier2,,,,,ZWQ6Q48CRJXX4FXE.JRTCKXETXF.6YS6EN2CT7,444249164969,USD,0.0000004000,0.0000004000,OnDemand,Requests,,,,,,,,,,23742807738,,,,,,,,,,,,,,,
gd6iz4nktnnv4j3vzy7xvtcgbtgm3d7xpkjinkuf5n3fm3sxvbeq,2026-04-21T12:00:00Z/2026-04-21T13:00:00Z,,"Amazon Web Services, Inc.",AWS,Anniversary,430155298731,2026-04-01T00:00:00Z,2026-05-01T00:00:00Z,430155298731,Usage,2026-04-21T12:00:00Z,2026-04-21T13:00:00Z,AmazonS3,Requests-Tier2,ReadAccountPublicAccessBlock,,,1.0000000000,,,USD,0.0000004000,0.0000004000,0.0000004000,0.0000004000,"$0.004 per 10,000 GET and all other requests",,"Amazon Web Services, Inc.",Amazon Simple Storage Service,,,,,,,,,,,,,,,,,,S3-API-Tier2,GET and all other requests,,,,,,,,,,US East (N. Virginia),AWS Region,,,,,,,,,,,,,,,,API Request,,us-east-1,us-east-1,AmazonS3,Amazon Simple Storage Service,ZWQ6Q48CRJXX4FXE,,,,,,,,,Requests-Tier2,,,,,ZWQ6Q48CRJXX4FXE.JRTCKXETXF.6YS6EN2CT7,444249164969,USD,0.0000004000,0.0000004000,OnDemand,Requests,,,,,,,,,,23742807738,,,,,,,,,,,,,,,
giq2uiysjfdqs7x2taukqsj2waijigqrx4vtvqxyidygemxoznfa,2026-04-21T12:00:00Z/2026-04-21T13:00:00Z,,"Amazon Web Services, Inc.",AWS,Anniversary,430155298731,2026-04-01T00:00:00Z,2026-05-01T00:00:00Z,430155298731,Usage,2026-04-21T12:00:00Z,2026-04-21T13:00:00Z,AmazonS3,Requests-Tier2,ReadBucketObjectLockConfig,,fincloud-cur-bucket-123,3.0000000000,,,USD,0.0000004000,0.0000012000,0.0000004000,0.0000012000,"$0.004 per 10,000 GET and all other requests",,"Amazon Web Services, Inc.",Amazon Simple Storage Service,,,,,,,,,,,,,,,,,,S3-API-Tier2,GET and all other requests,,,,,,,,,,US East (N. Virginia),AWS Region,,,,,,,,,,,,,,,,API Request,,us-east-1,us-east-1,AmazonS3,Amazon Simple Storage Service,ZWQ6Q48CRJXX4FXE,,,,,,,,,Requests-Tier2,,,,,ZWQ6Q48CRJXX4FXE.JRTCKXETXF.6YS6EN2CT7,444249164969,USD,0.0000012000,0.0000004000,OnDemand,Requests,,,,,,,,,,23742807738,,,,,,,,,,,,,,,
jdso2nmv2i7bxbenx366fmzbx6mhvwunogofriegbernkyy63j7q,2026-04-19T20:00:00Z/2026-04-19T21:00:00Z,,"Amazon Web Services, Inc.",AWS,Anniversary,430155298731,2026-04-01T00:00:00Z,2026-05-01T00:00:00Z,430155298731,Usage,2026-04-19T20:00:00Z,2026-04-19T21:00:00Z,AmazonS3,Requests-Tier2,ReadBucketOwnershipControls,,fincloud-cur-bucket-123,2.0000000000,,,USD,0.0000004000,0.0000008000,0.0000004000,0.0000008000,"$0.004 per 10,000 GET and all other requests",,"Amazon Web Services, Inc.",Amazon Simple Storage Service,,,,,,,,,,,,,,,,,,S3-API-Tier2,GET and all other requests,,,,,,,,,,US East (N. Virginia),AWS Region,,,,,,,,,,,,,,,,API Request,,us-east-1,us-east-1,AmazonS3,Amazon Simple Storage Service,ZWQ6Q48CRJXX4FXE,,,,,,,,,Requests-Tier2,,,,,ZWQ6Q48CRJXX4FXE.JRTCKXETXF.6YS6EN2CT7,444249164969,USD,0.0000008000,0.0000004000,OnDemand,Requests,,,,,,,,,,23742807738,,,,,,,,,,,,,,,
jdso2nmv2i7bxbenx366fmzbx6mhvwunogofriegbernkyy63j7q,2026-04-20T08:00:00Z/2026-04-20T09:00:00Z,,"Amazon Web Services, Inc.",AWS,Anniversary,430155298731,2026-04-01T00:00:00Z,2026-05-01T00:00:00Z,430155298731,Usage,2026-04-20T08:00:00Z,2026-04-20T09:00:00Z,AmazonS3,Requests-Tier2,ReadBucketOwnershipControls,,fincloud-cur-bucket-123,5.0000000000,,,USD,0.0000004000,0.0000020000,0.0000004000,0.0000020000,"$0.004 per 10,000 GET and all other requests",,"Amazon Web Services, Inc.",Amazon Simple Storage Service,,,,,,,,,,,,,,,,,,S3-API-Tier2,GET and all other requests,,,,,,,,,,US East (N. Virginia),AWS Region,,,,,,,,,,,,,,,,API Request,,us-east-1,us-east-1,AmazonS3,Amazon Simple Storage Service,ZWQ6Q48CRJXX4FXE,,,,,,,,,Requests-Tier2,,,,,ZWQ6Q48CRJXX4FXE.JRTCKXETXF.6YS6EN2CT7,444249164969,USD,0.0000020000,0.0000004000,OnDemand,Requests,,,,,,,,,,23742807738,,,,,,,,,,,,,,,
jdso2nmv2i7bxbenx366fmzbx6mhvwunogofriegbernkyy63j7q,2026-04-20T20:00:00Z/2026-04-20T21:00:00Z,,"Amazon Web Services, Inc.",AWS,Anniversary,430155298731,2026-04-01T00:00:00Z,2026-05-01T00:00:00Z,430155298731,Usage,2026-04-20T20:00:00Z,2026-04-20T21:00:00Z,AmazonS3,Requests-Tier2,ReadBucketOwnershipControls,,fincloud-cur-bucket-123,3.0000000000,,,USD,0.0000004000,0.0000012000,0.0000004000,0.0000012000,"$0.004 per 10,000 GET and all other requests",,"Amazon Web Services, Inc.",Amazon Simple Storage Service,,,,,,,,,,,,,,,,,,S3-API-Tier2,GET and all other requests,,,,,,,,,,US East (N. Virginia),AWS Region,,,,,,,,,,,,,,,,API Request,,us-east-1,us-east-1,AmazonS3,Amazon Simple Storage Service,ZWQ6Q48CRJXX4FXE,,,,,,,,,Requests-Tier2,,,,,ZWQ6Q48CRJXX4FXE.JRTCKXETXF.6YS6EN2CT7,444249164969,USD,0.0000012000,0.0000004000,OnDemand,Requests,,,,,,,,,,23742807738,,,,,,,,,,,,,,,
jcsh25lopke7i76kls5sbadkjh7atuzpbbhe7plgymyojaczzjca,2026-04-20T20:00:00Z/2026-04-20T21:00:00Z,,"Amazon Web Services, Inc.",AWS,Anniversary,430155298731,2026-04-01T00:00:00Z,2026-05-01T00:00:00Z,430155298731,Usage,2026-04-20T20:00:00Z,2026-04-20T21:00:00Z,AmazonS3,Requests-Tier2,ReadBucketOwnershipControls,,fincloud-data-123,3.0000000000,,,USD,0.0000004000,0.0000012000,0.0000004000,0.0000012000,"$0.004 per 10,000 GET and all other requests",,"Amazon Web Services, Inc.",Amazon Simple Storage Service,,,,,,,,,,,,,,,,,,S3-API-Tier2,GET and all other requests,,,,,,,,,,US East (N. Virginia),AWS Region,,,,,,,,,,,,,,,,API Request,,us-east-1,us-east-1,AmazonS3,Amazon Simple Storage Service,ZWQ6Q48CRJXX4FXE,,,,,,,,,Requests-Tier2,,,,,ZWQ6Q48CRJXX4FXE.JRTCKXETXF.6YS6EN2CT7,444249164969,USD,0.0000012000,0.0000004000,OnDemand,Requests,,,,,,,,,,23742807738,,,,,,,,,,,,,,,
jdso2nmv2i7bxbenx366fmzbx6mhvwunogofriegbernkyy63j7q,2026-04-21T08:00:00Z/2026-04-21T09:00:00Z,,"Amazon Web Services, Inc.",AWS,Anniversary,430155298731,2026-04-01T00:00:00Z,2026-05-01T00:00:00Z,430155298731,Usage,2026-04-21T08:00:00Z,2026-04-21T09:00:00Z,AmazonS3,Requests-Tier2,ReadBucketOwnershipControls,,fincloud-cur-bucket-123,2.0000000000,,,USD,0.0000004000,0.0000008000,0.0000004000,0.0000008000,"$0.004 per 10,000 GET and all other requests",,"Amazon Web Services, Inc.",Amazon Simple Storage Service,,,,,,,,,,,,,,,,,,S3-API-Tier2,GET and all other requests,,,,,,,,,,US East (N. Virginia),AWS Region,,,,,,,,,,,,,,,,API Request,,us-east-1,us-east-1,AmazonS3,Amazon Simple Storage Service,ZWQ6Q48CRJXX4FXE,,,,,,,,,Requests-Tier2,,,,,ZWQ6Q48CRJXX4FXE.JRTCKXETXF.6YS6EN2CT7,444249164969,USD,0.0000008000,0.0000004000,OnDemand,Requests,,,,,,,,,,23742807738,,,,,,,,,,,,,,,
jdso2nmv2i7bxbenx366fmzbx6mhvwunogofriegbernkyy63j7q,2026-04-21T11:00:00Z/2026-04-21T12:00:00Z,,"Amazon Web Services, Inc.",AWS,Anniversary,430155298731,2026-04-01T00:00:00Z,2026-05-01T00:00:00Z,430155298731,Usage,2026-04-21T11:00:00Z,2026-04-21T12:00:00Z,AmazonS3,Requests-Tier2,ReadBucketOwnershipControls,,fincloud-cur-bucket-123,1.0000000000,,,USD,0.0000004000,0.0000004000,0.0000004000,0.0000004000,"$0.004 per 10,000 GET and all other requests",,"Amazon Web Services, Inc.",Amazon Simple Storage Service,,,,,,,,,,,,,,,,,,S3-API-Tier2,GET and all other requests,,,,,,,,,,US East (N. Virginia),AWS Region,,,,,,,,,,,,,,,,API Request,,us-east-1,us-east-1,AmazonS3,Amazon Simple Storage Service,ZWQ6Q48CRJXX4FXE,,,,,,,,,Requests-Tier2,,,,,ZWQ6Q48CRJXX4FXE.JRTCKXETXF.6YS6EN2CT7,444249164969,USD,0.0000004000,0.0000004000,OnDemand,Requests,,,,,,,,,,23742807738,,,,,,,,,,,,,,,
jdso2nmv2i7bxbenx366fmzbx6mhvwunogofriegbernkyy63j7q,2026-04-21T12:00:00Z/2026-04-21T13:00:00Z,,"Amazon Web Services, Inc.",AWS,Anniversary,430155298731,2026-04-01T00:00:00Z,2026-05-01T00:00:00Z,430155298731,Usage,2026-04-21T12:00:00Z,2026-04-21T13:00:00Z,AmazonS3,Requests-Tier2,ReadBucketOwnershipControls,,fincloud-cur-bucket-123,6.0000000000,,,USD,0.0000004000,0.0000024000,0.0000004000,0.0000024000,"$0.004 per 10,000 GET and all other requests",,"Amazon Web Services, Inc.",Amazon Simple Storage Service,,,,,,,,,,,,,,,,,,S3-API-Tier2,GET and all other requests,,,,,,,,,,US East (N. Virginia),AWS Region,,,,,,,,,,,,,,,,API Request,,us-east-1,us-east-1,AmazonS3,Amazon Simple Storage Service,ZWQ6Q48CRJXX4FXE,,,,,,,,,Requests-Tier2,,,,,ZWQ6Q48CRJXX4FXE.JRTCKXETXF.6YS6EN2CT7,444249164969,USD,0.0000024000,0.0000004000,OnDemand,Requests,,,,,,,,,,23742807738,,,,,,,,,,,,,,,
4djwupj5bynmmincqukqvdm262ur7g353hv5by4oofak4t6mcv7a,2026-04-20T21:00:00Z/2026-04-20T22:00:00Z,,"Amazon Web Services, Inc.",AWS,Anniversary,430155298731,2026-04-01T00:00:00Z,2026-05-01T00:00:00Z,430155298731,Usage,2026-04-20T21:00:00Z,2026-04-20T22:00:00Z,AmazonS3,Requests-Tier2,ReadBucketPolicy,,fincloud-data-123,2.0000000000,,,USD,0.0000004000,0.0000008000,0.0000004000,0.0000008000,"$0.004 per 10,000 GET and all other requests",,"Amazon Web Services, Inc.",Amazon Simple Storage Service,,,,,,,,,,,,,,,,,,S3-API-Tier2,GET and all other requests,,,,,,,,,,US East (N. Virginia),AWS Region,,,,,,,,,,,,,,,,API Request,,us-east-1,us-east-1,AmazonS3,Amazon Simple Storage Service,ZWQ6Q48CRJXX4FXE,,,,,,,,,Requests-Tier2,,,,,ZWQ6Q48CRJXX4FXE.JRTCKXETXF.6YS6EN2CT7,444249164969,USD,0.0000008000,0.0000004000,OnDemand,Requests,,,,,,,,,,23742807738,,,,,,,,,,,,,,,
75gzikspftmmnm2vrbtbln56bxak4ptkmvfm6ledd46mrqesw5iq,2026-04-19T20:00:00Z/2026-04-19T21:00:00Z,,"Amazon Web Services, Inc.",AWS,Anniversary,430155298731,2026-04-01T00:00:00Z,2026-05-01T00:00:00Z,430155298731,Usage,2026-04-19T20:00:00Z,2026-04-19T21:00:00Z,AmazonS3,Requests-Tier2,ReadBucketPublicAccessBlock,,fincloud-cur-bucket-123,1.0000000000,,,USD,0.0000004000,0.0000004000,0.0000004000,0.0000004000,"$0.004 per 10,000 GET and all other requests",,"Amazon Web Services, Inc.",Amazon Simple Storage Service,,,,,,,,,,,,,,,,,,S3-API-Tier2,GET and all other requests,,,,,,,,,,US East (N. Virginia),AWS Region,,,,,,,,,,,,,,,,API Request,,us-east-1,us-east-1,AmazonS3,Amazon Simple Storage Service,ZWQ6Q48CRJXX4FXE,,,,,,,,,Requests-Tier2,,,,,ZWQ6Q48CRJXX4FXE.JRTCKXETXF.6YS6EN2CT7,444249164969,USD,0.0000004000,0.0000004000,OnDemand,Requests,,,,,,,,,,23742807738,,,,,,,,,,,,,,,
7izxurnd6bat732vdn7gnsfhgtg74jyb4bmbglxnagzazq4d7xaa,2026-04-20T20:00:00Z/2026-04-20T21:00:00Z,,"Amazon Web Services, Inc.",AWS,Anniversary,430155298731,2026-04-01T00:00:00Z,2026-05-01T00:00:00Z,430155298731,Usage,2026-04-20T20:00:00Z,2026-04-20T21:00:00Z,AmazonS3,Requests-Tier2,ReadBucketPublicAccessBlock,,fincloud-data-123,1.0000000000,,,USD,0.0000004000,0.0000004000,0.0000004000,0.0000004000,"$0.004 per 10,000 GET and all other requests",,"Amazon Web Services, Inc.",Amazon Simple Storage Service,,,,,,,,,,,,,,,,,,S3-API-Tier2,GET and all other requests,,,,,,,,,,US East (N. Virginia),AWS Region,,,,,,,,,,,,,,,,API Request,,us-east-1,us-east-1,AmazonS3,Amazon Simple Storage Service,ZWQ6Q48CRJXX4FXE,,,,,,,,,Requests-Tier2,,,,,ZWQ6Q48CRJXX4FXE.JRTCKXETXF.6YS6EN2CT7,444249164969,USD,0.0000004000,0.0000004000,OnDemand,Requests,,,,,,,,,,23742807738,,,,,,,,,,,,,,,
axfw5vrsgjlgk72g7hvysrrcvd4h47tm33unag5zr5osluhpl3rq,2026-04-19T20:00:00Z/2026-04-19T21:00:00Z,,"Amazon Web Services, Inc.",AWS,Anniversary,430155298731,2026-04-01T00:00:00Z,2026-05-01T00:00:00Z,430155298731,Usage,2026-04-19T20:00:00Z,2026-04-19T21:00:00Z,AmazonS3,Requests-Tier2,ReadBucketServerSideEncryption,,fincloud-cur-bucket-123,2.0000000000,,,USD,0.0000004000,0.0000008000,0.0000004000,0.0000008000,"$0.004 per 10,000 GET and all other requests",,"Amazon Web Services, Inc.",Amazon Simple Storage Service,,,,,,,,,,,,,,,,,,S3-API-Tier2,GET and all other requests,,,,,,,,,,US East (N. Virginia),AWS Region,,,,,,,,,,,,,,,,API Request,,us-east-1,us-east-1,AmazonS3,Amazon Simple Storage Service,ZWQ6Q48CRJXX4FXE,,,,,,,,,Requests-Tier2,,,,,ZWQ6Q48CRJXX4FXE.JRTCKXETXF.6YS6EN2CT7,444249164969,USD,0.0000008000,0.0000004000,OnDemand,Requests,,,,,,,,,,23742807738,,,,,,,,,,,,,,,
axfw5vrsgjlgk72g7hvysrrcvd4h47tm33unag5zr5osluhpl3rq,2026-04-19T21:00:00Z/2026-04-19T22:00:00Z,,"Amazon Web Services, Inc.",AWS,Anniversary,430155298731,2026-04-01T00:00:00Z,2026-05-01T00:00:00Z,430155298731,Usage,2026-04-19T21:00:00Z,2026-04-19T22:00:00Z,AmazonS3,Requests-Tier2,ReadBucketServerSideEncryption,,fincloud-cur-bucket-123,1.0000000000,,,USD,0.0000004000,0.0000004000,0.0000004000,0.0000004000,"$0.004 per 10,000 GET and all other requests",,"Amazon Web Services, Inc.",Amazon Simple Storage Service,,,,,,,,,,,,,,,,,,S3-API-Tier2,GET and all other requests,,,,,,,,,,US East (N. Virginia),AWS Region,,,,,,,,,,,,,,,,API Request,,us-east-1,us-east-1,AmazonS3,Amazon Simple Storage Service,ZWQ6Q48CRJXX4FXE,,,,,,,,,Requests-Tier2,,,,,ZWQ6Q48CRJXX4FXE.JRTCKXETXF.6YS6EN2CT7,444249164969,USD,0.0000004000,0.0000004000,OnDemand,Requests,,,,,,,,,,23742807738,,,,,,,,,,,,,,,
pozopv2ykp3nwkpmknbehjeaalstus4g6sngnilyhqxmnat5ef4q,2026-04-20T20:00:00Z/2026-04-20T21:00:00Z,,"Amazon Web Services, Inc.",AWS,Anniversary,430155298731,2026-04-01T00:00:00Z,2026-05-01T00:00:00Z,430155298731,Usage,2026-04-20T20:00:00Z,2026-04-20T21:00:00Z,AmazonS3,Requests-Tier2,ReadBucketServerSideEncryption,,fincloud-data-123,5.0000000000,,,USD,0.0000004000,0.0000020000,0.0000004000,0.0000020000,"$0.004 per 10,000 GET and all other requests",,"Amazon Web Services, Inc.",Amazon Simple Storage Service,,,,,,,,,,,,,,,,,,S3-API-Tier2,GET and all other requests,,,,,,,,,,US East (N. Virginia),AWS Region,,,,,,,,,,,,,,,,API Request,,us-east-1,us-east-1,AmazonS3,Amazon Simple Storage Service,ZWQ6Q48CRJXX4FXE,,,,,,,,,Requests-Tier2,,,,,ZWQ6Q48CRJXX4FXE.JRTCKXETXF.6YS6EN2CT7,444249164969,USD,0.0000020000,0.0000004000,OnDemand,Requests,,,,,,,,,,23742807738,,,,,,,,,,,,,,,
axfw5vrsgjlgk72g7hvysrrcvd4h47tm33unag5zr5osluhpl3rq,2026-04-21T00:00:00Z/2026-04-21T01:00:00Z,,"Amazon Web Services, Inc.",AWS,Anniversary,430155298731,2026-04-01T00:00:00Z,2026-05-01T00:00:00Z,430155298731,Usage,2026-04-21T00:00:00Z,2026-04-21T01:00:00Z,AmazonS3,Requests-Tier2,ReadBucketServerSideEncryption,,fincloud-cur-bucket-123,1.0000000000,,,USD,0.0000004000,0.0000004000,0.0000004000,0.0000004000,"$0.004 per 10,000 GET and all other requests",,"Amazon Web Services, Inc.",Amazon Simple Storage Service,,,,,,,,,,,,,,,,,,S3-API-Tier2,GET and all other requests,,,,,,,,,,US East (N. Virginia),AWS Region,,,,,,,,,,,,,,,,API Request,,us-east-1,us-east-1,AmazonS3,Amazon Simple Storage Service,ZWQ6Q48CRJXX4FXE,,,,,,,,,Requests-Tier2,,,,,ZWQ6Q48CRJXX4FXE.JRTCKXETXF.6YS6EN2CT7,444249164969,USD,0.0000004000,0.0000004000,OnDemand,Requests,,,,,,,,,,23742807738,,,,,,,,,,,,,,,
axfw5vrsgjlgk72g7hvysrrcvd4h47tm33unag5zr5osluhpl3rq,2026-04-26T00:00:00Z/2026-04-26T01:00:00Z,,"Amazon Web Services, Inc.",AWS,Anniversary,430155298731,2026-04-01T00:00:00Z,2026-05-01T00:00:00Z,430155298731,Usage,2026-04-26T00:00:00Z,2026-04-26T01:00:00Z,AmazonS3,Requests-Tier2,ReadBucketServerSideEncryption,,fincloud-cur-bucket-123,1.0000000000,,,USD,0.0000004000,0.0000004000,0.0000004000,0.0000004000,"$0.004 per 10,000 GET and all other requests",,"Amazon Web Services, Inc.",Amazon Simple Storage Service,,,,,,,,,,,,,,,,,,S3-API-Tier2,GET and all other requests,,,,,,,,,,US East (N. Virginia),AWS Region,,,,,,,,,,,,,,,,API Request,,us-east-1,us-east-1,AmazonS3,Amazon Simple Storage Service,ZWQ6Q48CRJXX4FXE,,,,,,,,,Requests-Tier2,,,,,ZWQ6Q48CRJXX4FXE.JRTCKXETXF.6YS6EN2CT7,444249164969,USD,0.0000004000,0.0000004000,OnDemand,Requests,,,,,,,,,,23742807738,,,,,,,,,,,,,,,
bbvni36kswiuoj6hl27e4ocpszjpnrcvyzabcza54i4nwj4hmhnq,2026-04-19T20:00:00Z/2026-04-19T21:00:00Z,,"Amazon Web Services, Inc.",AWS,Anniversary,430155298731,2026-04-01T00:00:00Z,2026-05-01T00:00:00Z,430155298731,Usage,2026-04-19T20:00:00Z,2026-04-19T21:00:00Z,AmazonS3,Requests-Tier2,ReadLocation,,fincloud-cur-bucket-123,4.0000000000,,,USD,0.0000004000,0.0000016000,0.0000004000,0.0000016000,"$0.004 per 10,000 GET and all other requests",,"Amazon Web Services, Inc.",Amazon Simple Storage Service,,,,,,,,,,,,,,,,,,S3-API-Tier2,GET and all other requests,,,,,,,,,,US East (N. Virginia),AWS Region,,,,,,,,,,,,,,,,API Request,,us-east-1,us-east-1,AmazonS3,Amazon Simple Storage Service,ZWQ6Q48CRJXX4FXE,,,,,,,,,Requests-Tier2,,,,,ZWQ6Q48CRJXX4FXE.JRTCKXETXF.6YS6EN2CT7,444249164969,USD,0.0000016000,0.0000004000,OnDemand,Requests,,,,,,,,,,23742807738,,,,,,,,,,,,,,,
kpivunxwh7sg5bqdzlo5knudf2xjgg3stpz25g55tmdwk56hhaeq,2026-04-19T20:00:00Z/2026-04-19T21:00:00Z,,"Amazon Web Services, Inc.",AWS,Anniversary,430155298731,2026-04-01T00:00:00Z,2026-05-01T00:00:00Z,430155298731,Usage,2026-04-19T20:00:00Z,2026-04-19T21:00:00Z,AmazonS3,Requests-Tier2,ReadLogProps,,fincloud-cur-bucket-123,1.0000000000,,,USD,0.0000004000,0.0000004000,0.0000004000,0.0000004000,"$0.004 per 10,000 GET and all other requests",,"Amazon Web Services, Inc.",Amazon Simple Storage Service,,,,,,,,,,,,,,,,,,S3-API-Tier2,GET and all other requests,,,,,,,,,,US East (N. Virginia),AWS Region,,,,,,,,,,,,,,,,API Request,,us-east-1,us-east-1,AmazonS3,Amazon Simple Storage Service,ZWQ6Q48CRJXX4FXE,,,,,,,,,Requests-Tier2,,,,,ZWQ6Q48CRJXX4FXE.JRTCKXETXF.6YS6EN2CT7,444249164969,USD,0.0000004000,0.0000004000,OnDemand,Requests,,,,,,,,,,23742807738,,,,,,,,,,,,,,,
kpivunxwh7sg5bqdzlo5knudf2xjgg3stpz25g55tmdwk56hhaeq,2026-04-19T21:00:00Z/2026-04-19T22:00:00Z,,"Amazon Web Services, Inc.",AWS,Anniversary,430155298731,2026-04-01T00:00:00Z,2026-05-01T00:00:00Z,430155298731,Usage,2026-04-19T21:00:00Z,2026-04-19T22:00:00Z,AmazonS3,Requests-Tier2,ReadLogProps,,fincloud-cur-bucket-123,1.0000000000,,,USD,0.0000004000,0.0000004000,0.0000004000,0.0000004000,"$0.004 per 10,000 GET and all other requests",,"Amazon Web Services, Inc.",Amazon Simple Storage Service,,,,,,,,,,,,,,,,,,S3-API-Tier2,GET and all other requests,,,,,,,,,,US East (N. Virginia),AWS Region,,,,,,,,,,,,,,,,API Request,,us-east-1,us-east-1,AmazonS3,Amazon Simple Storage Service,ZWQ6Q48CRJXX4FXE,,,,,,,,,Requests-Tier2,,,,,ZWQ6Q48CRJXX4FXE.JRTCKXETXF.6YS6EN2CT7,444249164969,USD,0.0000004000,0.0000004000,OnDemand,Requests,,,,,,,,,,23742807738,,,,,,,,,,,,,,,
jrqgh3cr75jtoqccib7z2slcrx5dy6djf3m5fttedmztgsd6da7q,2026-04-20T20:00:00Z/2026-04-20T21:00:00Z,,"Amazon Web Services, Inc.",AWS,Anniversary,430155298731,2026-04-01T00:00:00Z,2026-05-01T00:00:00Z,430155298731,Usage,2026-04-20T20:00:00Z,2026-04-20T21:00:00Z,AmazonS3,Requests-Tier2,ReadLogProps,,fincloud-data-123,1.0000000000,,,USD,0.0000004000,0.0000004000,0.0000004000,0.0000004000,"$0.004 per 10,000 GET and all other requests",,"Amazon Web Services, Inc.",Amazon Simple Storage Service,,,,,,,,,,,,,,,,,,S3-API-Tier2,GET and all other requests,,,,,,,,,,US East (N. Virginia),AWS Region,,,,,,,,,,,,,,,,API Request,,us-east-1,us-east-1,AmazonS3,Amazon Simple Storage Service,ZWQ6Q48CRJXX4FXE,,,,,,,,,Requests-Tier2,,,,,ZWQ6Q48CRJXX4FXE.JRTCKXETXF.6YS6EN2CT7,444249164969,USD,0.0000004000,0.0000004000,OnDemand,Requests,,,,,,,,,,23742807738,,,,,,,,,,,,,,,
kpivunxwh7sg5bqdzlo5knudf2xjgg3stpz25g55tmdwk56hhaeq,2026-04-21T00:00:00Z/2026-04-21T01:00:00Z,,"Amazon Web Services, Inc.",AWS,Anniversary,430155298731,2026-04-01T00:00:00Z,2026-05-01T00:00:00Z,430155298731,Usage,2026-04-21T00:00:00Z,2026-04-21T01:00:00Z,AmazonS3,Requests-Tier2,ReadLogProps,,fincloud-cur-bucket-123,1.0000000000,,,USD,0.0000004000,0.0000004000,0.0000004000,0.0000004000,"$0.004 per 10,000 GET and all other requests",,"Amazon Web Services, Inc.",Amazon Simple Storage Service,,,,,,,,,,,,,,,,,,S3-API-Tier2,GET and all other requests,,,,,,,,,,US East (N. Virginia),AWS Region,,,,,,,,,,,,,,,,API Request,,us-east-1,us-east-1,AmazonS3,Amazon Simple Storage Service,ZWQ6Q48CRJXX4FXE,,,,,,,,,Requests-Tier2,,,,,ZWQ6Q48CRJXX4FXE.JRTCKXETXF.6YS6EN2CT7,444249164969,USD,0.0000004000,0.0000004000,OnDemand,Requests,,,,,,,,,,23742807738,,,,,,,,,,,,,,,
kpivunxwh7sg5bqdzlo5knudf2xjgg3stpz25g55tmdwk56hhaeq,2026-04-26T00:00:00Z/2026-04-26T01:00:00Z,,"Amazon Web Services, Inc.",AWS,Anniversary,430155298731,2026-04-01T00:00:00Z,2026-05-01T00:00:00Z,430155298731,Usage,2026-04-26T00:00:00Z,2026-04-26T01:00:00Z,AmazonS3,Requests-Tier2,ReadLogProps,,fincloud-cur-bucket-123,1.0000000000,,,USD,0.0000004000,0.0000004000,0.0000004000,0.0000004000,"$0.004 per 10,000 GET and all other requests",,"Amazon Web Services, Inc.",Amazon Simple Storage Service,,,,,,,,,,,,,,,,,,S3-API-Tier2,GET and all other requests,,,,,,,,,,US East (N. Virginia),AWS Region,,,,,,,,,,,,,,,,API Request,,us-east-1,us-east-1,AmazonS3,Amazon Simple Storage Service,ZWQ6Q48CRJXX4FXE,,,,,,,,,Requests-Tier2,,,,,ZWQ6Q48CRJXX4FXE.JRTCKXETXF.6YS6EN2CT7,444249164969,USD,0.0000004000,0.0000004000,OnDemand,Requests,,,,,,,,,,23742807738,,,,,,,,,,,,,,,
zbnebjxpfvmxcvfmuvpnjmo76i43uxjqbjni7aaq7z5mru3e52ea,2026-04-20T08:00:00Z/2026-04-20T09:00:00Z,,"Amazon Web Services, Inc.",AWS,Anniversary,430155298731,2026-04-01T00:00:00Z,2026-05-01T00:00:00Z,430155298731,Usage,2026-04-20T08:00:00Z,2026-04-20T09:00:00Z,AmazonS3,Requests-Tier2,ReadObjectTagging,,fincloud-cur-bucket-123,3.0000000000,,,USD,0.0000004000,0.0000012000,0.0000004000,0.0000012000,"$0.004 per 10,000 GET and all other requests",,"Amazon Web Services, Inc.",Amazon Simple Storage Service,,,,,,,,,,,,,,,,,,S3-API-Tier2,GET and all other requests,,,,,,,,,,US East (N. Virginia),AWS Region,,,,,,,,,,,,,,,,API Request,,us-east-1,us-east-1,AmazonS3,Amazon Simple Storage Service,ZWQ6Q48CRJXX4FXE,,,,,,,,,Requests-Tier2,,,,,ZWQ6Q48CRJXX4FXE.JRTCKXETXF.6YS6EN2CT7,444249164969,USD,0.0000012000,0.0000004000,OnDemand,Requests,,,,,,,,,,23742807738,,,,,,,,,,,,,,,
zbnebjxpfvmxcvfmuvpnjmo76i43uxjqbjni7aaq7z5mru3e52ea,2026-04-20T20:00:00Z/2026-04-20T21:00:00Z,,"Amazon Web Services, Inc.",AWS,Anniversary,430155298731,2026-04-01T00:00:00Z,2026-05-01T00:00:00Z,430155298731,Usage,2026-04-20T20:00:00Z,2026-04-20T21:00:00Z,AmazonS3,Requests-Tier2,ReadObjectTagging,,fincloud-cur-bucket-123,2.0000000000,,,USD,0.0000004000,0.0000008000,0.0000004000,0.0000008000,"$0.004 per 10,000 GET and all other requests",,"Amazon Web Services, Inc.",Amazon Simple Storage Service,,,,,,,,,,,,,,,,,,S3-API-Tier2,GET and all other requests,,,,,,,,,,US East (N. Virginia),AWS Region,,,,,,,,,,,,,,,,API Request,,us-east-1,us-east-1,AmazonS3,Amazon Simple Storage Service,ZWQ6Q48CRJXX4FXE,,,,,,,,,Requests-Tier2,,,,,ZWQ6Q48CRJXX4FXE.JRTCKXETXF.6YS6EN2CT7,444249164969,USD,0.0000008000,0.0000004000,OnDemand,Requests,,,,,,,,,,23742807738,,,,,,,,,,,,,,,
zbnebjxpfvmxcvfmuvpnjmo76i43uxjqbjni7aaq7z5mru3e52ea,2026-04-21T08:00:00Z/2026-04-21T09:00:00Z,,"Amazon Web Services, Inc.",AWS,Anniversary,430155298731,2026-04-01T00:00:00Z,2026-05-01T00:00:00Z,430155298731,Usage,2026-04-21T08:00:00Z,2026-04-21T09:00:00Z,AmazonS3,Requests-Tier2,ReadObjectTagging,,fincloud-cur-bucket-123,1.0000000000,,,USD,0.0000004000,0.0000004000,0.0000004000,0.0000004000,"$0.004 per 10,000 GET and all other requests",,"Amazon Web Services, Inc.",Amazon Simple Storage Service,,,,,,,,,,,,,,,,,,S3-API-Tier2,GET and all other requests,,,,,,,,,,US East (N. Virginia),AWS Region,,,,,,,,,,,,,,,,API Request,,us-east-1,us-east-1,AmazonS3,Amazon Simple Storage Service,ZWQ6Q48CRJXX4FXE,,,,,,,,,Requests-Tier2,,,,,ZWQ6Q48CRJXX4FXE.JRTCKXETXF.6YS6EN2CT7,444249164969,USD,0.0000004000,0.0000004000,OnDemand,Requests,,,,,,,,,,23742807738,,,,,,,,,,,,,,,
zbnebjxpfvmxcvfmuvpnjmo76i43uxjqbjni7aaq7z5mru3e52ea,2026-04-21T12:00:00Z/2026-04-21T13:00:00Z,,"Amazon Web Services, Inc.",AWS,Anniversary,430155298731,2026-04-01T00:00:00Z,2026-05-01T00:00:00Z,430155298731,Usage,2026-04-21T12:00:00Z,2026-04-21T13:00:00Z,AmazonS3,Requests-Tier2,ReadObjectTagging,,fincloud-cur-bucket-123,3.0000000000,,,USD,0.0000004000,0.0000012000,0.0000004000,0.0000012000,"$0.004 per 10,000 GET and all other requests",,"Amazon Web Services, Inc.",Amazon Simple Storage Service,,,,,,,,,,,,,,,,,,S3-API-Tier2,GET and all other requests,,,,,,,,,,US East (N. Virginia),AWS Region,,,,,,,,,,,,,,,,API Request,,us-east-1,us-east-1,AmazonS3,Amazon Simple Storage Service,ZWQ6Q48CRJXX4FXE,,,,,,,,,Requests-Tier2,,,,,ZWQ6Q48CRJXX4FXE.JRTCKXETXF.6YS6EN2CT7,444249164969,USD,0.0000012000,0.0000004000,OnDemand,Requests,,,,,,,,,,23742807738,,,,,,,,,,,,,,,
vy5mfyctnovi2lttmbseby7vllhkldoe5azmujo7mraxnjq4watq,2026-04-19T20:00:00Z/2026-04-19T21:00:00Z,,"Amazon Web Services, Inc.",AWS,Anniversary,430155298731,2026-04-01T00:00:00Z,2026-05-01T00:00:00Z,430155298731,Usage,2026-04-19T20:00:00Z,2026-04-19T21:00:00Z,AmazonS3,Requests-Tier2,ReadVersioningProps,,fincloud-cur-bucket-123,2.0000000000,,,USD,0.0000004000,0.0000008000,0.0000004000,0.0000008000,"$0.004 per 10,000 GET and all other requests",,"Amazon Web Services, Inc.",Amazon Simple Storage Service,,,,,,,,,,,,,,,,,,S3-API-Tier2,GET and all other requests,,,,,,,,,,US East (N. Virginia),AWS Region,,,,,,,,,,,,,,,,API Request,,us-east-1,us-east-1,AmazonS3,Amazon Simple Storage Service,ZWQ6Q48CRJXX4FXE,,,,,,,,,Requests-Tier2,,,,,ZWQ6Q48CRJXX4FXE.JRTCKXETXF.6YS6EN2CT7,444249164969,USD,0.0000008000,0.0000004000,OnDemand,Requests,,,,,,,,,,23742807738,,,,,,,,,,,,,,,
vy5mfyctnovi2lttmbseby7vllhkldoe5azmujo7mraxnjq4watq,2026-04-19T22:00:00Z/2026-04-19T23:00:00Z,,"Amazon Web Services, Inc.",AWS,Anniversary,430155298731,2026-04-01T00:00:00Z,2026-05-01T00:00:00Z,430155298731,Usage,2026-04-19T22:00:00Z,2026-04-19T23:00:00Z,AmazonS3,Requests-Tier2,ReadVersioningProps,,fincloud-cur-bucket-123,1.0000000000,,,USD,0.0000004000,0.0000004000,0.0000004000,0.0000004000,"$0.004 per 10,000 GET and all other requests",,"Amazon Web Services, Inc.",Amazon Simple Storage Service,,,,,,,,,,,,,,,,,,S3-API-Tier2,GET and all other requests,,,,,,,,,,US East (N. Virginia),AWS Region,,,,,,,,,,,,,,,,API Request,,us-east-1,us-east-1,AmazonS3,Amazon Simple Storage Service,ZWQ6Q48CRJXX4FXE,,,,,,,,,Requests-Tier2,,,,,ZWQ6Q48CRJXX4FXE.JRTCKXETXF.6YS6EN2CT7,444249164969,USD,0.0000004000,0.0000004000,OnDemand,Requests,,,,,,,,,,23742807738,,,,,,,,,,,,,,,
vy5mfyctnovi2lttmbseby7vllhkldoe5azmujo7mraxnjq4watq,2026-04-20T08:00:00Z/2026-04-20T09:00:00Z,,"Amazon Web Services, Inc.",AWS,Anniversary,430155298731,2026-04-01T00:00:00Z,2026-05-01T00:00:00Z,430155298731,Usage,2026-04-20T08:00:00Z,2026-04-20T09:00:00Z,AmazonS3,Requests-Tier2,ReadVersioningProps,,fincloud-cur-bucket-123,7.0000000000,,,USD,0.0000004000,0.0000028000,0.0000004000,0.0000028000,"$0.004 per 10,000 GET and all other requests",,"Amazon Web Services, Inc.",Amazon Simple Storage Service,,,,,,,,,,,,,,,,,,S3-API-Tier2,GET and all other requests,,,,,,,,,,US East (N. Virginia),AWS Region,,,,,,,,,,,,,,,,API Request,,us-east-1,us-east-1,AmazonS3,Amazon Simple Storage Service,ZWQ6Q48CRJXX4FXE,,,,,,,,,Requests-Tier2,,,,,ZWQ6Q48CRJXX4FXE.JRTCKXETXF.6YS6EN2CT7,444249164969,USD,0.0000028000,0.0000004000,OnDemand,Requests,,,,,,,,,,23742807738,,,,,,,,,,,,,,,
vy5mfyctnovi2lttmbseby7vllhkldoe5azmujo7mraxnjq4watq,2026-04-20T20:00:00Z/2026-04-20T21:00:00Z,,"Amazon Web Services, Inc.",AWS,Anniversary,430155298731,2026-04-01T00:00:00Z,2026-05-01T00:00:00Z,430155298731,Usage,2026-04-20T20:00:00Z,2026-04-20T21:00:00Z,AmazonS3,Requests-Tier2,ReadVersioningProps,,fincloud-cur-bucket-123,4.0000000000,,,USD,0.0000004000,0.0000016000,0.0000004000,0.0000016000,"$0.004 per 10,000 GET and all other requests",,"Amazon Web Services, Inc.",Amazon Simple Storage Service,,,,,,,,,,,,,,,,,,S3-API-Tier2,GET and all other requests,,,,,,,,,,US East (N. Virginia),AWS Region,,,,,,,,,,,,,,,,API Request,,us-east-1,us-east-1,AmazonS3,Amazon Simple Storage Service,ZWQ6Q48CRJXX4FXE,,,,,,,,,Requests-Tier2,,,,,ZWQ6Q48CRJXX4FXE.JRTCKXETXF.6YS6EN2CT7,444249164969,USD,0.0000016000,0.0000004000,OnDemand,Requests,,,,,,,,,,23742807738,,,,,,,,,,,,,,,
7puoq6swkgzvpyyqdy6jwrj35uz5kf44jptapp4qdmzcjbvkovwq,2026-04-20T20:00:00Z/2026-04-20T21:00:00Z,,"Amazon Web Services, Inc.",AWS,Anniversary,430155298731,2026-04-01T00:00:00Z,2026-05-01T00:00:00Z,430155298731,Usage,2026-04-20T20:00:00Z,2026-04-20T21:00:00Z,AmazonS3,Requests-Tier2,ReadVersioningProps,,fincloud-data-123,6.0000000000,,,USD,0.0000004000,0.0000024000,0.0000004000,0.0000024000,"$0.004 per 10,000 GET and all other requests",,"Amazon Web Services, Inc.",Amazon Simple Storage Service,,,,,,,,,,,,,,,,,,S3-API-Tier2,GET and all other requests,,,,,,,,,,US East (N. Virginia),AWS Region,,,,,,,,,,,,,,,,API Request,,us-east-1,us-east-1,AmazonS3,Amazon Simple Storage Service,ZWQ6Q48CRJXX4FXE,,,,,,,,,Requests-Tier2,,,,,ZWQ6Q48CRJXX4FXE.JRTCKXETXF.6YS6EN2CT7,444249164969,USD,0.0000024000,0.0000004000,OnDemand,Requests,,,,,,,,,,23742807738,,,,,,,,,,,,,,,
7puoq6swkgzvpyyqdy6jwrj35uz5kf44jptapp4qdmzcjbvkovwq,2026-04-20T21:00:00Z/2026-04-20T22:00:00Z,,"Amazon Web Services, Inc.",AWS,Anniversary,430155298731,2026-04-01T00:00:00Z,2026-05-01T00:00:00Z,430155298731,Usage,2026-04-20T21:00:00Z,2026-04-20T22:00:00Z,AmazonS3,Requests-Tier2,ReadVersioningProps,,fincloud-data-123,1.0000000000,,,USD,0.0000004000,0.0000004000,0.0000004000,0.0000004000,"$0.004 per 10,000 GET and all other requests",,"Amazon Web Services, Inc.",Amazon Simple Storage Service,,,,,,,,,,,,,,,,,,S3-API-Tier2,GET and all other requests,,,,,,,,,,US East (N. Virginia),AWS Region,,,,,,,,,,,,,,,,API Request,,us-east-1,us-east-1,AmazonS3,Amazon Simple Storage Service,ZWQ6Q48CRJXX4FXE,,,,,,,,,Requests-Tier2,,,,,ZWQ6Q48CRJXX4FXE.JRTCKXETXF.6YS6EN2CT7,444249164969,USD,0.0000004000,0.0000004000,OnDemand,Requests,,,,,,,,,,23742807738,,,,,,,,,,,,,,,
vy5mfyctnovi2lttmbseby7vllhkldoe5azmujo7mraxnjq4watq,2026-04-21T08:00:00Z/2026-04-21T09:00:00Z,,"Amazon Web Services, Inc.",AWS,Anniversary,430155298731,2026-04-01T00:00:00Z,2026-05-01T00:00:00Z,430155298731,Usage,2026-04-21T08:00:00Z,2026-04-21T09:00:00Z,AmazonS3,Requests-Tier2,ReadVersioningProps,,fincloud-cur-bucket-123,2.0000000000,,,USD,0.0000004000,0.0000008000,0.0000004000,0.0000008000,"$0.004 per 10,000 GET and all other requests",,"Amazon Web Services, Inc.",Amazon Simple Storage Service,,,,,,,,,,,,,,,,,,S3-API-Tier2,GET and all other requests,,,,,,,,,,US East (N. Virginia),AWS Region,,,,,,,,,,,,,,,,API Request,,us-east-1,us-east-1,AmazonS3,Amazon Simple Storage Service,ZWQ6Q48CRJXX4FXE,,,,,,,,,Requests-Tier2,,,,,ZWQ6Q48CRJXX4FXE.JRTCKXETXF.6YS6EN2CT7,444249164969,USD,0.0000008000,0.0000004000,OnDemand,Requests,,,,,,,,,,23742807738,,,,,,,,,,,,,,,
vy5mfyctnovi2lttmbseby7vllhkldoe5azmujo7mraxnjq4watq,2026-04-21T11:00:00Z/2026-04-21T12:00:00Z,,"Amazon Web Services, Inc.",AWS,Anniversary,430155298731,2026-04-01T00:00:00Z,2026-05-01T00:00:00Z,430155298731,Usage,2026-04-21T11:00:00Z,2026-04-21T12:00:00Z,AmazonS3,Requests-Tier2,ReadVersioningProps,,fincloud-cur-bucket-123,1.0000000000,,,USD,0.0000004000,0.0000004000,0.0000004000,0.0000004000,"$0.004 per 10,000 GET and all other requests",,"Amazon Web Services, Inc.",Amazon Simple Storage Service,,,,,,,,,,,,,,,,,,S3-API-Tier2,GET and all other requests,,,,,,,,,,US East (N. Virginia),AWS Region,,,,,,,,,,,,,,,,API Request,,us-east-1,us-east-1,AmazonS3,Amazon Simple Storage Service,ZWQ6Q48CRJXX4FXE,,,,,,,,,Requests-Tier2,,,,,ZWQ6Q48CRJXX4FXE.JRTCKXETXF.6YS6EN2CT7,444249164969,USD,0.0000004000,0.0000004000,OnDemand,Requests,,,,,,,,,,23742807738,,,,,,,,,,,,,,,
vy5mfyctnovi2lttmbseby7vllhkldoe5azmujo7mraxnjq4watq,2026-04-21T12:00:00Z/2026-04-21T13:00:00Z,,"Amazon Web Services, Inc.",AWS,Anniversary,430155298731,2026-04-01T00:00:00Z,2026-05-01T00:00:00Z,430155298731,Usage,2026-04-21T12:00:00Z,2026-04-21T13:00:00Z,AmazonS3,Requests-Tier2,ReadVersioningProps,,fincloud-cur-bucket-123,9.0000000000,,,USD,0.0000004000,0.0000036000,0.0000004000,0.0000036000,"$0.004 per 10,000 GET and all other requests",,"Amazon Web Services, Inc.",Amazon Simple Storage Service,,,,,,,,,,,,,,,,,,S3-API-Tier2,GET and all other requests,,,,,,,,,,US East (N. Virginia),AWS Region,,,,,,,,,,,,,,,,API Request,,us-east-1,us-east-1,AmazonS3,Amazon Simple Storage Service,ZWQ6Q48CRJXX4FXE,,,,,,,,,Requests-Tier2,,,,,ZWQ6Q48CRJXX4FXE.JRTCKXETXF.6YS6EN2CT7,444249164969,USD,0.0000036000,0.0000004000,OnDemand,Requests,,,,,,,,,,23742807738,,,,,,,,,,,,,,,
rs6racp7chd25dbhcgpubraclejvt637ydqzenpnlkobuawnqwnq,2026-04-16T19:00:00Z/2026-04-16T20:00:00Z,,"Amazon Web Services, Inc.",AWS,Anniversary,430155298731,2026-04-01T00:00:00Z,2026-05-01T00:00:00Z,430155298731,Usage,2026-04-16T19:00:00Z,2026-04-16T20:00:00Z,AmazonS3,EUN1-Requests-Tier1,CompleteMultipartUpload,,fincloud-s3-demo,1.0000000000,,,USD,0.0000050000,0.0000050000,0.0000050000,0.0000050000,"$0.005 per 1,000 PUT, COPY, POST, or LIST requests",,"Amazon Web Services, Inc.",Amazon Simple Storage Service,,,,,,,,,,,,,,,,,,S3-API-Tier1,PUT/COPY/POST or LIST requests,,,,,,,,,,EU (Stockholm),AWS Region,,,,,,,,,,,,,,,,API Request,,eu-north-1,eu-north-1,AmazonS3,Amazon Simple Storage Service,GRMX7KKGXZWXWYA7,,,,,,,,,EUN1-Requests-Tier1,,,,,GRMX7KKGXZWXWYA7.JRTCKXETXF.6YS6EN2CT7,444249174638,USD,0.0000050000,0.0000050000,OnDemand,Requests,,,,,,,,,,23742807738,,,,,,,,,,,,,,,
46tdwptm6qaybkadslhtja5ldgqv5f3wncbfoupl4nbq7cjjqvka,2026-04-19T21:00:00Z/2026-04-19T22:00:00Z,,"Amazon Web Services, Inc.",AWS,Anniversary,430155298731,2026-04-01T00:00:00Z,2026-05-01T00:00:00Z,430155298731,Usage,2026-04-19T21:00:00Z,2026-04-19T22:00:00Z,AmazonS3,EUN1-Requests-Tier1,CompleteMultipartUpload,,fincloud-data-xyz,1.0000000000,,,USD,0.0000050000,0.0000050000,0.0000050000,0.0000050000,"$0.005 per 1,000 PUT, COPY, POST, or LIST requests",,"Amazon Web Services, Inc.",Amazon Simple Storage Service,,,,,,,,,,,,,,,,,,S3-API-Tier1,PUT/COPY/POST or LIST requests,,,,,,,,,,EU (Stockholm),AWS Region,,,,,,,,,,,,,,,,API Request,,eu-north-1,eu-north-1,AmazonS3,Amazon Simple Storage Service,GRMX7KKGXZWXWYA7,,,,,,,,,EUN1-Requests-Tier1,,,,,GRMX7KKGXZWXWYA7.JRTCKXETXF.6YS6EN2CT7,444249174638,USD,0.0000050000,0.0000050000,OnDemand,Requests,,,,,,,,,,23742807738,,,,,,,,,,,,,,,
46tdwptm6qaybkadslhtja5ldgqv5f3wncbfoupl4nbq7cjjqvka,2026-04-19T22:00:00Z/2026-04-19T23:00:00Z,,"Amazon Web Services, Inc.",AWS,Anniversary,430155298731,2026-04-01T00:00:00Z,2026-05-01T00:00:00Z,430155298731,Usage,2026-04-19T22:00:00Z,2026-04-19T23:00:00Z,AmazonS3,EUN1-Requests-Tier1,CompleteMultipartUpload,,fincloud-data-xyz,3.0000000000,,,USD,0.0000050000,0.0000150000,0.0000050000,0.0000150000,"$0.005 per 1,000 PUT, COPY, POST, or LIST requests",,"Amazon Web Services, Inc.",Amazon Simple Storage Service,,,,,,,,,,,,,,,,,,S3-API-Tier1,PUT/COPY/POST or LIST requests,,,,,,,,,,EU (Stockholm),AWS Region,,,,,,,,,,,,,,,,API Request,,eu-north-1,eu-north-1,AmazonS3,Amazon Simple Storage Service,GRMX7KKGXZWXWYA7,,,,,,,,,EUN1-Requests-Tier1,,,,,GRMX7KKGXZWXWYA7.JRTCKXETXF.6YS6EN2CT7,444249174638,USD,0.0000150000,0.0000050000,OnDemand,Requests,,,,,,,,,,23742807738,,,,,,,,,,,,,,,
pmaatcyxfopygljprhf2w2ahen2el5r7iij6afw6r2ax77ivpq6q,2026-04-16T19:00:00Z/2026-04-16T20:00:00Z,,"Amazon Web Services, Inc.",AWS,Anniversary,430155298731,2026-04-01T00:00:00Z,2026-05-01T00:00:00Z,430155298731,Usage,2026-04-16T19:00:00Z,2026-04-16T20:00:00Z,AmazonS3,EUN1-Requests-Tier1,InitiateMultipartUpload,,fincloud-s3-demo,1.0000000000,,,USD,0.0000050000,0.0000050000,0.0000050000,0.0000050000,"$0.005 per 1,000 PUT, COPY, POST, or LIST requests",,"Amazon Web Services, Inc.",Amazon Simple Storage Service,,,,,,,,,,,,,,,,,,S3-API-Tier1,PUT/COPY/POST or LIST requests,,,,,,,,,,EU (Stockholm),AWS Region,,,,,,,,,,,,,,,,API Request,,eu-north-1,eu-north-1,AmazonS3,Amazon Simple Storage Service,GRMX7KKGXZWXWYA7,,,,,,,,,EUN1-Requests-Tier1,,,,,GRMX7KKGXZWXWYA7.JRTCKXETXF.6YS6EN2CT7,444249174638,USD,0.0000050000,0.0000050000,OnDemand,Requests,,,,,,,,,,23742807738,,,,,,,,,,,,,,,
lwvoxvbi7ybtqaax2ozxjdnghfjaf7myzrfahzbadmqwunm7hlba,2026-04-19T21:00:00Z/2026-04-19T22:00:00Z,,"Amazon Web Services, Inc.",AWS,Anniversary,430155298731,2026-04-01T00:00:00Z,2026-05-01T00:00:00Z,430155298731,Usage,2026-04-19T21:00:00Z,2026-04-19T22:00:00Z,AmazonS3,EUN1-Requests-Tier1,InitiateMultipartUpload,,fincloud-data-xyz,1.0000000000,,,USD,0.0000050000,0.0000050000,0.0000050000,0.0000050000,"$0.005 per 1,000 PUT, COPY, POST, or LIST requests",,"Amazon Web Services, Inc.",Amazon Simple Storage Service,,,,,,,,,,,,,,,,,,S3-API-Tier1,PUT/COPY/POST or LIST requests,,,,,,,,,,EU (Stockholm),AWS Region,,,,,,,,,,,,,,,,API Request,,eu-north-1,eu-north-1,AmazonS3,Amazon Simple Storage Service,GRMX7KKGXZWXWYA7,,,,,,,,,EUN1-Requests-Tier1,,,,,GRMX7KKGXZWXWYA7.JRTCKXETXF.6YS6EN2CT7,444249174638,USD,0.0000050000,0.0000050000,OnDemand,Requests,,,,,,,,,,23742807738,,,,,,,,,,,,,,,
lwvoxvbi7ybtqaax2ozxjdnghfjaf7myzrfahzbadmqwunm7hlba,2026-04-19T22:00:00Z/2026-04-19T23:00:00Z,,"Amazon Web Services, Inc.",AWS,Anniversary,430155298731,2026-04-01T00:00:00Z,2026-05-01T00:00:00Z,430155298731,Usage,2026-04-19T22:00:00Z,2026-04-19T23:00:00Z,AmazonS3,EUN1-Requests-Tier1,InitiateMultipartUpload,,fincloud-data-xyz,3.0000000000,,,USD,0.0000050000,0.0000150000,0.0000050000,0.0000150000,"$0.005 per 1,000 PUT, COPY, POST, or LIST requests",,"Amazon Web Services, Inc.",Amazon Simple Storage Service,,,,,,,,,,,,,,,,,,S3-API-Tier1,PUT/COPY/POST or LIST requests,,,,,,,,,,EU (Stockholm),AWS Region,,,,,,,,,,,,,,,,API Request,,eu-north-1,eu-north-1,AmazonS3,Amazon Simple Storage Service,GRMX7KKGXZWXWYA7,,,,,,,,,EUN1-Requests-Tier1,,,,,GRMX7KKGXZWXWYA7.JRTCKXETXF.6YS6EN2CT7,444249174638,USD,0.0000150000,0.0000050000,OnDemand,Requests,,,,,,,,,,23742807738,,,,,,,,,,,,,,,
em3papgvjxksoyg2qve77ypondw4gudissqwrc6fhmwwrcj4fohq,2026-04-16T16:00:00Z/2026-04-16T17:00:00Z,,"Amazon Web Services, Inc.",AWS,Anniversary,430155298731,2026-04-01T00:00:00Z,2026-05-01T00:00:00Z,430155298731,Usage,2026-04-16T16:00:00Z,2026-04-16T17:00:00Z,AmazonS3,EUN1-Requests-Tier1,ListAllMyDirectoryBuckets,,,1.0000000000,,,USD,0.0000050000,0.0000050000,0.0000050000,0.0000050000,"$0.005 per 1,000 PUT, COPY, POST, or LIST requests",,"Amazon Web Services, Inc.",Amazon Simple Storage Service,,,,,,,,,,,,,,,,,,S3-API-Tier1,PUT/COPY/POST or LIST requests,,,,,,,,,,EU (Stockholm),AWS Region,,,,,,,,,,,,,,,,API Request,,eu-north-1,eu-north-1,AmazonS3,Amazon Simple Storage Service,GRMX7KKGXZWXWYA7,,,,,,,,,EUN1-Requests-Tier1,,,,,GRMX7KKGXZWXWYA7.JRTCKXETXF.6YS6EN2CT7,444249174638,USD,0.0000050000,0.0000050000,OnDemand,Requests,,,,,,,,,,23742807738,,,,,,,,,,,,,,,
em3papgvjxksoyg2qve77ypondw4gudissqwrc6fhmwwrcj4fohq,2026-04-16T17:00:00Z/2026-04-16T18:00:00Z,,"Amazon Web Services, Inc.",AWS,Anniversary,430155298731,2026-04-01T00:00:00Z,2026-05-01T00:00:00Z,430155298731,Usage,2026-04-16T17:00:00Z,2026-04-16T18:00:00Z,AmazonS3,EUN1-Requests-Tier1,ListAllMyDirectoryBuckets,,,1.0000000000,,,USD,0.0000050000,0.0000050000,0.0000050000,0.0000050000,"$0.005 per 1,000 PUT, COPY, POST, or LIST requests",,"Amazon Web Services, Inc.",Amazon Simple Storage Service,,,,,,,,,,,,,,,,,,S3-API-Tier1,PUT/COPY/POST or LIST requests,,,,,,,,,,EU (Stockholm),AWS Region,,,,,,,,,,,,,,,,API Request,,eu-north-1,eu-north-1,AmazonS3,Amazon Simple Storage Service,GRMX7KKGXZWXWYA7,,,,,,,,,EUN1-Requests-Tier1,,,,,GRMX7KKGXZWXWYA7.JRTCKXETXF.6YS6EN2CT7,444249174638,USD,0.0000050000,0.0000050000,OnDemand,Requests,,,,,,,,,,23742807738,,,,,,,,,,,,,,,
em3papgvjxksoyg2qve77ypondw4gudissqwrc6fhmwwrcj4fohq,2026-04-21T16:00:00Z/2026-04-21T17:00:00Z,,"Amazon Web Services, Inc.",AWS,Anniversary,430155298731,2026-04-01T00:00:00Z,2026-05-01T00:00:00Z,430155298731,Usage,2026-04-21T16:00:00Z,2026-04-21T17:00:00Z,AmazonS3,EUN1-Requests-Tier1,ListAllMyDirectoryBuckets,,,1.0000000000,,,USD,0.0000050000,0.0000050000,0.0000050000,0.0000050000,"$0.005 per 1,000 PUT, COPY, POST, or LIST requests",,"Amazon Web Services, Inc.",Amazon Simple Storage Service,,,,,,,,,,,,,,,,,,S3-API-Tier1,PUT/COPY/POST or LIST requests,,,,,,,,,,EU (Stockholm),AWS Region,,,,,,,,,,,,,,,,API Request,,eu-north-1,eu-north-1,AmazonS3,Amazon Simple Storage Service,GRMX7KKGXZWXWYA7,,,,,,,,,EUN1-Requests-Tier1,,,,,GRMX7KKGXZWXWYA7.JRTCKXETXF.6YS6EN2CT7,444249174638,USD,0.0000050000,0.0000050000,OnDemand,Requests,,,,,,,,,,23742807738,,,,,,,,,,,,,,,
em3papgvjxksoyg2qve77ypondw4gudissqwrc6fhmwwrcj4fohq,2026-04-27T09:00:00Z/2026-04-27T10:00:00Z,,"Amazon Web Services, Inc.",AWS,Anniversary,430155298731,2026-04-01T00:00:00Z,2026-05-01T00:00:00Z,430155298731,Usage,2026-04-27T09:00:00Z,2026-04-27T10:00:00Z,AmazonS3,EUN1-Requests-Tier1,ListAllMyDirectoryBuckets,,,1.0000000000,,,USD,0.0000050000,0.0000050000,0.0000050000,0.0000050000,"$0.005 per 1,000 PUT, COPY, POST, or LIST requests",,"Amazon Web Services, Inc.",Amazon Simple Storage Service,,,,,,,,,,,,,,,,,,S3-API-Tier1,PUT/COPY/POST or LIST requests,,,,,,,,,,EU (Stockholm),AWS Region,,,,,,,,,,,,,,,,API Request,,eu-north-1,eu-north-1,AmazonS3,Amazon Simple Storage Service,GRMX7KKGXZWXWYA7,,,,,,,,,EUN1-Requests-Tier1,,,,,GRMX7KKGXZWXWYA7.JRTCKXETXF.6YS6EN2CT7,444249174638,USD,0.0000050000,0.0000050000,OnDemand,Requests,,,,,,,,,,23742807738,,,,,,,,,,,,,,,
hgoewl6lmxdx6nwtsnjdtm44zxu6cwytplre6m2dszdbrj2sa5ya,2026-04-16T19:00:00Z/2026-04-16T20:00:00Z,,"Amazon Web Services, Inc.",AWS,Anniversary,430155298731,2026-04-01T00:00:00Z,2026-05-01T00:00:00Z,430155298731,Usage,2026-04-16T19:00:00Z,2026-04-16T20:00:00Z,AmazonS3,EUN1-Requests-Tier1,ListBucket,,fincloud-s3-demo,1.0000000000,,,USD,0.0000050000,0.0000050000,0.0000050000,0.0000050000,"$0.005 per 1,000 PUT, COPY, POST, or LIST requests",,"Amazon Web Services, Inc.",Amazon Simple Storage Service,,,,,,,,,,,,,,,,,,S3-API-Tier1,PUT/COPY/POST or LIST requests,,,,,,,,,,EU (Stockholm),AWS Region,,,,,,,,,,,,,,,,API Request,,eu-north-1,eu-north-1,AmazonS3,Amazon Simple Storage Service,GRMX7KKGXZWXWYA7,,,,,,,,,EUN1-Requests-Tier1,,,,,GRMX7KKGXZWXWYA7.JRTCKXETXF.6YS6EN2CT7,444249174638,USD,0.0000050000,0.0000050000,OnDemand,Requests,,,,,,,,,,23742807738,,,,,,,,,,,,,,,
hgoewl6lmxdx6nwtsnjdtm44zxu6cwytplre6m2dszdbrj2sa5ya,2026-04-16T22:00:00Z/2026-04-16T23:00:00Z,,"Amazon Web Services, Inc.",AWS,Anniversary,430155298731,2026-04-01T00:00:00Z,2026-05-01T00:00:00Z,430155298731,Usage,2026-04-16T22:00:00Z,2026-04-16T23:00:00Z,AmazonS3,EUN1-Requests-Tier1,ListBucket,,fincloud-s3-demo,2.0000000000,,,USD,0.0000050000,0.0000100000,0.0000050000,0.0000100000,"$0.005 per 1,000 PUT, COPY, POST, or LIST requests",,"Amazon Web Services, Inc.",Amazon Simple Storage Service,,,,,,,,,,,,,,,,,,S3-API-Tier1,PUT/COPY/POST or LIST requests,,,,,,,,,,EU (Stockholm),AWS Region,,,,,,,,,,,,,,,,API Request,,eu-north-1,eu-north-1,AmazonS3,Amazon Simple Storage Service,GRMX7KKGXZWXWYA7,,,,,,,,,EUN1-Requests-Tier1,,,,,GRMX7KKGXZWXWYA7.JRTCKXETXF.6YS6EN2CT7,444249174638,USD,0.0000100000,0.0000050000,OnDemand,Requests,,,,,,,,,,23742807738,,,,,,,,,,,,,,,
xe3jcjaf323be6hjsmsogxpa7fh6qaut2txlvkidgkpe5dwkskka,2026-04-19T21:00:00Z/2026-04-19T22:00:00Z,,"Amazon Web Services, Inc.",AWS,Anniversary,430155298731,2026-04-01T00:00:00Z,2026-05-01T00:00:00Z,430155298731,Usage,2026-04-19T21:00:00Z,2026-04-19T22:00:00Z,AmazonS3,EUN1-Requests-Tier1,ListBucket,,fincloud-data-xyz,1.0000000000,,,USD,0.0000050000,0.0000050000,0.0000050000,0.0000050000,"$0.005 per 1,000 PUT, COPY, POST, or LIST requests",,"Amazon Web Services, Inc.",Amazon Simple Storage Service,,,,,,,,,,,,,,,,,,S3-API-Tier1,PUT/COPY/POST or LIST requests,,,,,,,,,,EU (Stockholm),AWS Region,,,,,,,,,,,,,,,,API Request,,eu-north-1,eu-north-1,AmazonS3,Amazon Simple Storage Service,GRMX7KKGXZWXWYA7,,,,,,,,,EUN1-Requests-Tier1,,,,,GRMX7KKGXZWXWYA7.JRTCKXETXF.6YS6EN2CT7,444249174638,USD,0.0000050000,0.0000050000,OnDemand,Requests,,,,,,,,,,23742807738,,,,,,,,,,,,,,,
xe3jcjaf323be6hjsmsogxpa7fh6qaut2txlvkidgkpe5dwkskka,2026-04-19T22:00:00Z/2026-04-19T23:00:00Z,,"Amazon Web Services, Inc.",AWS,Anniversary,430155298731,2026-04-01T00:00:00Z,2026-05-01T00:00:00Z,430155298731,Usage,2026-04-19T22:00:00Z,2026-04-19T23:00:00Z,AmazonS3,EUN1-Requests-Tier1,ListBucket,,fincloud-data-xyz,7.0000000000,,,USD,0.0000050000,0.0000350000,0.0000050000,0.0000350000,"$0.005 per 1,000 PUT, COPY, POST, or LIST requests",,"Amazon Web Services, Inc.",Amazon Simple Storage Service,,,,,,,,,,,,,,,,,,S3-API-Tier1,PUT/COPY/POST or LIST requests,,,,,,,,,,EU (Stockholm),AWS Region,,,,,,,,,,,,,,,,API Request,,eu-north-1,eu-north-1,AmazonS3,Amazon Simple Storage Service,GRMX7KKGXZWXWYA7,,,,,,,,,EUN1-Requests-Tier1,,,,,GRMX7KKGXZWXWYA7.JRTCKXETXF.6YS6EN2CT7,444249174638,USD,0.0000350000,0.0000050000,OnDemand,Requests,,,,,,,,,,23742807738,,,,,,,,,,,,,,,
jenaaqkeop3ifxw7d7jpcg6zjpw6xrh2gh6pthasca7qa4d5d4aa,2026-04-16T22:00:00Z/2026-04-16T23:00:00Z,,"Amazon Web Services, Inc.",AWS,Anniversary,430155298731,2026-04-01T00:00:00Z,2026-05-01T00:00:00Z,430155298731,Usage,2026-04-16T22:00:00Z,2026-04-16T23:00:00Z,AmazonS3,EUN1-Requests-Tier1,ListBucketVersions,,fincloud-s3-demo,1.0000000000,,,USD,0.0000050000,0.0000050000,0.0000050000,0.0000050000,"$0.005 per 1,000 PUT, COPY, POST, or LIST requests",,"Amazon Web Services, Inc.",Amazon Simple Storage Service,,,,,,,,,,,,,,,,,,S3-API-Tier1,PUT/COPY/POST or LIST requests,,,,,,,,,,EU (Stockholm),AWS Region,,,,,,,,,,,,,,,,API Request,,eu-north-1,eu-north-1,AmazonS3,Amazon Simple Storage Service,GRMX7KKGXZWXWYA7,,,,,,,,,EUN1-Requests-Tier1,,,,,GRMX7KKGXZWXWYA7.JRTCKXETXF.6YS6EN2CT7,444249174638,USD,0.0000050000,0.0000050000,OnDemand,Requests,,,,,,,,,,23742807738,,,,,,,,,,,,,,,
j6zokp33rqmkvejxfcehuawg5jz7pt6fsiwgial63ms3pywjlvqq,2026-04-19T22:00:00Z/2026-04-19T23:00:00Z,,"Amazon Web Services, Inc.",AWS,Anniversary,430155298731,2026-04-01T00:00:00Z,2026-05-01T00:00:00Z,430155298731,Usage,2026-04-19T22:00:00Z,2026-04-19T23:00:00Z,AmazonS3,EUN1-Requests-Tier1,ListBucketVersions,,fincloud-data-xyz,1.0000000000,,,USD,0.0000050000,0.0000050000,0.0000050000,0.0000050000,"$0.005 per 1,000 PUT, COPY, POST, or LIST requests",,"Amazon Web Services, Inc.",Amazon Simple Storage Service,,,,,,,,,,,,,,,,,,S3-API-Tier1,PUT/COPY/POST or LIST requests,,,,,,,,,,EU (Stockholm),AWS Region,,,,,,,,,,,,,,,,API Request,,eu-north-1,eu-north-1,AmazonS3,Amazon Simple Storage Service,GRMX7KKGXZWXWYA7,,,,,,,,,EUN1-Requests-Tier1,,,,,GRMX7KKGXZWXWYA7.JRTCKXETXF.6YS6EN2CT7,444249174638,USD,0.0000050000,0.0000050000,OnDemand,Requests,,,,,,,,,,23742807738,,,,,,,,,,,,,,,
dw3xwzxbazi56sd4cbbs3ygcyeyvu7sy2wzb3hukngyha4nxsecq,2026-04-16T19:00:00Z/2026-04-16T20:00:00Z,,"Amazon Web Services, Inc.",AWS,Anniversary,430155298731,2026-04-01T00:00:00Z,2026-05-01T00:00:00Z,430155298731,Usage,2026-04-16T19:00:00Z,2026-04-16T20:00:00Z,AmazonS3,EUN1-Requests-Tier1,PutObject,,fincloud-s3-demo,3.0000000000,,,USD,0.0000050000,0.0000150000,0.0000050000,0.0000150000,"$0.005 per 1,000 PUT, COPY, POST, or LIST requests",,"Amazon Web Services, Inc.",Amazon Simple Storage Service,,,,,,,,,,,,,,,,,,S3-API-Tier1,PUT/COPY/POST or LIST requests,,,,,,,,,,EU (Stockholm),AWS Region,,,,,,,,,,,,,,,,API Request,,eu-north-1,eu-north-1,AmazonS3,Amazon Simple Storage Service,GRMX7KKGXZWXWYA7,,,,,,,,,EUN1-Requests-Tier1,,,,,GRMX7KKGXZWXWYA7.JRTCKXETXF.6YS6EN2CT7,444249174638,USD,0.0000150000,0.0000050000,OnDemand,Requests,,,,,,,,,,23742807738,,,,,,,,,,,,,,,
x2flc2chi4a4ukwftro6qepxula2vsu3ayrcu6ps33k2gthfivdq,2026-04-19T21:00:00Z/2026-04-19T22:00:00Z,,"Amazon Web Services, Inc.",AWS,Anniversary,430155298731,2026-04-01T00:00:00Z,2026-05-01T00:00:00Z,430155298731,Usage,2026-04-19T21:00:00Z,2026-04-19T22:00:00Z,AmazonS3,EUN1-Requests-Tier1,PutObject,,fincloud-data-xyz,1.0000000000,,,USD,0.0000050000,0.0000050000,0.0000050000,0.0000050000,"$0.005 per 1,000 PUT, COPY, POST, or LIST requests",,"Amazon Web Services, Inc.",Amazon Simple Storage Service,,,,,,,,,,,,,,,,,,S3-API-Tier1,PUT/COPY/POST or LIST requests,,,,,,,,,,EU (Stockholm),AWS Region,,,,,,,,,,,,,,,,API Request,,eu-north-1,eu-north-1,AmazonS3,Amazon Simple Storage Service,GRMX7KKGXZWXWYA7,,,,,,,,,EUN1-Requests-Tier1,,,,,GRMX7KKGXZWXWYA7.JRTCKXETXF.6YS6EN2CT7,444249174638,USD,0.0000050000,0.0000050000,OnDemand,Requests,,,,,,,,,,23742807738,,,,,,,,,,,,,,,
x2flc2chi4a4ukwftro6qepxula2vsu3ayrcu6ps33k2gthfivdq,2026-04-19T22:00:00Z/2026-04-19T23:00:00Z,,"Amazon Web Services, Inc.",AWS,Anniversary,430155298731,2026-04-01T00:00:00Z,2026-05-01T00:00:00Z,430155298731,Usage,2026-04-19T22:00:00Z,2026-04-19T23:00:00Z,AmazonS3,EUN1-Requests-Tier1,PutObject,,fincloud-data-xyz,63.0000000000,,,USD,0.0000050000,0.0003150000,0.0000050000,0.0003150000,"$0.005 per 1,000 PUT, COPY, POST, or LIST requests",,"Amazon Web Services, Inc.",Amazon Simple Storage Service,,,,,,,,,,,,,,,,,,S3-API-Tier1,PUT/COPY/POST or LIST requests,,,,,,,,,,EU (Stockholm),AWS Region,,,,,,,,,,,,,,,,API Request,,eu-north-1,eu-north-1,AmazonS3,Amazon Simple Storage Service,GRMX7KKGXZWXWYA7,,,,,,,,,EUN1-Requests-Tier1,,,,,GRMX7KKGXZWXWYA7.JRTCKXETXF.6YS6EN2CT7,444249174638,USD,0.0003150000,0.0000050000,OnDemand,Requests,,,,,,,,,,23742807738,,,,,,,,,,,,,,,
nhghrmar7covux26fdykr4gwqjcbssewqikqc7ta6kryn5yy3hiq,2026-04-16T19:00:00Z/2026-04-16T20:00:00Z,,"Amazon Web Services, Inc.",AWS,Anniversary,430155298731,2026-04-01T00:00:00Z,2026-05-01T00:00:00Z,430155298731,Usage,2026-04-16T19:00:00Z,2026-04-16T20:00:00Z,AmazonS3,EUN1-Requests-Tier1,UploadPart,,fincloud-s3-demo,2.0000000000,,,USD,0.0000050000,0.0000100000,0.0000050000,0.0000100000,"$0.005 per 1,000 PUT, COPY, POST, or LIST requests",,"Amazon Web Services, Inc.",Amazon Simple Storage Service,,,,,,,,,,,,,,,,,,S3-API-Tier1,PUT/COPY/POST or LIST requests,,,,,,,,,,EU (Stockholm),AWS Region,,,,,,,,,,,,,,,,API Request,,eu-north-1,eu-north-1,AmazonS3,Amazon Simple Storage Service,GRMX7KKGXZWXWYA7,,,,,,,,,EUN1-Requests-Tier1,,,,,GRMX7KKGXZWXWYA7.JRTCKXETXF.6YS6EN2CT7,444249174638,USD,0.0000100000,0.0000050000,OnDemand,Requests,,,,,,,,,,23742807738,,,,,,,,,,,,,,,
s6xkrjyh5okhgcta3rg2gjulrxippeew7zffgdhqtikxr35czfxq,2026-04-19T21:00:00Z/2026-04-19T22:00:00Z,,"Amazon Web Services, Inc.",AWS,Anniversary,430155298731,2026-04-01T00:00:00Z,2026-05-01T00:00:00Z,430155298731,Usage,2026-04-19T21:00:00Z,2026-04-19T22:00:00Z,AmazonS3,EUN1-Requests-Tier1,UploadPart,,fincloud-data-xyz,4.0000000000,,,USD,0.0000050000,0.0000200000,0.0000050000,0.0000200000,"$0.005 per 1,000 PUT, COPY, POST, or LIST requests",,"Amazon Web Services, Inc.",Amazon Simple Storage Service,,,,,,,,,,,,,,,,,,S3-API-Tier1,PUT/COPY/POST or LIST requests,,,,,,,,,,EU (Stockholm),AWS Region,,,,,,,,,,,,,,,,API Request,,eu-north-1,eu-north-1,AmazonS3,Amazon Simple Storage Service,GRMX7KKGXZWXWYA7,,,,,,,,,EUN1-Requests-Tier1,,,,,GRMX7KKGXZWXWYA7.JRTCKXETXF.6YS6EN2CT7,444249174638,USD,0.0000200000,0.0000050000,OnDemand,Requests,,,,,,,,,,23742807738,,,,,,,,,,,,,,,
s6xkrjyh5okhgcta3rg2gjulrxippeew7zffgdhqtikxr35czfxq,2026-04-19T22:00:00Z/2026-04-19T23:00:00Z,,"Amazon Web Services, Inc.",AWS,Anniversary,430155298731,2026-04-01T00:00:00Z,2026-05-01T00:00:00Z,430155298731,Usage,2026-04-19T22:00:00Z,2026-04-19T23:00:00Z,AmazonS3,EUN1-Requests-Tier1,UploadPart,,fincloud-data-xyz,7.0000000000,,,USD,0.0000050000,0.0000350000,0.0000050000,0.0000350000,"$0.005 per 1,000 PUT, COPY, POST, or LIST requests",,"Amazon Web Services, Inc.",Amazon Simple Storage Service,,,,,,,,,,,,,,,,,,S3-API-Tier1,PUT/COPY/POST or LIST requests,,,,,,,,,,EU (Stockholm),AWS Region,,,,,,,,,,,,,,,,API Request,,eu-north-1,eu-north-1,AmazonS3,Amazon Simple Storage Service,GRMX7KKGXZWXWYA7,,,,,,,,,EUN1-Requests-Tier1,,,,,GRMX7KKGXZWXWYA7.JRTCKXETXF.6YS6EN2CT7,444249174638,USD,0.0000350000,0.0000050000,OnDemand,Requests,,,,,,,,,,23742807738,,,,,,,,,,,,,,,
6adgzmh6m6jz5qtdcpeki2i4hnzkventbtwr6lq6gqgcpyhc53uq,2026-04-16T19:00:00Z/2026-04-16T20:00:00Z,,"Amazon Web Services, Inc.",AWS,Anniversary,430155298731,2026-04-01T00:00:00Z,2026-05-01T00:00:00Z,430155298731,Usage,2026-04-16T19:00:00Z,2026-04-16T20:00:00Z,AmazonS3,EUN1-Requests-Tier1,WriteBucketServerSideEncryption,,fincloud-s3-demo,1.0000000000,,,USD,0.0000050000,0.0000050000,0.0000050000,0.0000050000,"$0.005 per 1,000 PUT, COPY, POST, or LIST requests",,"Amazon Web Services, Inc.",Amazon Simple Storage Service,,,,,,,,,,,,,,,,,,S3-API-Tier1,PUT/COPY/POST or LIST requests,,,,,,,,,,EU (Stockholm),AWS Region,,,,,,,,,,,,,,,,API Request,,eu-north-1,eu-north-1,AmazonS3,Amazon Simple Storage Service,GRMX7KKGXZWXWYA7,,,,,,,,,EUN1-Requests-Tier1,,,,,GRMX7KKGXZWXWYA7.JRTCKXETXF.6YS6EN2CT7,444249174638,USD,0.0000050000,0.0000050000,OnDemand,Requests,,,,,,,,,,23742807738,,,,,,,,,,,,,,,
idbhsvpvsks7hrzrezynbg7zfa4xo3e7iued74ue6zwck5jti75q,2026-04-19T21:00:00Z/2026-04-19T22:00:00Z,,"Amazon Web Services, Inc.",AWS,Anniversary,430155298731,2026-04-01T00:00:00Z,2026-05-01T00:00:00Z,430155298731,Usage,2026-04-19T21:00:00Z,2026-04-19T22:00:00Z,AmazonS3,EUN1-Requests-Tier1,WriteBucketServerSideEncryption,,fincloud-data-xyz,1.0000000000,,,USD,0.0000050000,0.0000050000,0.0000050000,0.0000050000,"$0.005 per 1,000 PUT, COPY, POST, or LIST requests",,"Amazon Web Services, Inc.",Amazon Simple Storage Service,,,,,,,,,,,,,,,,,,S3-API-Tier1,PUT/COPY/POST or LIST requests,,,,,,,,,,EU (Stockholm),AWS Region,,,,,,,,,,,,,,,,API Request,,eu-north-1,eu-north-1,AmazonS3,Amazon Simple Storage Service,GRMX7KKGXZWXWYA7,,,,,,,,,EUN1-Requests-Tier1,,,,,GRMX7KKGXZWXWYA7.JRTCKXETXF.6YS6EN2CT7,444249174638,USD,0.0000050000,0.0000050000,OnDemand,Requests,,,,,,,,,,23742807738,,,,,,,,,,,,,,,
vru2b7bbhlf5r74e44cqmdij64rchmvobmotgf2ukdcqt73wkdxa,2026-04-20T20:00:00Z/2026-04-20T21:00:00Z,,"Amazon Web Services, Inc.",AWS,Anniversary,430155298731,2026-04-01T00:00:00Z,2026-05-01T00:00:00Z,430155298731,Usage,2026-04-20T20:00:00Z,2026-04-20T21:00:00Z,AmazonS3,Requests-Tier1,CompleteMultipartUpload,,fincloud-data-123,8.0000000000,,,USD,0.0000050000,0.0000400000,0.0000050000,0.0000400000,"$0.005 per 1,000 PUT, COPY, POST, or LIST requests",,"Amazon Web Services, Inc.",Amazon Simple Storage Service,,,,,,,,,,,,,,,,,,S3-API-Tier1,PUT/COPY/POST or LIST requests,,,,,,,,,,US East (N. Virginia),AWS Region,,,,,,,,,,,,,,,,API Request,,us-east-1,us-east-1,AmazonS3,Amazon Simple Storage Service,E9YHNFENF4XQBZR6,,,,,,,,,Requests-Tier1,,,,,E9YHNFENF4XQBZR6.JRTCKXETXF.6YS6EN2CT7,444249174147,USD,0.0000400000,0.0000050000,OnDemand,Requests,,,,,,,,,,23742807738,,,,,,,,,,,,,,,
g2sd5kjrz6unufibi2vqjtiegyc6gab2f3i56exmqyl4vjhfya4a,2026-04-20T01:00:00Z/2026-04-20T02:00:00Z,,"Amazon Web Services, Inc.",AWS,Anniversary,430155298731,2026-04-01T00:00:00Z,2026-05-01T00:00:00Z,430155298731,Usage,2026-04-20T01:00:00Z,2026-04-20T02:00:00Z,AmazonS3,Requests-Tier1,CopyObject,,fincloud-cur-bucket-123,1.0000000000,,,USD,0.0000050000,0.0000050000,0.0000050000,0.0000050000,"$0.005 per 1,000 PUT, COPY, POST, or LIST requests",,"Amazon Web Services, Inc.",Amazon Simple Storage Service,,,,,,,,,,,,,,,,,,S3-API-Tier1,PUT/COPY/POST or LIST requests,,,,,,,,,,US East (N. Virginia),AWS Region,,,,,,,,,,,,,,,,API Request,,us-east-1,us-east-1,AmazonS3,Amazon Simple Storage Service,E9YHNFENF4XQBZR6,,,,,,,,,Requests-Tier1,,,,,E9YHNFENF4XQBZR6.JRTCKXETXF.6YS6EN2CT7,444249174147,USD,0.0000050000,0.0000050000,OnDemand,Requests,,,,,,,,,,23742807738,,,,,,,,,,,,,,,
g2sd5kjrz6unufibi2vqjtiegyc6gab2f3i56exmqyl4vjhfya4a,2026-04-20T04:00:00Z/2026-04-20T05:00:00Z,,"Amazon Web Services, Inc.",AWS,Anniversary,430155298731,2026-04-01T00:00:00Z,2026-05-01T00:00:00Z,430155298731,Usage,2026-04-20T04:00:00Z,2026-04-20T05:00:00Z,AmazonS3,Requests-Tier1,CopyObject,,fincloud-cur-bucket-123,1.0000000000,,,USD,0.0000050000,0.0000050000,0.0000050000,0.0000050000,"$0.005 per 1,000 PUT, COPY, POST, or LIST requests",,"Amazon Web Services, Inc.",Amazon Simple Storage Service,,,,,,,,,,,,,,,,,,S3-API-Tier1,PUT/COPY/POST or LIST requests,,,,,,,,,,US East (N. Virginia),AWS Region,,,,,,,,,,,,,,,,API Request,,us-east-1,us-east-1,AmazonS3,Amazon Simple Storage Service,E9YHNFENF4XQBZR6,,,,,,,,,Requests-Tier1,,,,,E9YHNFENF4XQBZR6.JRTCKXETXF.6YS6EN2CT7,444249174147,USD,0.0000050000,0.0000050000,OnDemand,Requests,,,,,,,,,,23742807738,,,,,,,,,,,,,,,
g2sd5kjrz6unufibi2vqjtiegyc6gab2f3i56exmqyl4vjhfya4a,2026-04-20T11:00:00Z/2026-04-20T12:00:00Z,,"Amazon Web Services, Inc.",AWS,Anniversary,430155298731,2026-04-01T00:00:00Z,2026-05-01T00:00:00Z,430155298731,Usage,2026-04-20T11:00:00Z,2026-04-20T12:00:00Z,AmazonS3,Requests-Tier1,CopyObject,,fincloud-cur-bucket-123,1.0000000000,,,USD,0.0000050000,0.0000050000,0.0000050000,0.0000050000,"$0.005 per 1,000 PUT, COPY, POST, or LIST requests",,"Amazon Web Services, Inc.",Amazon Simple Storage Service,,,,,,,,,,,,,,,,,,S3-API-Tier1,PUT/COPY/POST or LIST requests,,,,,,,,,,US East (N. Virginia),AWS Region,,,,,,,,,,,,,,,,API Request,,us-east-1,us-east-1,AmazonS3,Amazon Simple Storage Service,E9YHNFENF4XQBZR6,,,,,,,,,Requests-Tier1,,,,,E9YHNFENF4XQBZR6.JRTCKXETXF.6YS6EN2CT7,444249174147,USD,0.0000050000,0.0000050000,OnDemand,Requests,,,,,,,,,,23742807738,,,,,,,,,,,,,,,
g2sd5kjrz6unufibi2vqjtiegyc6gab2f3i56exmqyl4vjhfya4a,2026-04-21T00:00:00Z/2026-04-21T01:00:00Z,,"Amazon Web Services, Inc.",AWS,Anniversary,430155298731,2026-04-01T00:00:00Z,2026-05-01T00:00:00Z,430155298731,Usage,2026-04-21T00:00:00Z,2026-04-21T01:00:00Z,AmazonS3,Requests-Tier1,CopyObject,,fincloud-cur-bucket-123,1.0000000000,,,USD,0.0000050000,0.0000050000,0.0000050000,0.0000050000,"$0.005 per 1,000 PUT, COPY, POST, or LIST requests",,"Amazon Web Services, Inc.",Amazon Simple Storage Service,,,,,,,,,,,,,,,,,,S3-API-Tier1,PUT/COPY/POST or LIST requests,,,,,,,,,,US East (N. Virginia),AWS Region,,,,,,,,,,,,,,,,API Request,,us-east-1,us-east-1,AmazonS3,Amazon Simple Storage Service,E9YHNFENF4XQBZR6,,,,,,,,,Requests-Tier1,,,,,E9YHNFENF4XQBZR6.JRTCKXETXF.6YS6EN2CT7,444249174147,USD,0.0000050000,0.0000050000,OnDemand,Requests,,,,,,,,,,23742807738,,,,,,,,,,,,,,,
g2sd5kjrz6unufibi2vqjtiegyc6gab2f3i56exmqyl4vjhfya4a,2026-04-21T07:00:00Z/2026-04-21T08:00:00Z,,"Amazon Web Services, Inc.",AWS,Anniversary,430155298731,2026-04-01T00:00:00Z,2026-05-01T00:00:00Z,430155298731,Usage,2026-04-21T07:00:00Z,2026-04-21T08:00:00Z,AmazonS3,Requests-Tier1,CopyObject,,fincloud-cur-bucket-123,1.0000000000,,,USD,0.0000050000,0.0000050000,0.0000050000,0.0000050000,"$0.005 per 1,000 PUT, COPY, POST, or LIST requests",,"Amazon Web Services, Inc.",Amazon Simple Storage Service,,,,,,,,,,,,,,,,,,S3-API-Tier1,PUT/COPY/POST or LIST requests,,,,,,,,,,US East (N. Virginia),AWS Region,,,,,,,,,,,,,,,,API Request,,us-east-1,us-east-1,AmazonS3,Amazon Simple Storage Service,E9YHNFENF4XQBZR6,,,,,,,,,Requests-Tier1,,,,,E9YHNFENF4XQBZR6.JRTCKXETXF.6YS6EN2CT7,444249174147,USD,0.0000050000,0.0000050000,OnDemand,Requests,,,,,,,,,,23742807738,,,,,,,,,,,,,,,
g2sd5kjrz6unufibi2vqjtiegyc6gab2f3i56exmqyl4vjhfya4a,2026-04-21T15:00:00Z/2026-04-21T16:00:00Z,,"Amazon Web Services, Inc.",AWS,Anniversary,430155298731,2026-04-01T00:00:00Z,2026-05-01T00:00:00Z,430155298731,Usage,2026-04-21T15:00:00Z,2026-04-21T16:00:00Z,AmazonS3,Requests-Tier1,CopyObject,,fincloud-cur-bucket-123,1.0000000000,,,USD,0.0000050000,0.0000050000,0.0000050000,0.0000050000,"$0.005 per 1,000 PUT, COPY, POST, or LIST requests",,"Amazon Web Services, Inc.",Amazon Simple Storage Service,,,,,,,,,,,,,,,,,,S3-API-Tier1,PUT/COPY/POST or LIST requests,,,,,,,,,,US East (N. Virginia),AWS Region,,,,,,,,,,,,,,,,API Request,,us-east-1,us-east-1,AmazonS3,Amazon Simple Storage Service,E9YHNFENF4XQBZR6,,,,,,,,,Requests-Tier1,,,,,E9YHNFENF4XQBZR6.JRTCKXETXF.6YS6EN2CT7,444249174147,USD,0.0000050000,0.0000050000,OnDemand,Requests,,,,,,,,,,23742807738,,,,,,,,,,,,,,,
g2sd5kjrz6unufibi2vqjtiegyc6gab2f3i56exmqyl4vjhfya4a,2026-04-22T02:00:00Z/2026-04-22T03:00:00Z,,"Amazon Web Services, Inc.",AWS,Anniversary,430155298731,2026-04-01T00:00:00Z,2026-05-01T00:00:00Z,430155298731,Usage,2026-04-22T02:00:00Z,2026-04-22T03:00:00Z,AmazonS3,Requests-Tier1,CopyObject,,fincloud-cur-bucket-123,1.0000000000,,,USD,0.0000050000,0.0000050000,0.0000050000,0.0000050000,"$0.005 per 1,000 PUT, COPY, POST, or LIST requests",,"Amazon Web Services, Inc.",Amazon Simple Storage Service,,,,,,,,,,,,,,,,,,S3-API-Tier1,PUT/COPY/POST or LIST requests,,,,,,,,,,US East (N. Virginia),AWS Region,,,,,,,,,,,,,,,,API Request,,us-east-1,us-east-1,AmazonS3,Amazon Simple Storage Service,E9YHNFENF4XQBZR6,,,,,,,,,Requests-Tier1,,,,,E9YHNFENF4XQBZR6.JRTCKXETXF.6YS6EN2CT7,444249174147,USD,0.0000050000,0.0000050000,OnDemand,Requests,,,,,,,,,,23742807738,,,,,,,,,,,,,,,
g2sd5kjrz6unufibi2vqjtiegyc6gab2f3i56exmqyl4vjhfya4a,2026-04-22T08:00:00Z/2026-04-22T09:00:00Z,,"Amazon Web Services, Inc.",AWS,Anniversary,430155298731,2026-04-01T00:00:00Z,2026-05-01T00:00:00Z,430155298731,Usage,2026-04-22T08:00:00Z,2026-04-22T09:00:00Z,AmazonS3,Requests-Tier1,CopyObject,,fincloud-cur-bucket-123,1.0000000000,,,USD,0.0000050000,0.0000050000,0.0000050000,0.0000050000,"$0.005 per 1,000 PUT, COPY, POST, or LIST requests",,"Amazon Web Services, Inc.",Amazon Simple Storage Service,,,,,,,,,,,,,,,,,,S3-API-Tier1,PUT/COPY/POST or LIST requests,,,,,,,,,,US East (N. Virginia),AWS Region,,,,,,,,,,,,,,,,API Request,,us-east-1,us-east-1,AmazonS3,Amazon Simple Storage Service,E9YHNFENF4XQBZR6,,,,,,,,,Requests-Tier1,,,,,E9YHNFENF4XQBZR6.JRTCKXETXF.6YS6EN2CT7,444249174147,USD,0.0000050000,0.0000050000,OnDemand,Requests,,,,,,,,,,23742807738,,,,,,,,,,,,,,,
g2sd5kjrz6unufibi2vqjtiegyc6gab2f3i56exmqyl4vjhfya4a,2026-04-22T17:00:00Z/2026-04-22T18:00:00Z,,"Amazon Web Services, Inc.",AWS,Anniversary,430155298731,2026-04-01T00:00:00Z,2026-05-01T00:00:00Z,430155298731,Usage,2026-04-22T17:00:00Z,2026-04-22T18:00:00Z,AmazonS3,Requests-Tier1,CopyObject,,fincloud-cur-bucket-123,1.0000000000,,,USD,0.0000050000,0.0000050000,0.0000050000,0.0000050000,"$0.005 per 1,000 PUT, COPY, POST, or LIST requests",,"Amazon Web Services, Inc.",Amazon Simple Storage Service,,,,,,,,,,,,,,,,,,S3-API-Tier1,PUT/COPY/POST or LIST requests,,,,,,,,,,US East (N. Virginia),AWS Region,,,,,,,,,,,,,,,,API Request,,us-east-1,us-east-1,AmazonS3,Amazon Simple Storage Service,E9YHNFENF4XQBZR6,,,,,,,,,Requests-Tier1,,,,,E9YHNFENF4XQBZR6.JRTCKXETXF.6YS6EN2CT7,444249174147,USD,0.0000050000,0.0000050000,OnDemand,Requests,,,,,,,,,,23742807738,,,,,,,,,,,,,,,
g2sd5kjrz6unufibi2vqjtiegyc6gab2f3i56exmqyl4vjhfya4a,2026-04-23T01:00:00Z/2026-04-23T02:00:00Z,,"Amazon Web Services, Inc.",AWS,Anniversary,430155298731,2026-04-01T00:00:00Z,2026-05-01T00:00:00Z,430155298731,Usage,2026-04-23T01:00:00Z,2026-04-23T02:00:00Z,AmazonS3,Requests-Tier1,CopyObject,,fincloud-cur-bucket-123,1.0000000000,,,USD,0.0000050000,0.0000050000,0.0000050000,0.0000050000,"$0.005 per 1,000 PUT, COPY, POST, or LIST requests",,"Amazon Web Services, Inc.",Amazon Simple Storage Service,,,,,,,,,,,,,,,,,,S3-API-Tier1,PUT/COPY/POST or LIST requests,,,,,,,,,,US East (N. Virginia),AWS Region,,,,,,,,,,,,,,,,API Request,,us-east-1,us-east-1,AmazonS3,Amazon Simple Storage Service,E9YHNFENF4XQBZR6,,,,,,,,,Requests-Tier1,,,,,E9YHNFENF4XQBZR6.JRTCKXETXF.6YS6EN2CT7,444249174147,USD,0.0000050000,0.0000050000,OnDemand,Requests,,,,,,,,,,23742807738,,,,,,,,,,,,,,,
g2sd5kjrz6unufibi2vqjtiegyc6gab2f3i56exmqyl4vjhfya4a,2026-04-23T07:00:00Z/2026-04-23T08:00:00Z,,"Amazon Web Services, Inc.",AWS,Anniversary,430155298731,2026-04-01T00:00:00Z,2026-05-01T00:00:00Z,430155298731,Usage,2026-04-23T07:00:00Z,2026-04-23T08:00:00Z,AmazonS3,Requests-Tier1,CopyObject,,fincloud-cur-bucket-123,1.0000000000,,,USD,0.0000050000,0.0000050000,0.0000050000,0.0000050000,"$0.005 per 1,000 PUT, COPY, POST, or LIST requests",,"Amazon Web Services, Inc.",Amazon Simple Storage Service,,,,,,,,,,,,,,,,,,S3-API-Tier1,PUT/COPY/POST or LIST requests,,,,,,,,,,US East (N. Virginia),AWS Region,,,,,,,,,,,,,,,,API Request,,us-east-1,us-east-1,AmazonS3,Amazon Simple Storage Service,E9YHNFENF4XQBZR6,,,,,,,,,Requests-Tier1,,,,,E9YHNFENF4XQBZR6.JRTCKXETXF.6YS6EN2CT7,444249174147,USD,0.0000050000,0.0000050000,OnDemand,Requests,,,,,,,,,,23742807738,,,,,,,,,,,,,,,
g2sd5kjrz6unufibi2vqjtiegyc6gab2f3i56exmqyl4vjhfya4a,2026-04-23T15:00:00Z/2026-04-23T16:00:00Z,,"Amazon Web Services, Inc.",AWS,Anniversary,430155298731,2026-04-01T00:00:00Z,2026-05-01T00:00:00Z,430155298731,Usage,2026-04-23T15:00:00Z,2026-04-23T16:00:00Z,AmazonS3,Requests-Tier1,CopyObject,,fincloud-cur-bucket-123,1.0000000000,,,USD,0.0000050000,0.0000050000,0.0000050000,0.0000050000,"$0.005 per 1,000 PUT, COPY, POST, or LIST requests",,"Amazon Web Services, Inc.",Amazon Simple Storage Service,,,,,,,,,,,,,,,,,,S3-API-Tier1,PUT/COPY/POST or LIST requests,,,,,,,,,,US East (N. Virginia),AWS Region,,,,,,,,,,,,,,,,API Request,,us-east-1,us-east-1,AmazonS3,Amazon Simple Storage Service,E9YHNFENF4XQBZR6,,,,,,,,,Requests-Tier1,,,,,E9YHNFENF4XQBZR6.JRTCKXETXF.6YS6EN2CT7,444249174147,USD,0.0000050000,0.0000050000,OnDemand,Requests,,,,,,,,,,23742807738,,,,,,,,,,,,,,,
g2sd5kjrz6unufibi2vqjtiegyc6gab2f3i56exmqyl4vjhfya4a,2026-04-23T21:00:00Z/2026-04-23T22:00:00Z,,"Amazon Web Services, Inc.",AWS,Anniversary,430155298731,2026-04-01T00:00:00Z,2026-05-01T00:00:00Z,430155298731,Usage,2026-04-23T21:00:00Z,2026-04-23T22:00:00Z,AmazonS3,Requests-Tier1,CopyObject,,fincloud-cur-bucket-123,1.0000000000,,,USD,0.0000050000,0.0000050000,0.0000050000,0.0000050000,"$0.005 per 1,000 PUT, COPY, POST, or LIST requests",,"Amazon Web Services, Inc.",Amazon Simple Storage Service,,,,,,,,,,,,,,,,,,S3-API-Tier1,PUT/COPY/POST or LIST requests,,,,,,,,,,US East (N. Virginia),AWS Region,,,,,,,,,,,,,,,,API Request,,us-east-1,us-east-1,AmazonS3,Amazon Simple Storage Service,E9YHNFENF4XQBZR6,,,,,,,,,Requests-Tier1,,,,,E9YHNFENF4XQBZR6.JRTCKXETXF.6YS6EN2CT7,444249174147,USD,0.0000050000,0.0000050000,OnDemand,Requests,,,,,,,,,,23742807738,,,,,,,,,,,,,,,
g2sd5kjrz6unufibi2vqjtiegyc6gab2f3i56exmqyl4vjhfya4a,2026-04-24T05:00:00Z/2026-04-24T06:00:00Z,,"Amazon Web Services, Inc.",AWS,Anniversary,430155298731,2026-04-01T00:00:00Z,2026-05-01T00:00:00Z,430155298731,Usage,2026-04-24T05:00:00Z,2026-04-24T06:00:00Z,AmazonS3,Requests-Tier1,CopyObject,,fincloud-cur-bucket-123,1.0000000000,,,USD,0.0000050000,0.0000050000,0.0000050000,0.0000050000,"$0.005 per 1,000 PUT, COPY, POST, or LIST requests",,"Amazon Web Services, Inc.",Amazon Simple Storage Service,,,,,,,,,,,,,,,,,,S3-API-Tier1,PUT/COPY/POST or LIST requests,,,,,,,,,,US East (N. Virginia),AWS Region,,,,,,,,,,,,,,,,API Request,,us-east-1,us-east-1,AmazonS3,Amazon Simple Storage Service,E9YHNFENF4XQBZR6,,,,,,,,,Requests-Tier1,,,,,E9YHNFENF4XQBZR6.JRTCKXETXF.6YS6EN2CT7,444249174147,USD,0.0000050000,0.0000050000,OnDemand,Requests,,,,,,,,,,23742807738,,,,,,,,,,,,,,,
g2sd5kjrz6unufibi2vqjtiegyc6gab2f3i56exmqyl4vjhfya4a,2026-04-24T15:00:00Z/2026-04-24T16:00:00Z,,"Amazon Web Services, Inc.",AWS,Anniversary,430155298731,2026-04-01T00:00:00Z,2026-05-01T00:00:00Z,430155298731,Usage,2026-04-24T15:00:00Z,2026-04-24T16:00:00Z,AmazonS3,Requests-Tier1,CopyObject,,fincloud-cur-bucket-123,1.0000000000,,,USD,0.0000050000,0.0000050000,0.0000050000,0.0000050000,"$0.005 per 1,000 PUT, COPY, POST, or LIST requests",,"Amazon Web Services, Inc.",Amazon Simple Storage Service,,,,,,,,,,,,,,,,,,S3-API-Tier1,PUT/COPY/POST or LIST requests,,,,,,,,,,US East (N. Virginia),AWS Region,,,,,,,,,,,,,,,,API Request,,us-east-1,us-east-1,AmazonS3,Amazon Simple Storage Service,E9YHNFENF4XQBZR6,,,,,,,,,Requests-Tier1,,,,,E9YHNFENF4XQBZR6.JRTCKXETXF.6YS6EN2CT7,444249174147,USD,0.0000050000,0.0000050000,OnDemand,Requests,,,,,,,,,,23742807738,,,,,,,,,,,,,,,
g2sd5kjrz6unufibi2vqjtiegyc6gab2f3i56exmqyl4vjhfya4a,2026-04-24T22:00:00Z/2026-04-24T23:00:00Z,,"Amazon Web Services, Inc.",AWS,Anniversary,430155298731,2026-04-01T00:00:00Z,2026-05-01T00:00:00Z,430155298731,Usage,2026-04-24T22:00:00Z,2026-04-24T23:00:00Z,AmazonS3,Requests-Tier1,CopyObject,,fincloud-cur-bucket-123,1.0000000000,,,USD,0.0000050000,0.0000050000,0.0000050000,0.0000050000,"$0.005 per 1,000 PUT, COPY, POST, or LIST requests",,"Amazon Web Services, Inc.",Amazon Simple Storage Service,,,,,,,,,,,,,,,,,,S3-API-Tier1,PUT/COPY/POST or LIST requests,,,,,,,,,,US East (N. Virginia),AWS Region,,,,,,,,,,,,,,,,API Request,,us-east-1,us-east-1,AmazonS3,Amazon Simple Storage Service,E9YHNFENF4XQBZR6,,,,,,,,,Requests-Tier1,,,,,E9YHNFENF4XQBZR6.JRTCKXETXF.6YS6EN2CT7,444249174147,USD,0.0000050000,0.0000050000,OnDemand,Requests,,,,,,,,,,23742807738,,,,,,,,,,,,,,,
g2sd5kjrz6unufibi2vqjtiegyc6gab2f3i56exmqyl4vjhfya4a,2026-04-25T08:00:00Z/2026-04-25T09:00:00Z,,"Amazon Web Services, Inc.",AWS,Anniversary,430155298731,2026-04-01T00:00:00Z,2026-05-01T00:00:00Z,430155298731,Usage,2026-04-25T08:00:00Z,2026-04-25T09:00:00Z,AmazonS3,Requests-Tier1,CopyObject,,fincloud-cur-bucket-123,1.0000000000,,,USD,0.0000050000,0.0000050000,0.0000050000,0.0000050000,"$0.005 per 1,000 PUT, COPY, POST, or LIST requests",,"Amazon Web Services, Inc.",Amazon Simple Storage Service,,,,,,,,,,,,,,,,,,S3-API-Tier1,PUT/COPY/POST or LIST requests,,,,,,,,,,US East (N. Virginia),AWS Region,,,,,,,,,,,,,,,,API Request,,us-east-1,us-east-1,AmazonS3,Amazon Simple Storage Service,E9YHNFENF4XQBZR6,,,,,,,,,Requests-Tier1,,,,,E9YHNFENF4XQBZR6.JRTCKXETXF.6YS6EN2CT7,444249174147,USD,0.0000050000,0.0000050000,OnDemand,Requests,,,,,,,,,,23742807738,,,,,,,,,,,,,,,
g2sd5kjrz6unufibi2vqjtiegyc6gab2f3i56exmqyl4vjhfya4a,2026-04-25T15:00:00Z/2026-04-25T16:00:00Z,,"Amazon Web Services, Inc.",AWS,Anniversary,430155298731,2026-04-01T00:00:00Z,2026-05-01T00:00:00Z,430155298731,Usage,2026-04-25T15:00:00Z,2026-04-25T16:00:00Z,AmazonS3,Requests-Tier1,CopyObject,,fincloud-cur-bucket-123,1.0000000000,,,USD,0.0000050000,0.0000050000,0.0000050000,0.0000050000,"$0.005 per 1,000 PUT, COPY, POST, or LIST requests",,"Amazon Web Services, Inc.",Amazon Simple Storage Service,,,,,,,,,,,,,,,,,,S3-API-Tier1,PUT/COPY/POST or LIST requests,,,,,,,,,,US East (N. Virginia),AWS Region,,,,,,,,,,,,,,,,API Request,,us-east-1,us-east-1,AmazonS3,Amazon Simple Storage Service,E9YHNFENF4XQBZR6,,,,,,,,,Requests-Tier1,,,,,E9YHNFENF4XQBZR6.JRTCKXETXF.6YS6EN2CT7,444249174147,USD,0.0000050000,0.0000050000,OnDemand,Requests,,,,,,,,,,23742807738,,,,,,,,,,,,,,,
g2sd5kjrz6unufibi2vqjtiegyc6gab2f3i56exmqyl4vjhfya4a,2026-04-25T22:00:00Z/2026-04-25T23:00:00Z,,"Amazon Web Services, Inc.",AWS,Anniversary,430155298731,2026-04-01T00:00:00Z,2026-05-01T00:00:00Z,430155298731,Usage,2026-04-25T22:00:00Z,2026-04-25T23:00:00Z,AmazonS3,Requests-Tier1,CopyObject,,fincloud-cur-bucket-123,1.0000000000,,,USD,0.0000050000,0.0000050000,0.0000050000,0.0000050000,"$0.005 per 1,000 PUT, COPY, POST, or LIST requests",,"Amazon Web Services, Inc.",Amazon Simple Storage Service,,,,,,,,,,,,,,,,,,S3-API-Tier1,PUT/COPY/POST or LIST requests,,,,,,,,,,US East (N. Virginia),AWS Region,,,,,,,,,,,,,,,,API Request,,us-east-1,us-east-1,AmazonS3,Amazon Simple Storage Service,E9YHNFENF4XQBZR6,,,,,,,,,Requests-Tier1,,,,,E9YHNFENF4XQBZR6.JRTCKXETXF.6YS6EN2CT7,444249174147,USD,0.0000050000,0.0000050000,OnDemand,Requests,,,,,,,,,,23742807738,,,,,,,,,,,,,,,
g2sd5kjrz6unufibi2vqjtiegyc6gab2f3i56exmqyl4vjhfya4a,2026-04-26T06:00:00Z/2026-04-26T07:00:00Z,,"Amazon Web Services, Inc.",AWS,Anniversary,430155298731,2026-04-01T00:00:00Z,2026-05-01T00:00:00Z,430155298731,Usage,2026-04-26T06:00:00Z,2026-04-26T07:00:00Z,AmazonS3,Requests-Tier1,CopyObject,,fincloud-cur-bucket-123,1.0000000000,,,USD,0.0000050000,0.0000050000,0.0000050000,0.0000050000,"$0.005 per 1,000 PUT, COPY, POST, or LIST requests",,"Amazon Web Services, Inc.",Amazon Simple Storage Service,,,,,,,,,,,,,,,,,,S3-API-Tier1,PUT/COPY/POST or LIST requests,,,,,,,,,,US East (N. Virginia),AWS Region,,,,,,,,,,,,,,,,API Request,,us-east-1,us-east-1,AmazonS3,Amazon Simple Storage Service,E9YHNFENF4XQBZR6,,,,,,,,,Requests-Tier1,,,,,E9YHNFENF4XQBZR6.JRTCKXETXF.6YS6EN2CT7,444249174147,USD,0.0000050000,0.0000050000,OnDemand,Requests,,,,,,,,,,23742807738,,,,,,,,,,,,,,,
g2sd5kjrz6unufibi2vqjtiegyc6gab2f3i56exmqyl4vjhfya4a,2026-04-26T12:00:00Z/2026-04-26T13:00:00Z,,"Amazon Web Services, Inc.",AWS,Anniversary,430155298731,2026-04-01T00:00:00Z,2026-05-01T00:00:00Z,430155298731,Usage,2026-04-26T12:00:00Z,2026-04-26T13:00:00Z,AmazonS3,Requests-Tier1,CopyObject,,fincloud-cur-bucket-123,1.0000000000,,,USD,0.0000050000,0.0000050000,0.0000050000,0.0000050000,"$0.005 per 1,000 PUT, COPY, POST, or LIST requests",,"Amazon Web Services, Inc.",Amazon Simple Storage Service,,,,,,,,,,,,,,,,,,S3-API-Tier1,PUT/COPY/POST or LIST requests,,,,,,,,,,US East (N. Virginia),AWS Region,,,,,,,,,,,,,,,,API Request,,us-east-1,us-east-1,AmazonS3,Amazon Simple Storage Service,E9YHNFENF4XQBZR6,,,,,,,,,Requests-Tier1,,,,,E9YHNFENF4XQBZR6.JRTCKXETXF.6YS6EN2CT7,444249174147,USD,0.0000050000,0.0000050000,OnDemand,Requests,,,,,,,,,,23742807738,,,,,,,,,,,,,,,
g2sd5kjrz6unufibi2vqjtiegyc6gab2f3i56exmqyl4vjhfya4a,2026-04-27T00:00:00Z/2026-04-27T01:00:00Z,,"Amazon Web Services, Inc.",AWS,Anniversary,430155298731,2026-04-01T00:00:00Z,2026-05-01T00:00:00Z,430155298731,Usage,2026-04-27T00:00:00Z,2026-04-27T01:00:00Z,AmazonS3,Requests-Tier1,CopyObject,,fincloud-cur-bucket-123,1.0000000000,,,USD,0.0000050000,0.0000050000,0.0000050000,0.0000050000,"$0.005 per 1,000 PUT, COPY, POST, or LIST requests",,"Amazon Web Services, Inc.",Amazon Simple Storage Service,,,,,,,,,,,,,,,,,,S3-API-Tier1,PUT/COPY/POST or LIST requests,,,,,,,,,,US East (N. Virginia),AWS Region,,,,,,,,,,,,,,,,API Request,,us-east-1,us-east-1,AmazonS3,Amazon Simple Storage Service,E9YHNFENF4XQBZR6,,,,,,,,,Requests-Tier1,,,,,E9YHNFENF4XQBZR6.JRTCKXETXF.6YS6EN2CT7,444249174147,USD,0.0000050000,0.0000050000,OnDemand,Requests,,,,,,,,,,23742807738,,,,,,,,,,,,,,,
g2sd5kjrz6unufibi2vqjtiegyc6gab2f3i56exmqyl4vjhfya4a,2026-04-27T08:00:00Z/2026-04-27T09:00:00Z,,"Amazon Web Services, Inc.",AWS,Anniversary,430155298731,2026-04-01T00:00:00Z,2026-05-01T00:00:00Z,430155298731,Usage,2026-04-27T08:00:00Z,2026-04-27T09:00:00Z,AmazonS3,Requests-Tier1,CopyObject,,fincloud-cur-bucket-123,1.0000000000,,,USD,0.0000050000,0.0000050000,0.0000050000,0.0000050000,"$0.005 per 1,000 PUT, COPY, POST, or LIST requests",,"Amazon Web Services, Inc.",Amazon Simple Storage Service,,,,,,,,,,,,,,,,,,S3-API-Tier1,PUT/COPY/POST or LIST requests,,,,,,,,,,US East (N. Virginia),AWS Region,,,,,,,,,,,,,,,,API Request,,us-east-1,us-east-1,AmazonS3,Amazon Simple Storage Service,E9YHNFENF4XQBZR6,,,,,,,,,Requests-Tier1,,,,,E9YHNFENF4XQBZR6.JRTCKXETXF.6YS6EN2CT7,444249174147,USD,0.0000050000,0.0000050000,OnDemand,Requests,,,,,,,,,,23742807738,,,,,,,,,,,,,,,
g2sd5kjrz6unufibi2vqjtiegyc6gab2f3i56exmqyl4vjhfya4a,2026-04-27T11:00:00Z/2026-04-27T12:00:00Z,,"Amazon Web Services, Inc.",AWS,Anniversary,430155298731,2026-04-01T00:00:00Z,2026-05-01T00:00:00Z,430155298731,Usage,2026-04-27T11:00:00Z,2026-04-27T12:00:00Z,AmazonS3,Requests-Tier1,CopyObject,,fincloud-cur-bucket-123,1.0000000000,,,USD,0.0000050000,0.0000050000,0.0000050000,0.0000050000,"$0.005 per 1,000 PUT, COPY, POST, or LIST requests",,"Amazon Web Services, Inc.",Amazon Simple Storage Service,,,,,,,,,,,,,,,,,,S3-API-Tier1,PUT/COPY/POST or LIST requests,,,,,,,,,,US East (N. Virginia),AWS Region,,,,,,,,,,,,,,,,API Request,,us-east-1,us-east-1,AmazonS3,Amazon Simple Storage Service,E9YHNFENF4XQBZR6,,,,,,,,,Requests-Tier1,,,,,E9YHNFENF4XQBZR6.JRTCKXETXF.6YS6EN2CT7,444249174147,USD,0.0000050000,0.0000050000,OnDemand,Requests,,,,,,,,,,23742807738,,,,,,,,,,,,,,,
g2sd5kjrz6unufibi2vqjtiegyc6gab2f3i56exmqyl4vjhfya4a,2026-04-27T19:00:00Z/2026-04-27T20:00:00Z,,"Amazon Web Services, Inc.",AWS,Anniversary,430155298731,2026-04-01T00:00:00Z,2026-05-01T00:00:00Z,430155298731,Usage,2026-04-27T19:00:00Z,2026-04-27T20:00:00Z,AmazonS3,Requests-Tier1,CopyObject,,fincloud-cur-bucket-123,1.0000000000,,,USD,0.0000050000,0.0000050000,0.0000050000,0.0000050000,"$0.005 per 1,000 PUT, COPY, POST, or LIST requests",,"Amazon Web Services, Inc.",Amazon Simple Storage Service,,,,,,,,,,,,,,,,,,S3-API-Tier1,PUT/COPY/POST or LIST requests,,,,,,,,,,US East (N. Virginia),AWS Region,,,,,,,,,,,,,,,,API Request,,us-east-1,us-east-1,AmazonS3,Amazon Simple Storage Service,E9YHNFENF4XQBZR6,,,,,,,,,Requests-Tier1,,,,,E9YHNFENF4XQBZR6.JRTCKXETXF.6YS6EN2CT7,444249174147,USD,0.0000050000,0.0000050000,OnDemand,Requests,,,,,,,,,,23742807738,,,,,,,,,,,,,,,
g2sd5kjrz6unufibi2vqjtiegyc6gab2f3i56exmqyl4vjhfya4a,2026-04-28T06:00:00Z/2026-04-28T07:00:00Z,,"Amazon Web Services, Inc.",AWS,Anniversary,430155298731,2026-04-01T00:00:00Z,2026-05-01T00:00:00Z,430155298731,Usage,2026-04-28T06:00:00Z,2026-04-28T07:00:00Z,AmazonS3,Requests-Tier1,CopyObject,,fincloud-cur-bucket-123,1.0000000000,,,USD,0.0000050000,0.0000050000,0.0000050000,0.0000050000,"$0.005 per 1,000 PUT, COPY, POST, or LIST requests",,"Amazon Web Services, Inc.",Amazon Simple Storage Service,,,,,,,,,,,,,,,,,,S3-API-Tier1,PUT/COPY/POST or LIST requests,,,,,,,,,,US East (N. Virginia),AWS Region,,,,,,,,,,,,,,,,API Request,,us-east-1,us-east-1,AmazonS3,Amazon Simple Storage Service,E9YHNFENF4XQBZR6,,,,,,,,,Requests-Tier1,,,,,E9YHNFENF4XQBZR6.JRTCKXETXF.6YS6EN2CT7,444249174147,USD,0.0000050000,0.0000050000,OnDemand,Requests,,,,,,,,,,23742807738,,,,,,,,,,,,,,,
g2sd5kjrz6unufibi2vqjtiegyc6gab2f3i56exmqyl4vjhfya4a,2026-04-28T15:00:00Z/2026-04-28T16:00:00Z,,"Amazon Web Services, Inc.",AWS,Anniversary,430155298731,2026-04-01T00:00:00Z,2026-05-01T00:00:00Z,430155298731,Usage,2026-04-28T15:00:00Z,2026-04-28T16:00:00Z,AmazonS3,Requests-Tier1,CopyObject,,fincloud-cur-bucket-123,1.0000000000,,,USD,0.0000050000,0.0000050000,0.0000050000,0.0000050000,"$0.005 per 1,000 PUT, COPY, POST, or LIST requests",,"Amazon Web Services, Inc.",Amazon Simple Storage Service,,,,,,,,,,,,,,,,,,S3-API-Tier1,PUT/COPY/POST or LIST requests,,,,,,,,,,US East (N. Virginia),AWS Region,,,,,,,,,,,,,,,,API Request,,us-east-1,us-east-1,AmazonS3,Amazon Simple Storage Service,E9YHNFENF4XQBZR6,,,,,,,,,Requests-Tier1,,,,,E9YHNFENF4XQBZR6.JRTCKXETXF.6YS6EN2CT7,444249174147,USD,0.0000050000,0.0000050000,OnDemand,Requests,,,,,,,,,,23742807738,,,,,,,,,,,,,,,
g2sd5kjrz6unufibi2vqjtiegyc6gab2f3i56exmqyl4vjhfya4a,2026-04-29T00:00:00Z/2026-04-29T01:00:00Z,,"Amazon Web Services, Inc.",AWS,Anniversary,430155298731,2026-04-01T00:00:00Z,2026-05-01T00:00:00Z,430155298731,Usage,2026-04-29T00:00:00Z,2026-04-29T01:00:00Z,AmazonS3,Requests-Tier1,CopyObject,,fincloud-cur-bucket-123,1.0000000000,,,USD,0.0000050000,0.0000050000,0.0000050000,0.0000050000,"$0.005 per 1,000 PUT, COPY, POST, or LIST requests",,"Amazon Web Services, Inc.",Amazon Simple Storage Service,,,,,,,,,,,,,,,,,,S3-API-Tier1,PUT/COPY/POST or LIST requests,,,,,,,,,,US East (N. Virginia),AWS Region,,,,,,,,,,,,,,,,API Request,,us-east-1,us-east-1,AmazonS3,Amazon Simple Storage Service,E9YHNFENF4XQBZR6,,,,,,,,,Requests-Tier1,,,,,E9YHNFENF4XQBZR6.JRTCKXETXF.6YS6EN2CT7,444249174147,USD,0.0000050000,0.0000050000,OnDemand,Requests,,,,,,,,,,23742807738,,,,,,,,,,,,,,,
g2sd5kjrz6unufibi2vqjtiegyc6gab2f3i56exmqyl4vjhfya4a,2026-04-29T06:00:00Z/2026-04-29T07:00:00Z,,"Amazon Web Services, Inc.",AWS,Anniversary,430155298731,2026-04-01T00:00:00Z,2026-05-01T00:00:00Z,430155298731,Usage,2026-04-29T06:00:00Z,2026-04-29T07:00:00Z,AmazonS3,Requests-Tier1,CopyObject,,fincloud-cur-bucket-123,1.0000000000,,,USD,0.0000050000,0.0000050000,0.0000050000,0.0000050000,"$0.005 per 1,000 PUT, COPY, POST, or LIST requests",,"Amazon Web Services, Inc.",Amazon Simple Storage Service,,,,,,,,,,,,,,,,,,S3-API-Tier1,PUT/COPY/POST or LIST requests,,,,,,,,,,US East (N. Virginia),AWS Region,,,,,,,,,,,,,,,,API Request,,us-east-1,us-east-1,AmazonS3,Amazon Simple Storage Service,E9YHNFENF4XQBZR6,,,,,,,,,Requests-Tier1,,,,,E9YHNFENF4XQBZR6.JRTCKXETXF.6YS6EN2CT7,444249174147,USD,0.0000050000,0.0000050000,OnDemand,Requests,,,,,,,,,,23742807738,,,,,,,,,,,,,,,
g2sd5kjrz6unufibi2vqjtiegyc6gab2f3i56exmqyl4vjhfya4a,2026-04-29T10:00:00Z/2026-04-29T11:00:00Z,,"Amazon Web Services, Inc.",AWS,Anniversary,430155298731,2026-04-01T00:00:00Z,2026-05-01T00:00:00Z,430155298731,Usage,2026-04-29T10:00:00Z,2026-04-29T11:00:00Z,AmazonS3,Requests-Tier1,CopyObject,,fincloud-cur-bucket-123,1.0000000000,,,USD,0.0000050000,0.0000050000,0.0000050000,0.0000050000,"$0.005 per 1,000 PUT, COPY, POST, or LIST requests",,"Amazon Web Services, Inc.",Amazon Simple Storage Service,,,,,,,,,,,,,,,,,,S3-API-Tier1,PUT/COPY/POST or LIST requests,,,,,,,,,,US East (N. Virginia),AWS Region,,,,,,,,,,,,,,,,API Request,,us-east-1,us-east-1,AmazonS3,Amazon Simple Storage Service,E9YHNFENF4XQBZR6,,,,,,,,,Requests-Tier1,,,,,E9YHNFENF4XQBZR6.JRTCKXETXF.6YS6EN2CT7,444249174147,USD,0.0000050000,0.0000050000,OnDemand,Requests,,,,,,,,,,23742807738,,,,,,,,,,,,,,,
g2sd5kjrz6unufibi2vqjtiegyc6gab2f3i56exmqyl4vjhfya4a,2026-04-29T22:00:00Z/2026-04-29T23:00:00Z,,"Amazon Web Services, Inc.",AWS,Anniversary,430155298731,2026-04-01T00:00:00Z,2026-05-01T00:00:00Z,430155298731,Usage,2026-04-29T22:00:00Z,2026-04-29T23:00:00Z,AmazonS3,Requests-Tier1,CopyObject,,fincloud-cur-bucket-123,1.0000000000,,,USD,0.0000050000,0.0000050000,0.0000050000,0.0000050000,"$0.005 per 1,000 PUT, COPY, POST, or LIST requests",,"Amazon Web Services, Inc.",Amazon Simple Storage Service,,,,,,,,,,,,,,,,,,S3-API-Tier1,PUT/COPY/POST or LIST requests,,,,,,,,,,US East (N. Virginia),AWS Region,,,,,,,,,,,,,,,,API Request,,us-east-1,us-east-1,AmazonS3,Amazon Simple Storage Service,E9YHNFENF4XQBZR6,,,,,,,,,Requests-Tier1,,,,,E9YHNFENF4XQBZR6.JRTCKXETXF.6YS6EN2CT7,444249174147,USD,0.0000050000,0.0000050000,OnDemand,Requests,,,,,,,,,,23742807738,,,,,,,,,,,,,,,
3tukbrzse4ikv4fmldobuiye2hlect4ntwjnntawmjtayb7m5iwq,2026-04-16T19:00:00Z/2026-04-16T20:00:00Z,,"Amazon Web Services, Inc.",AWS,Anniversary,430155298731,2026-04-01T00:00:00Z,2026-05-01T00:00:00Z,430155298731,Usage,2026-04-16T19:00:00Z,2026-04-16T20:00:00Z,AmazonS3,Requests-Tier1,CreateBucket,,fincloud-s3-demo,1.0000000000,,,USD,0.0000050000,0.0000050000,0.0000050000,0.0000050000,"$0.005 per 1,000 PUT, COPY, POST, or LIST requests",,"Amazon Web Services, Inc.",Amazon Simple Storage Service,,,,,,,,,,,,,,,,,,S3-API-Tier1,PUT/COPY/POST or LIST requests,,,,,,,,,,US East (N. Virginia),AWS Region,,,,,,,,,,,,,,,,API Request,,us-east-1,us-east-1,AmazonS3,Amazon Simple Storage Service,E9YHNFENF4XQBZR6,,,,,,,,,Requests-Tier1,,,,,E9YHNFENF4XQBZR6.JRTCKXETXF.6YS6EN2CT7,444249174147,USD,0.0000050000,0.0000050000,OnDemand,Requests,,,,,,,,,,23742807738,,,,,,,,,,,,,,,
xedq4mbissfsc7avk6deesf4hmowm7kf4c4tkwrl3ojvz4fr2pqq,2026-04-19T20:00:00Z/2026-04-19T21:00:00Z,,"Amazon Web Services, Inc.",AWS,Anniversary,430155298731,2026-04-01T00:00:00Z,2026-05-01T00:00:00Z,430155298731,Usage,2026-04-19T20:00:00Z,2026-04-19T21:00:00Z,AmazonS3,Requests-Tier1,CreateBucket,,fincloud-cur-bucket-123,1.0000000000,,,USD,0.0000050000,0.0000050000,0.0000050000,0.0000050000,"$0.005 per 1,000 PUT, COPY, POST, or LIST requests",,"Amazon Web Services, Inc.",Amazon Simple Storage Service,,,,,,,,,,,,,,,,,,S3-API-Tier1,PUT/COPY/POST or LIST requests,,,,,,,,,,US East (N. Virginia),AWS Region,,,,,,,,,,,,,,,,API Request,,us-east-1,us-east-1,AmazonS3,Amazon Simple Storage Service,E9YHNFENF4XQBZR6,,,,,,,,,Requests-Tier1,,,,,E9YHNFENF4XQBZR6.JRTCKXETXF.6YS6EN2CT7,444249174147,USD,0.0000050000,0.0000050000,OnDemand,Requests,,,,,,,,,,23742807738,,,,,,,,,,,,,,,
evrsceqlm6nzxntgyljoz2et7vd4vvcbpk7e7d4dj7b5ht2naflq,2026-04-19T21:00:00Z/2026-04-19T22:00:00Z,,"Amazon Web Services, Inc.",AWS,Anniversary,430155298731,2026-04-01T00:00:00Z,2026-05-01T00:00:00Z,430155298731,Usage,2026-04-19T21:00:00Z,2026-04-19T22:00:00Z,AmazonS3,Requests-Tier1,CreateBucket,,fincloud-data-xyz,1.0000000000,,,USD,0.0000050000,0.0000050000,0.0000050000,0.0000050000,"$0.005 per 1,000 PUT, COPY, POST, or LIST requests",,"Amazon Web Services, Inc.",Amazon Simple Storage Service,,,,,,,,,,,,,,,,,,S3-API-Tier1,PUT/COPY/POST or LIST requests,,,,,,,,,,US East (N. Virginia),AWS Region,,,,,,,,,,,,,,,,API Request,,us-east-1,us-east-1,AmazonS3,Amazon Simple Storage Service,E9YHNFENF4XQBZR6,,,,,,,,,Requests-Tier1,,,,,E9YHNFENF4XQBZR6.JRTCKXETXF.6YS6EN2CT7,444249174147,USD,0.0000050000,0.0000050000,OnDemand,Requests,,,,,,,,,,23742807738,,,,,,,,,,,,,,,
rfccoe7rr3gaver6jyjywa7kuyy5fwy6i6md75cb4esszuwilk2q,2026-04-20T20:00:00Z/2026-04-20T21:00:00Z,,"Amazon Web Services, Inc.",AWS,Anniversary,430155298731,2026-04-01T00:00:00Z,2026-05-01T00:00:00Z,430155298731,Usage,2026-04-20T20:00:00Z,2026-04-20T21:00:00Z,AmazonS3,Requests-Tier1,CreateBucket,,fincloud-data-123,1.0000000000,,,USD,0.0000050000,0.0000050000,0.0000050000,0.0000050000,"$0.005 per 1,000 PUT, COPY, POST, or LIST requests",,"Amazon Web Services, Inc.",Amazon Simple Storage Service,,,,,,,,,,,,,,,,,,S3-API-Tier1,PUT/COPY/POST or LIST requests,,,,,,,,,,US East (N. Virginia),AWS Region,,,,,,,,,,,,,,,,API Request,,us-east-1,us-east-1,AmazonS3,Amazon Simple Storage Service,E9YHNFENF4XQBZR6,,,,,,,,,Requests-Tier1,,,,,E9YHNFENF4XQBZR6.JRTCKXETXF.6YS6EN2CT7,444249174147,USD,0.0000050000,0.0000050000,OnDemand,Requests,,,,,,,,,,23742807738,,,,,,,,,,,,,,,
wut4qdbzx7c6gmgqfugcse3wfqmbg5sqtfiyh4vfdlhkdbiorrnq,2026-04-20T20:00:00Z/2026-04-20T21:00:00Z,,"Amazon Web Services, Inc.",AWS,Anniversary,430155298731,2026-04-01T00:00:00Z,2026-05-01T00:00:00Z,430155298731,Usage,2026-04-20T20:00:00Z,2026-04-20T21:00:00Z,AmazonS3,Requests-Tier1,InitiateMultipartUpload,,fincloud-data-123,12.0000000000,,,USD,0.0000050000,0.0000600000,0.0000050000,0.0000600000,"$0.005 per 1,000 PUT, COPY, POST, or LIST requests",,"Amazon Web Services, Inc.",Amazon Simple Storage Service,,,,,,,,,,,,,,,,,,S3-API-Tier1,PUT/COPY/POST or LIST requests,,,,,,,,,,US East (N. Virginia),AWS Region,,,,,,,,,,,,,,,,API Request,,us-east-1,us-east-1,AmazonS3,Amazon Simple Storage Service,E9YHNFENF4XQBZR6,,,,,,,,,Requests-Tier1,,,,,E9YHNFENF4XQBZR6.JRTCKXETXF.6YS6EN2CT7,444249174147,USD,0.0000600000,0.0000050000,OnDemand,Requests,,,,,,,,,,23742807738,,,,,,,,,,,,,,,
7s2qpom5jfoxsyzoegz44iou4u6vkpicc7tmb3x3gsvii2hlmesa,2026-04-16T16:00:00Z/2026-04-16T17:00:00Z,,"Amazon Web Services, Inc.",AWS,Anniversary,430155298731,2026-04-01T00:00:00Z,2026-05-01T00:00:00Z,430155298731,Usage,2026-04-16T16:00:00Z,2026-04-16T17:00:00Z,AmazonS3,Requests-Tier1,ListAllMyBuckets,,,1.0000000000,,,USD,0.0000050000,0.0000050000,0.0000050000,0.0000050000,"$0.005 per 1,000 PUT, COPY, POST, or LIST requests",,"Amazon Web Services, Inc.",Amazon Simple Storage Service,,,,,,,,,,,,,,,,,,S3-API-Tier1,PUT/COPY/POST or LIST requests,,,,,,,,,,US East (N. Virginia),AWS Region,,,,,,,,,,,,,,,,API Request,,us-east-1,us-east-1,AmazonS3,Amazon Simple Storage Service,E9YHNFENF4XQBZR6,,,,,,,,,Requests-Tier1,,,,,E9YHNFENF4XQBZR6.JRTCKXETXF.6YS6EN2CT7,444249174147,USD,0.0000050000,0.0000050000,OnDemand,Requests,,,,,,,,,,23742807738,,,,,,,,,,,,,,,
7s2qpom5jfoxsyzoegz44iou4u6vkpicc7tmb3x3gsvii2hlmesa,2026-04-16T17:00:00Z/2026-04-16T18:00:00Z,,"Amazon Web Services, Inc.",AWS,Anniversary,430155298731,2026-04-01T00:00:00Z,2026-05-01T00:00:00Z,430155298731,Usage,2026-04-16T17:00:00Z,2026-04-16T18:00:00Z,AmazonS3,Requests-Tier1,ListAllMyBuckets,,,1.0000000000,,,USD,0.0000050000,0.0000050000,0.0000050000,0.0000050000,"$0.005 per 1,000 PUT, COPY, POST, or LIST requests",,"Amazon Web Services, Inc.",Amazon Simple Storage Service,,,,,,,,,,,,,,,,,,S3-API-Tier1,PUT/COPY/POST or LIST requests,,,,,,,,,,US East (N. Virginia),AWS Region,,,,,,,,,,,,,,,,API Request,,us-east-1,us-east-1,AmazonS3,Amazon Simple Storage Service,E9YHNFENF4XQBZR6,,,,,,,,,Requests-Tier1,,,,,E9YHNFENF4XQBZR6.JRTCKXETXF.6YS6EN2CT7,444249174147,USD,0.0000050000,0.0000050000,OnDemand,Requests,,,,,,,,,,23742807738,,,,,,,,,,,,,,,
7s2qpom5jfoxsyzoegz44iou4u6vkpicc7tmb3x3gsvii2hlmesa,2026-04-16T19:00:00Z/2026-04-16T20:00:00Z,,"Amazon Web Services, Inc.",AWS,Anniversary,430155298731,2026-04-01T00:00:00Z,2026-05-01T00:00:00Z,430155298731,Usage,2026-04-16T19:00:00Z,2026-04-16T20:00:00Z,AmazonS3,Requests-Tier1,ListAllMyBuckets,,,2.0000000000,,,USD,0.0000050000,0.0000100000,0.0000050000,0.0000100000,"$0.005 per 1,000 PUT, COPY, POST, or LIST requests",,"Amazon Web Services, Inc.",Amazon Simple Storage Service,,,,,,,,,,,,,,,,,,S3-API-Tier1,PUT/COPY/POST or LIST requests,,,,,,,,,,US East (N. Virginia),AWS Region,,,,,,,,,,,,,,,,API Request,,us-east-1,us-east-1,AmazonS3,Amazon Simple Storage Service,E9YHNFENF4XQBZR6,,,,,,,,,Requests-Tier1,,,,,E9YHNFENF4XQBZR6.JRTCKXETXF.6YS6EN2CT7,444249174147,USD,0.0000100000,0.0000050000,OnDemand,Requests,,,,,,,,,,23742807738,,,,,,,,,,,,,,,
7s2qpom5jfoxsyzoegz44iou4u6vkpicc7tmb3x3gsvii2hlmesa,2026-04-16T22:00:00Z/2026-04-16T23:00:00Z,,"Amazon Web Services, Inc.",AWS,Anniversary,430155298731,2026-04-01T00:00:00Z,2026-05-01T00:00:00Z,430155298731,Usage,2026-04-16T22:00:00Z,2026-04-16T23:00:00Z,AmazonS3,Requests-Tier1,ListAllMyBuckets,,,3.0000000000,,,USD,0.0000050000,0.0000150000,0.0000050000,0.0000150000,"$0.005 per 1,000 PUT, COPY, POST, or LIST requests",,"Amazon Web Services, Inc.",Amazon Simple Storage Service,,,,,,,,,,,,,,,,,,S3-API-Tier1,PUT/COPY/POST or LIST requests,,,,,,,,,,US East (N. Virginia),AWS Region,,,,,,,,,,,,,,,,API Request,,us-east-1,us-east-1,AmazonS3,Amazon Simple Storage Service,E9YHNFENF4XQBZR6,,,,,,,,,Requests-Tier1,,,,,E9YHNFENF4XQBZR6.JRTCKXETXF.6YS6EN2CT7,444249174147,USD,0.0000150000,0.0000050000,OnDemand,Requests,,,,,,,,,,23742807738,,,,,,,,,,,,,,,
7s2qpom5jfoxsyzoegz44iou4u6vkpicc7tmb3x3gsvii2hlmesa,2026-04-19T20:00:00Z/2026-04-19T21:00:00Z,,"Amazon Web Services, Inc.",AWS,Anniversary,430155298731,2026-04-01T00:00:00Z,2026-05-01T00:00:00Z,430155298731,Usage,2026-04-19T20:00:00Z,2026-04-19T21:00:00Z,AmazonS3,Requests-Tier1,ListAllMyBuckets,,,5.0000000000,,,USD,0.0000050000,0.0000250000,0.0000050000,0.0000250000,"$0.005 per 1,000 PUT, COPY, POST, or LIST requests",,"Amazon Web Services, Inc.",Amazon Simple Storage Service,,,,,,,,,,,,,,,,,,S3-API-Tier1,PUT/COPY/POST or LIST requests,,,,,,,,,,US East (N. Virginia),AWS Region,,,,,,,,,,,,,,,,API Request,,us-east-1,us-east-1,AmazonS3,Amazon Simple Storage Service,E9YHNFENF4XQBZR6,,,,,,,,,Requests-Tier1,,,,,E9YHNFENF4XQBZR6.JRTCKXETXF.6YS6EN2CT7,444249174147,USD,0.0000250000,0.0000050000,OnDemand,Requests,,,,,,,,,,23742807738,,,,,,,,,,,,,,,
7s2qpom5jfoxsyzoegz44iou4u6vkpicc7tmb3x3gsvii2hlmesa,2026-04-19T21:00:00Z/2026-04-19T22:00:00Z,,"Amazon Web Services, Inc.",AWS,Anniversary,430155298731,2026-04-01T00:00:00Z,2026-05-01T00:00:00Z,430155298731,Usage,2026-04-19T21:00:00Z,2026-04-19T22:00:00Z,AmazonS3,Requests-Tier1,ListAllMyBuckets,,,3.0000000000,,,USD,0.0000050000,0.0000150000,0.0000050000,0.0000150000,"$0.005 per 1,000 PUT, COPY, POST, or LIST requests",,"Amazon Web Services, Inc.",Amazon Simple Storage Service,,,,,,,,,,,,,,,,,,S3-API-Tier1,PUT/COPY/POST or LIST requests,,,,,,,,,,US East (N. Virginia),AWS Region,,,,,,,,,,,,,,,,API Request,,us-east-1,us-east-1,AmazonS3,Amazon Simple Storage Service,E9YHNFENF4XQBZR6,,,,,,,,,Requests-Tier1,,,,,E9YHNFENF4XQBZR6.JRTCKXETXF.6YS6EN2CT7,444249174147,USD,0.0000150000,0.0000050000,OnDemand,Requests,,,,,,,,,,23742807738,,,,,,,,,,,,,,,
7s2qpom5jfoxsyzoegz44iou4u6vkpicc7tmb3x3gsvii2hlmesa,2026-04-19T22:00:00Z/2026-04-19T23:00:00Z,,"Amazon Web Services, Inc.",AWS,Anniversary,430155298731,2026-04-01T00:00:00Z,2026-05-01T00:00:00Z,430155298731,Usage,2026-04-19T22:00:00Z,2026-04-19T23:00:00Z,AmazonS3,Requests-Tier1,ListAllMyBuckets,,,5.0000000000,,,USD,0.0000050000,0.0000250000,0.0000050000,0.0000250000,"$0.005 per 1,000 PUT, COPY, POST, or LIST requests",,"Amazon Web Services, Inc.",Amazon Simple Storage Service,,,,,,,,,,,,,,,,,,S3-API-Tier1,PUT/COPY/POST or LIST requests,,,,,,,,,,US East (N. Virginia),AWS Region,,,,,,,,,,,,,,,,API Request,,us-east-1,us-east-1,AmazonS3,Amazon Simple Storage Service,E9YHNFENF4XQBZR6,,,,,,,,,Requests-Tier1,,,,,E9YHNFENF4XQBZR6.JRTCKXETXF.6YS6EN2CT7,444249174147,USD,0.0000250000,0.0000050000,OnDemand,Requests,,,,,,,,,,23742807738,,,,,,,,,,,,,,,
7s2qpom5jfoxsyzoegz44iou4u6vkpicc7tmb3x3gsvii2hlmesa,2026-04-20T08:00:00Z/2026-04-20T09:00:00Z,,"Amazon Web Services, Inc.",AWS,Anniversary,430155298731,2026-04-01T00:00:00Z,2026-05-01T00:00:00Z,430155298731,Usage,2026-04-20T08:00:00Z,2026-04-20T09:00:00Z,AmazonS3,Requests-Tier1,ListAllMyBuckets,,,2.0000000000,,,USD,0.0000050000,0.0000100000,0.0000050000,0.0000100000,"$0.005 per 1,000 PUT, COPY, POST, or LIST requests",,"Amazon Web Services, Inc.",Amazon Simple Storage Service,,,,,,,,,,,,,,,,,,S3-API-Tier1,PUT/COPY/POST or LIST requests,,,,,,,,,,US East (N. Virginia),AWS Region,,,,,,,,,,,,,,,,API Request,,us-east-1,us-east-1,AmazonS3,Amazon Simple Storage Service,E9YHNFENF4XQBZR6,,,,,,,,,Requests-Tier1,,,,,E9YHNFENF4XQBZR6.JRTCKXETXF.6YS6EN2CT7,444249174147,USD,0.0000100000,0.0000050000,OnDemand,Requests,,,,,,,,,,23742807738,,,,,,,,,,,,,,,
7s2qpom5jfoxsyzoegz44iou4u6vkpicc7tmb3x3gsvii2hlmesa,2026-04-20T20:00:00Z/2026-04-20T21:00:00Z,,"Amazon Web Services, Inc.",AWS,Anniversary,430155298731,2026-04-01T00:00:00Z,2026-05-01T00:00:00Z,430155298731,Usage,2026-04-20T20:00:00Z,2026-04-20T21:00:00Z,AmazonS3,Requests-Tier1,ListAllMyBuckets,,,5.0000000000,,,USD,0.0000050000,0.0000250000,0.0000050000,0.0000250000,"$0.005 per 1,000 PUT, COPY, POST, or LIST requests",,"Amazon Web Services, Inc.",Amazon Simple Storage Service,,,,,,,,,,,,,,,,,,S3-API-Tier1,PUT/COPY/POST or LIST requests,,,,,,,,,,US East (N. Virginia),AWS Region,,,,,,,,,,,,,,,,API Request,,us-east-1,us-east-1,AmazonS3,Amazon Simple Storage Service,E9YHNFENF4XQBZR6,,,,,,,,,Requests-Tier1,,,,,E9YHNFENF4XQBZR6.JRTCKXETXF.6YS6EN2CT7,444249174147,USD,0.0000250000,0.0000050000,OnDemand,Requests,,,,,,,,,,23742807738,,,,,,,,,,,,,,,
7s2qpom5jfoxsyzoegz44iou4u6vkpicc7tmb3x3gsvii2hlmesa,2026-04-20T21:00:00Z/2026-04-20T22:00:00Z,,"Amazon Web Services, Inc.",AWS,Anniversary,430155298731,2026-04-01T00:00:00Z,2026-05-01T00:00:00Z,430155298731,Usage,2026-04-20T21:00:00Z,2026-04-20T22:00:00Z,AmazonS3,Requests-Tier1,ListAllMyBuckets,,,3.0000000000,,,USD,0.0000050000,0.0000150000,0.0000050000,0.0000150000,"$0.005 per 1,000 PUT, COPY, POST, or LIST requests",,"Amazon Web Services, Inc.",Amazon Simple Storage Service,,,,,,,,,,,,,,,,,,S3-API-Tier1,PUT/COPY/POST or LIST requests,,,,,,,,,,US East (N. Virginia),AWS Region,,,,,,,,,,,,,,,,API Request,,us-east-1,us-east-1,AmazonS3,Amazon Simple Storage Service,E9YHNFENF4XQBZR6,,,,,,,,,Requests-Tier1,,,,,E9YHNFENF4XQBZR6.JRTCKXETXF.6YS6EN2CT7,444249174147,USD,0.0000150000,0.0000050000,OnDemand,Requests,,,,,,,,,,23742807738,,,,,,,,,,,,,,,
7s2qpom5jfoxsyzoegz44iou4u6vkpicc7tmb3x3gsvii2hlmesa,2026-04-21T00:00:00Z/2026-04-21T01:00:00Z,,"Amazon Web Services, Inc.",AWS,Anniversary,430155298731,2026-04-01T00:00:00Z,2026-05-01T00:00:00Z,430155298731,Usage,2026-04-21T00:00:00Z,2026-04-21T01:00:00Z,AmazonS3,Requests-Tier1,ListAllMyBuckets,,,2.0000000000,,,USD,0.0000050000,0.0000100000,0.0000050000,0.0000100000,"$0.005 per 1,000 PUT, COPY, POST, or LIST requests",,"Amazon Web Services, Inc.",Amazon Simple Storage Service,,,,,,,,,,,,,,,,,,S3-API-Tier1,PUT/COPY/POST or LIST requests,,,,,,,,,,US East (N. Virginia),AWS Region,,,,,,,,,,,,,,,,API Request,,us-east-1,us-east-1,AmazonS3,Amazon Simple Storage Service,E9YHNFENF4XQBZR6,,,,,,,,,Requests-Tier1,,,,,E9YHNFENF4XQBZR6.JRTCKXETXF.6YS6EN2CT7,444249174147,USD,0.0000100000,0.0000050000,OnDemand,Requests,,,,,,,,,,23742807738,,,,,,,,,,,,,,,
7s2qpom5jfoxsyzoegz44iou4u6vkpicc7tmb3x3gsvii2hlmesa,2026-04-21T08:00:00Z/2026-04-21T09:00:00Z,,"Amazon Web Services, Inc.",AWS,Anniversary,430155298731,2026-04-01T00:00:00Z,2026-05-01T00:00:00Z,430155298731,Usage,2026-04-21T08:00:00Z,2026-04-21T09:00:00Z,AmazonS3,Requests-Tier1,ListAllMyBuckets,,,2.0000000000,,,USD,0.0000050000,0.0000100000,0.0000050000,0.0000100000,"$0.005 per 1,000 PUT, COPY, POST, or LIST requests",,"Amazon Web Services, Inc.",Amazon Simple Storage Service,,,,,,,,,,,,,,,,,,S3-API-Tier1,PUT/COPY/POST or LIST requests,,,,,,,,,,US East (N. Virginia),AWS Region,,,,,,,,,,,,,,,,API Request,,us-east-1,us-east-1,AmazonS3,Amazon Simple Storage Service,E9YHNFENF4XQBZR6,,,,,,,,,Requests-Tier1,,,,,E9YHNFENF4XQBZR6.JRTCKXETXF.6YS6EN2CT7,444249174147,USD,0.0000100000,0.0000050000,OnDemand,Requests,,,,,,,,,,23742807738,,,,,,,,,,,,,,,
7s2qpom5jfoxsyzoegz44iou4u6vkpicc7tmb3x3gsvii2hlmesa,2026-04-21T11:00:00Z/2026-04-21T12:00:00Z,,"Amazon Web Services, Inc.",AWS,Anniversary,430155298731,2026-04-01T00:00:00Z,2026-05-01T00:00:00Z,430155298731,Usage,2026-04-21T11:00:00Z,2026-04-21T12:00:00Z,AmazonS3,Requests-Tier1,ListAllMyBuckets,,,1.0000000000,,,USD,0.0000050000,0.0000050000,0.0000050000,0.0000050000,"$0.005 per 1,000 PUT, COPY, POST, or LIST requests",,"Amazon Web Services, Inc.",Amazon Simple Storage Service,,,,,,,,,,,,,,,,,,S3-API-Tier1,PUT/COPY/POST or LIST requests,,,,,,,,,,US East (N. Virginia),AWS Region,,,,,,,,,,,,,,,,API Request,,us-east-1,us-east-1,AmazonS3,Amazon Simple Storage Service,E9YHNFENF4XQBZR6,,,,,,,,,Requests-Tier1,,,,,E9YHNFENF4XQBZR6.JRTCKXETXF.6YS6EN2CT7,444249174147,USD,0.0000050000,0.0000050000,OnDemand,Requests,,,,,,,,,,23742807738,,,,,,,,,,,,,,,
7s2qpom5jfoxsyzoegz44iou4u6vkpicc7tmb3x3gsvii2hlmesa,2026-04-21T12:00:00Z/2026-04-21T13:00:00Z,,"Amazon Web Services, Inc.",AWS,Anniversary,430155298731,2026-04-01T00:00:00Z,2026-05-01T00:00:00Z,430155298731,Usage,2026-04-21T12:00:00Z,2026-04-21T13:00:00Z,AmazonS3,Requests-Tier1,ListAllMyBuckets,,,23.0000000000,,,USD,0.0000050000,0.0001150000,0.0000050000,0.0001150000,"$0.005 per 1,000 PUT, COPY, POST, or LIST requests",,"Amazon Web Services, Inc.",Amazon Simple Storage Service,,,,,,,,,,,,,,,,,,S3-API-Tier1,PUT/COPY/POST or LIST requests,,,,,,,,,,US East (N. Virginia),AWS Region,,,,,,,,,,,,,,,,API Request,,us-east-1,us-east-1,AmazonS3,Amazon Simple Storage Service,E9YHNFENF4XQBZR6,,,,,,,,,Requests-Tier1,,,,,E9YHNFENF4XQBZR6.JRTCKXETXF.6YS6EN2CT7,444249174147,USD,0.0001150000,0.0000050000,OnDemand,Requests,,,,,,,,,,23742807738,,,,,,,,,,,,,,,
7s2qpom5jfoxsyzoegz44iou4u6vkpicc7tmb3x3gsvii2hlmesa,2026-04-26T00:00:00Z/2026-04-26T01:00:00Z,,"Amazon Web Services, Inc.",AWS,Anniversary,430155298731,2026-04-01T00:00:00Z,2026-05-01T00:00:00Z,430155298731,Usage,2026-04-26T00:00:00Z,2026-04-26T01:00:00Z,AmazonS3,Requests-Tier1,ListAllMyBuckets,,,1.0000000000,,,USD,0.0000050000,0.0000050000,0.0000050000,0.0000050000,"$0.005 per 1,000 PUT, COPY, POST, or LIST requests",,"Amazon Web Services, Inc.",Amazon Simple Storage Service,,,,,,,,,,,,,,,,,,S3-API-Tier1,PUT/COPY/POST or LIST requests,,,,,,,,,,US East (N. Virginia),AWS Region,,,,,,,,,,,,,,,,API Request,,us-east-1,us-east-1,AmazonS3,Amazon Simple Storage Service,E9YHNFENF4XQBZR6,,,,,,,,,Requests-Tier1,,,,,E9YHNFENF4XQBZR6.JRTCKXETXF.6YS6EN2CT7,444249174147,USD,0.0000050000,0.0000050000,OnDemand,Requests,,,,,,,,,,23742807738,,,,,,,,,,,,,,,
spea3nqz4uagrjeqkv56psrcox5eqwtjrc4mz2lvwkqyyzenvtoa,2026-04-19T21:00:00Z/2026-04-19T22:00:00Z,,"Amazon Web Services, Inc.",AWS,Anniversary,430155298731,2026-04-01T00:00:00Z,2026-05-01T00:00:00Z,430155298731,Usage,2026-04-19T21:00:00Z,2026-04-19T22:00:00Z,AmazonS3,Requests-Tier1,ListAllMyDirectoryBuckets,,,1.0000000000,,,USD,0.0000050000,0.0000050000,0.0000050000,0.0000050000,"$0.005 per 1,000 PUT, COPY, POST, or LIST requests",,"Amazon Web Services, Inc.",Amazon Simple Storage Service,,,,,,,,,,,,,,,,,,S3-API-Tier1,PUT/COPY/POST or LIST requests,,,,,,,,,,US East (N. Virginia),AWS Region,,,,,,,,,,,,,,,,API Request,,us-east-1,us-east-1,AmazonS3,Amazon Simple Storage Service,E9YHNFENF4XQBZR6,,,,,,,,,Requests-Tier1,,,,,E9YHNFENF4XQBZR6.JRTCKXETXF.6YS6EN2CT7,444249174147,USD,0.0000050000,0.0000050000,OnDemand,Requests,,,,,,,,,,23742807738,,,,,,,,,,,,,,,
spea3nqz4uagrjeqkv56psrcox5eqwtjrc4mz2lvwkqyyzenvtoa,2026-04-21T03:00:00Z/2026-04-21T04:00:00Z,,"Amazon Web Services, Inc.",AWS,Anniversary,430155298731,2026-04-01T00:00:00Z,2026-05-01T00:00:00Z,430155298731,Usage,2026-04-21T03:00:00Z,2026-04-21T04:00:00Z,AmazonS3,Requests-Tier1,ListAllMyDirectoryBuckets,,,1.0000000000,,,USD,0.0000050000,0.0000050000,0.0000050000,0.0000050000,"$0.005 per 1,000 PUT, COPY, POST, or LIST requests",,"Amazon Web Services, Inc.",Amazon Simple Storage Service,,,,,,,,,,,,,,,,,,S3-API-Tier1,PUT/COPY/POST or LIST requests,,,,,,,,,,US East (N. Virginia),AWS Region,,,,,,,,,,,,,,,,API Request,,us-east-1,us-east-1,AmazonS3,Amazon Simple Storage Service,E9YHNFENF4XQBZR6,,,,,,,,,Requests-Tier1,,,,,E9YHNFENF4XQBZR6.JRTCKXETXF.6YS6EN2CT7,444249174147,USD,0.0000050000,0.0000050000,OnDemand,Requests,,,,,,,,,,23742807738,,,,,,,,,,,,,,,
spea3nqz4uagrjeqkv56psrcox5eqwtjrc4mz2lvwkqyyzenvtoa,2026-04-26T03:00:00Z/2026-04-26T04:00:00Z,,"Amazon Web Services, Inc.",AWS,Anniversary,430155298731,2026-04-01T00:00:00Z,2026-05-01T00:00:00Z,430155298731,Usage,2026-04-26T03:00:00Z,2026-04-26T04:00:00Z,AmazonS3,Requests-Tier1,ListAllMyDirectoryBuckets,,,1.0000000000,,,USD,0.0000050000,0.0000050000,0.0000050000,0.0000050000,"$0.005 per 1,000 PUT, COPY, POST, or LIST requests",,"Amazon Web Services, Inc.",Amazon Simple Storage Service,,,,,,,,,,,,,,,,,,S3-API-Tier1,PUT/COPY/POST or LIST requests,,,,,,,,,,US East (N. Virginia),AWS Region,,,,,,,,,,,,,,,,API Request,,us-east-1,us-east-1,AmazonS3,Amazon Simple Storage Service,E9YHNFENF4XQBZR6,,,,,,,,,Requests-Tier1,,,,,E9YHNFENF4XQBZR6.JRTCKXETXF.6YS6EN2CT7,444249174147,USD,0.0000050000,0.0000050000,OnDemand,Requests,,,,,,,,,,23742807738,,,,,,,,,,,,,,,
7yq2zagsvkypcq2hfgnu7ypgcwzsaimyd2umcqsliyztd3plqnkq,2026-04-19T20:00:00Z/2026-04-19T21:00:00Z,,"Amazon Web Services, Inc.",AWS,Anniversary,430155298731,2026-04-01T00:00:00Z,2026-05-01T00:00:00Z,430155298731,Usage,2026-04-19T20:00:00Z,2026-04-19T21:00:00Z,AmazonS3,Requests-Tier1,ListBucket,,fincloud-cur-bucket-123,1.0000000000,,,USD,0.0000050000,0.0000050000,0.0000050000,0.0000050000,"$0.005 per 1,000 PUT, COPY, POST, or LIST requests",,"Amazon Web Services, Inc.",Amazon Simple Storage Service,,,,,,,,,,,,,,,,,,S3-API-Tier1,PUT/COPY/POST or LIST requests,,,,,,,,,,US East (N. Virginia),AWS Region,,,,,,,,,,,,,,,,API Request,,us-east-1,us-east-1,AmazonS3,Amazon Simple Storage Service,E9YHNFENF4XQBZR6,,,,,,,,,Requests-Tier1,,,,,E9YHNFENF4XQBZR6.JRTCKXETXF.6YS6EN2CT7,444249174147,USD,0.0000050000,0.0000050000,OnDemand,Requests,,,,,,,,,,23742807738,,,,,,,,,,,,,,,
7yq2zagsvkypcq2hfgnu7ypgcwzsaimyd2umcqsliyztd3plqnkq,2026-04-19T22:00:00Z/2026-04-19T23:00:00Z,,"Amazon Web Services, Inc.",AWS,Anniversary,430155298731,2026-04-01T00:00:00Z,2026-05-01T00:00:00Z,430155298731,Usage,2026-04-19T22:00:00Z,2026-04-19T23:00:00Z,AmazonS3,Requests-Tier1,ListBucket,,fincloud-cur-bucket-123,1.0000000000,,,USD,0.0000050000,0.0000050000,0.0000050000,0.0000050000,"$0.005 per 1,000 PUT, COPY, POST, or LIST requests",,"Amazon Web Services, Inc.",Amazon Simple Storage Service,,,,,,,,,,,,,,,,,,S3-API-Tier1,PUT/COPY/POST or LIST requests,,,,,,,,,,US East (N. Virginia),AWS Region,,,,,,,,,,,,,,,,API Request,,us-east-1,us-east-1,AmazonS3,Amazon Simple Storage Service,E9YHNFENF4XQBZR6,,,,,,,,,Requests-Tier1,,,,,E9YHNFENF4XQBZR6.JRTCKXETXF.6YS6EN2CT7,444249174147,USD,0.0000050000,0.0000050000,OnDemand,Requests,,,,,,,,,,23742807738,,,,,,,,,,,,,,,
7yq2zagsvkypcq2hfgnu7ypgcwzsaimyd2umcqsliyztd3plqnkq,2026-04-20T08:00:00Z/2026-04-20T09:00:00Z,,"Amazon Web Services, Inc.",AWS,Anniversary,430155298731,2026-04-01T00:00:00Z,2026-05-01T00:00:00Z,430155298731,Usage,2026-04-20T08:00:00Z,2026-04-20T09:00:00Z,AmazonS3,Requests-Tier1,ListBucket,,fincloud-cur-bucket-123,21.0000000000,,,USD,0.0000050000,0.0001050000,0.0000050000,0.0001050000,"$0.005 per 1,000 PUT, COPY, POST, or LIST requests",,"Amazon Web Services, Inc.",Amazon Simple Storage Service,,,,,,,,,,,,,,,,,,S3-API-Tier1,PUT/COPY/POST or LIST requests,,,,,,,,,,US East (N. Virginia),AWS Region,,,,,,,,,,,,,,,,API Request,,us-east-1,us-east-1,AmazonS3,Amazon Simple Storage Service,E9YHNFENF4XQBZR6,,,,,,,,,Requests-Tier1,,,,,E9YHNFENF4XQBZR6.JRTCKXETXF.6YS6EN2CT7,444249174147,USD,0.0001050000,0.0000050000,OnDemand,Requests,,,,,,,,,,23742807738,,,,,,,,,,,,,,,
7yq2zagsvkypcq2hfgnu7ypgcwzsaimyd2umcqsliyztd3plqnkq,2026-04-20T20:00:00Z/2026-04-20T21:00:00Z,,"Amazon Web Services, Inc.",AWS,Anniversary,430155298731,2026-04-01T00:00:00Z,2026-05-01T00:00:00Z,430155298731,Usage,2026-04-20T20:00:00Z,2026-04-20T21:00:00Z,AmazonS3,Requests-Tier1,ListBucket,,fincloud-cur-bucket-123,14.0000000000,,,USD,0.0000050000,0.0000700000,0.0000050000,0.0000700000,"$0.005 per 1,000 PUT, COPY, POST, or LIST requests",,"Amazon Web Services, Inc.",Amazon Simple Storage Service,,,,,,,,,,,,,,,,,,S3-API-Tier1,PUT/COPY/POST or LIST requests,,,,,,,,,,US East (N. Virginia),AWS Region,,,,,,,,,,,,,,,,API Request,,us-east-1,us-east-1,AmazonS3,Amazon Simple Storage Service,E9YHNFENF4XQBZR6,,,,,,,,,Requests-Tier1,,,,,E9YHNFENF4XQBZR6.JRTCKXETXF.6YS6EN2CT7,444249174147,USD,0.0000700000,0.0000050000,OnDemand,Requests,,,,,,,,,,23742807738,,,,,,,,,,,,,,,
vgavhbkx4fcbvkdztoaz3nny6zdpdulutzj3kpn6vjywdbsdme5q,2026-04-20T20:00:00Z/2026-04-20T21:00:00Z,,"Amazon Web Services, Inc.",AWS,Anniversary,430155298731,2026-04-01T00:00:00Z,2026-05-01T00:00:00Z,430155298731,Usage,2026-04-20T20:00:00Z,2026-04-20T21:00:00Z,AmazonS3,Requests-Tier1,ListBucket,,fincloud-data-123,2.0000000000,,,USD,0.0000050000,0.0000100000,0.0000050000,0.0000100000,"$0.005 per 1,000 PUT, COPY, POST, or LIST requests",,"Amazon Web Services, Inc.",Amazon Simple Storage Service,,,,,,,,,,,,,,,,,,S3-API-Tier1,PUT/COPY/POST or LIST requests,,,,,,,,,,US East (N. Virginia),AWS Region,,,,,,,,,,,,,,,,API Request,,us-east-1,us-east-1,AmazonS3,Amazon Simple Storage Service,E9YHNFENF4XQBZR6,,,,,,,,,Requests-Tier1,,,,,E9YHNFENF4XQBZR6.JRTCKXETXF.6YS6EN2CT7,444249174147,USD,0.0000100000,0.0000050000,OnDemand,Requests,,,,,,,,,,23742807738,,,,,,,,,,,,,,,
7yq2zagsvkypcq2hfgnu7ypgcwzsaimyd2umcqsliyztd3plqnkq,2026-04-21T08:00:00Z/2026-04-21T09:00:00Z,,"Amazon Web Services, Inc.",AWS,Anniversary,430155298731,2026-04-01T00:00:00Z,2026-05-01T00:00:00Z,430155298731,Usage,2026-04-21T08:00:00Z,2026-04-21T09:00:00Z,AmazonS3,Requests-Tier1,ListBucket,,fincloud-cur-bucket-123,10.0000000000,,,USD,0.0000050000,0.0000500000,0.0000050000,0.0000500000,"$0.005 per 1,000 PUT, COPY, POST, or LIST requests",,"Amazon Web Services, Inc.",Amazon Simple Storage Service,,,,,,,,,,,,,,,,,,S3-API-Tier1,PUT/COPY/POST or LIST requests,,,,,,,,,,US East (N. Virginia),AWS Region,,,,,,,,,,,,,,,,API Request,,us-east-1,us-east-1,AmazonS3,Amazon Simple Storage Service,E9YHNFENF4XQBZR6,,,,,,,,,Requests-Tier1,,,,,E9YHNFENF4XQBZR6.JRTCKXETXF.6YS6EN2CT7,444249174147,USD,0.0000500000,0.0000050000,OnDemand,Requests,,,,,,,,,,23742807738,,,,,,,,,,,,,,,
7yq2zagsvkypcq2hfgnu7ypgcwzsaimyd2umcqsliyztd3plqnkq,2026-04-21T11:00:00Z/2026-04-21T12:00:00Z,,"Amazon Web Services, Inc.",AWS,Anniversary,430155298731,2026-04-01T00:00:00Z,2026-05-01T00:00:00Z,430155298731,Usage,2026-04-21T11:00:00Z,2026-04-21T12:00:00Z,AmazonS3,Requests-Tier1,ListBucket,,fincloud-cur-bucket-123,9.0000000000,,,USD,0.0000050000,0.0000450000,0.0000050000,0.0000450000,"$0.005 per 1,000 PUT, COPY, POST, or LIST requests",,"Amazon Web Services, Inc.",Amazon Simple Storage Service,,,,,,,,,,,,,,,,,,S3-API-Tier1,PUT/COPY/POST or LIST requests,,,,,,,,,,US East (N. Virginia),AWS Region,,,,,,,,,,,,,,,,API Request,,us-east-1,us-east-1,AmazonS3,Amazon Simple Storage Service,E9YHNFENF4XQBZR6,,,,,,,,,Requests-Tier1,,,,,E9YHNFENF4XQBZR6.JRTCKXETXF.6YS6EN2CT7,444249174147,USD,0.0000450000,0.0000050000,OnDemand,Requests,,,,,,,,,,23742807738,,,,,,,,,,,,,,,
7yq2zagsvkypcq2hfgnu7ypgcwzsaimyd2umcqsliyztd3plqnkq,2026-04-21T12:00:00Z/2026-04-21T13:00:00Z,,"Amazon Web Services, Inc.",AWS,Anniversary,430155298731,2026-04-01T00:00:00Z,2026-05-01T00:00:00Z,430155298731,Usage,2026-04-21T12:00:00Z,2026-04-21T13:00:00Z,AmazonS3,Requests-Tier1,ListBucket,,fincloud-cur-bucket-123,35.0000000000,,,USD,0.0000050000,0.0001750000,0.0000050000,0.0001750000,"$0.005 per 1,000 PUT, COPY, POST, or LIST requests",,"Amazon Web Services, Inc.",Amazon Simple Storage Service,,,,,,,,,,,,,,,,,,S3-API-Tier1,PUT/COPY/POST or LIST requests,,,,,,,,,,US East (N. Virginia),AWS Region,,,,,,,,,,,,,,,,API Request,,us-east-1,us-east-1,AmazonS3,Amazon Simple Storage Service,E9YHNFENF4XQBZR6,,,,,,,,,Requests-Tier1,,,,,E9YHNFENF4XQBZR6.JRTCKXETXF.6YS6EN2CT7,444249174147,USD,0.0001750000,0.0000050000,OnDemand,Requests,,,,,,,,,,23742807738,,,,,,,,,,,,,,,
tynsz7qjcqcr6fzzf2lymaozswtolcq2qiojlen2acb7jykahs3a,2026-04-20T21:00:00Z/2026-04-20T22:00:00Z,,"Amazon Web Services, Inc.",AWS,Anniversary,430155298731,2026-04-01T00:00:00Z,2026-05-01T00:00:00Z,430155298731,Usage,2026-04-20T21:00:00Z,2026-04-20T22:00:00Z,AmazonS3,Requests-Tier1,ListBucketVersions,,fincloud-data-123,4.0000000000,,,USD,0.0000050000,0.0000200000,0.0000050000,0.0000200000,"$0.005 per 1,000 PUT, COPY, POST, or LIST requests",,"Amazon Web Services, Inc.",Amazon Simple Storage Service,,,,,,,,,,,,,,,,,,S3-API-Tier1,PUT/COPY/POST or LIST requests,,,,,,,,,,US East (N. Virginia),AWS Region,,,,,,,,,,,,,,,,API Request,,us-east-1,us-east-1,AmazonS3,Amazon Simple Storage Service,E9YHNFENF4XQBZR6,,,,,,,,,Requests-Tier1,,,,,E9YHNFENF4XQBZR6.JRTCKXETXF.6YS6EN2CT7,444249174147,USD,0.0000200000,0.0000050000,OnDemand,Requests,,,,,,,,,,23742807738,,,,,,,,,,,,,,,
xgohivvp7a5xi5ojmu5bn436e7l7vaqsddaw3upv3347qxuk5akq,2026-04-16T16:00:00Z/2026-04-16T17:00:00Z,,"Amazon Web Services, Inc.",AWS,Anniversary,430155298731,2026-04-01T00:00:00Z,2026-05-01T00:00:00Z,430155298731,Usage,2026-04-16T16:00:00Z,2026-04-16T17:00:00Z,AmazonS3,Requests-Tier1,ListLensConfigurations,,,1.0000000000,,,USD,0.0000050000,0.0000050000,0.0000050000,0.0000050000,"$0.005 per 1,000 PUT, COPY, POST, or LIST requests",,"Amazon Web Services, Inc.",Amazon Simple Storage Service,,,,,,,,,,,,,,,,,,S3-API-Tier1,PUT/COPY/POST or LIST requests,,,,,,,,,,US East (N. Virginia),AWS Region,,,,,,,,,,,,,,,,API Request,,us-east-1,us-east-1,AmazonS3,Amazon Simple Storage Service,E9YHNFENF4XQBZR6,,,,,,,,,Requests-Tier1,,,,,E9YHNFENF4XQBZR6.JRTCKXETXF.6YS6EN2CT7,444249174147,USD,0.0000050000,0.0000050000,OnDemand,Requests,,,,,,,,,,23742807738,,,,,,,,,,,,,,,
xgohivvp7a5xi5ojmu5bn436e7l7vaqsddaw3upv3347qxuk5akq,2026-04-16T17:00:00Z/2026-04-16T18:00:00Z,,"Amazon Web Services, Inc.",AWS,Anniversary,430155298731,2026-04-01T00:00:00Z,2026-05-01T00:00:00Z,430155298731,Usage,2026-04-16T17:00:00Z,2026-04-16T18:00:00Z,AmazonS3,Requests-Tier1,ListLensConfigurations,,,1.0000000000,,,USD,0.0000050000,0.0000050000,0.0000050000,0.0000050000,"$0.005 per 1,000 PUT, COPY, POST, or LIST requests",,"Amazon Web Services, Inc.",Amazon Simple Storage Service,,,,,,,,,,,,,,,,,,S3-API-Tier1,PUT/COPY/POST or LIST requests,,,,,,,,,,US East (N. Virginia),AWS Region,,,,,,,,,,,,,,,,API Request,,us-east-1,us-east-1,AmazonS3,Amazon Simple Storage Service,E9YHNFENF4XQBZR6,,,,,,,,,Requests-Tier1,,,,,E9YHNFENF4XQBZR6.JRTCKXETXF.6YS6EN2CT7,444249174147,USD,0.0000050000,0.0000050000,OnDemand,Requests,,,,,,,,,,23742807738,,,,,,,,,,,,,,,
xgohivvp7a5xi5ojmu5bn436e7l7vaqsddaw3upv3347qxuk5akq,2026-04-19T21:00:00Z/2026-04-19T22:00:00Z,,"Amazon Web Services, Inc.",AWS,Anniversary,430155298731,2026-04-01T00:00:00Z,2026-05-01T00:00:00Z,430155298731,Usage,2026-04-19T21:00:00Z,2026-04-19T22:00:00Z,AmazonS3,Requests-Tier1,ListLensConfigurations,,,1.0000000000,,,USD,0.0000050000,0.0000050000,0.0000050000,0.0000050000,"$0.005 per 1,000 PUT, COPY, POST, or LIST requests",,"Amazon Web Services, Inc.",Amazon Simple Storage Service,,,,,,,,,,,,,,,,,,S3-API-Tier1,PUT/COPY/POST or LIST requests,,,,,,,,,,US East (N. Virginia),AWS Region,,,,,,,,,,,,,,,,API Request,,us-east-1,us-east-1,AmazonS3,Amazon Simple Storage Service,E9YHNFENF4XQBZR6,,,,,,,,,Requests-Tier1,,,,,E9YHNFENF4XQBZR6.JRTCKXETXF.6YS6EN2CT7,444249174147,USD,0.0000050000,0.0000050000,OnDemand,Requests,,,,,,,,,,23742807738,,,,,,,,,,,,,,,
xgohivvp7a5xi5ojmu5bn436e7l7vaqsddaw3upv3347qxuk5akq,2026-04-20T19:00:00Z/2026-04-20T20:00:00Z,,"Amazon Web Services, Inc.",AWS,Anniversary,430155298731,2026-04-01T00:00:00Z,2026-05-01T00:00:00Z,430155298731,Usage,2026-04-20T19:00:00Z,2026-04-20T20:00:00Z,AmazonS3,Requests-Tier1,ListLensConfigurations,,,1.0000000000,,,USD,0.0000050000,0.0000050000,0.0000050000,0.0000050000,"$0.005 per 1,000 PUT, COPY, POST, or LIST requests",,"Amazon Web Services, Inc.",Amazon Simple Storage Service,,,,,,,,,,,,,,,,,,S3-API-Tier1,PUT/COPY/POST or LIST requests,,,,,,,,,,US East (N. Virginia),AWS Region,,,,,,,,,,,,,,,,API Request,,us-east-1,us-east-1,AmazonS3,Amazon Simple Storage Service,E9YHNFENF4XQBZR6,,,,,,,,,Requests-Tier1,,,,,E9YHNFENF4XQBZR6.JRTCKXETXF.6YS6EN2CT7,444249174147,USD,0.0000050000,0.0000050000,OnDemand,Requests,,,,,,,,,,23742807738,,,,,,,,,,,,,,,
xgohivvp7a5xi5ojmu5bn436e7l7vaqsddaw3upv3347qxuk5akq,2026-04-21T01:00:00Z/2026-04-21T02:00:00Z,,"Amazon Web Services, Inc.",AWS,Anniversary,430155298731,2026-04-01T00:00:00Z,2026-05-01T00:00:00Z,430155298731,Usage,2026-04-21T01:00:00Z,2026-04-21T02:00:00Z,AmazonS3,Requests-Tier1,ListLensConfigurations,,,1.0000000000,,,USD,0.0000050000,0.0000050000,0.0000050000,0.0000050000,"$0.005 per 1,000 PUT, COPY, POST, or LIST requests",,"Amazon Web Services, Inc.",Amazon Simple Storage Service,,,,,,,,,,,,,,,,,,S3-API-Tier1,PUT/COPY/POST or LIST requests,,,,,,,,,,US East (N. Virginia),AWS Region,,,,,,,,,,,,,,,,API Request,,us-east-1,us-east-1,AmazonS3,Amazon Simple Storage Service,E9YHNFENF4XQBZR6,,,,,,,,,Requests-Tier1,,,,,E9YHNFENF4XQBZR6.JRTCKXETXF.6YS6EN2CT7,444249174147,USD,0.0000050000,0.0000050000,OnDemand,Requests,,,,,,,,,,23742807738,,,,,,,,,,,,,,,
xgohivvp7a5xi5ojmu5bn436e7l7vaqsddaw3upv3347qxuk5akq,2026-04-26T01:00:00Z/2026-04-26T02:00:00Z,,"Amazon Web Services, Inc.",AWS,Anniversary,430155298731,2026-04-01T00:00:00Z,2026-05-01T00:00:00Z,430155298731,Usage,2026-04-26T01:00:00Z,2026-04-26T02:00:00Z,AmazonS3,Requests-Tier1,ListLensConfigurations,,,1.0000000000,,,USD,0.0000050000,0.0000050000,0.0000050000,0.0000050000,"$0.005 per 1,000 PUT, COPY, POST, or LIST requests",,"Amazon Web Services, Inc.",Amazon Simple Storage Service,,,,,,,,,,,,,,,,,,S3-API-Tier1,PUT/COPY/POST or LIST requests,,,,,,,,,,US East (N. Virginia),AWS Region,,,,,,,,,,,,,,,,API Request,,us-east-1,us-east-1,AmazonS3,Amazon Simple Storage Service,E9YHNFENF4XQBZR6,,,,,,,,,Requests-Tier1,,,,,E9YHNFENF4XQBZR6.JRTCKXETXF.6YS6EN2CT7,444249174147,USD,0.0000050000,0.0000050000,OnDemand,Requests,,,,,,,,,,23742807738,,,,,,,,,,,,,,,
ekqbyeycaxp3escoqdzxoggxk7sat7bjgd7ccuzoi65l53pzcdfa,2026-04-16T22:00:00Z/2026-04-16T23:00:00Z,,"Amazon Web Services, Inc.",AWS,Anniversary,430155298731,2026-04-01T00:00:00Z,2026-05-01T00:00:00Z,430155298731,Usage,2026-04-16T22:00:00Z,2026-04-16T23:00:00Z,AmazonS3,Requests-Tier1,ListMRAPs,,,1.0000000000,,,USD,0.0000050000,0.0000050000,0.0000050000,0.0000050000,"$0.005 per 1,000 PUT, COPY, POST, or LIST requests",,"Amazon Web Services, Inc.",Amazon Simple Storage Service,,,,,,,,,,,,,,,,,,S3-API-Tier1,PUT/COPY/POST or LIST requests,,,,,,,,,,US East (N. Virginia),AWS Region,,,,,,,,,,,,,,,,API Request,,us-east-1,us-east-1,AmazonS3,Amazon Simple Storage Service,E9YHNFENF4XQBZR6,,,,,,,,,Requests-Tier1,,,,,E9YHNFENF4XQBZR6.JRTCKXETXF.6YS6EN2CT7,444249174147,USD,0.0000050000,0.0000050000,OnDemand,Requests,,,,,,,,,,23742807738,,,,,,,,,,,,,,,
ekqbyeycaxp3escoqdzxoggxk7sat7bjgd7ccuzoi65l53pzcdfa,2026-04-19T20:00:00Z/2026-04-19T21:00:00Z,,"Amazon Web Services, Inc.",AWS,Anniversary,430155298731,2026-04-01T00:00:00Z,2026-05-01T00:00:00Z,430155298731,Usage,2026-04-19T20:00:00Z,2026-04-19T21:00:00Z,AmazonS3,Requests-Tier1,ListMRAPs,,,1.0000000000,,,USD,0.0000050000,0.0000050000,0.0000050000,0.0000050000,"$0.005 per 1,000 PUT, COPY, POST, or LIST requests",,"Amazon Web Services, Inc.",Amazon Simple Storage Service,,,,,,,,,,,,,,,,,,S3-API-Tier1,PUT/COPY/POST or LIST requests,,,,,,,,,,US East (N. Virginia),AWS Region,,,,,,,,,,,,,,,,API Request,,us-east-1,us-east-1,AmazonS3,Amazon Simple Storage Service,E9YHNFENF4XQBZR6,,,,,,,,,Requests-Tier1,,,,,E9YHNFENF4XQBZR6.JRTCKXETXF.6YS6EN2CT7,444249174147,USD,0.0000050000,0.0000050000,OnDemand,Requests,,,,,,,,,,23742807738,,,,,,,,,,,,,,,
ekqbyeycaxp3escoqdzxoggxk7sat7bjgd7ccuzoi65l53pzcdfa,2026-04-19T22:00:00Z/2026-04-19T23:00:00Z,,"Amazon Web Services, Inc.",AWS,Anniversary,430155298731,2026-04-01T00:00:00Z,2026-05-01T00:00:00Z,430155298731,Usage,2026-04-19T22:00:00Z,2026-04-19T23:00:00Z,AmazonS3,Requests-Tier1,ListMRAPs,,,2.0000000000,,,USD,0.0000050000,0.0000100000,0.0000050000,0.0000100000,"$0.005 per 1,000 PUT, COPY, POST, or LIST requests",,"Amazon Web Services, Inc.",Amazon Simple Storage Service,,,,,,,,,,,,,,,,,,S3-API-Tier1,PUT/COPY/POST or LIST requests,,,,,,,,,,US East (N. Virginia),AWS Region,,,,,,,,,,,,,,,,API Request,,us-east-1,us-east-1,AmazonS3,Amazon Simple Storage Service,E9YHNFENF4XQBZR6,,,,,,,,,Requests-Tier1,,,,,E9YHNFENF4XQBZR6.JRTCKXETXF.6YS6EN2CT7,444249174147,USD,0.0000100000,0.0000050000,OnDemand,Requests,,,,,,,,,,23742807738,,,,,,,,,,,,,,,
ekqbyeycaxp3escoqdzxoggxk7sat7bjgd7ccuzoi65l53pzcdfa,2026-04-20T21:00:00Z/2026-04-20T22:00:00Z,,"Amazon Web Services, Inc.",AWS,Anniversary,430155298731,2026-04-01T00:00:00Z,2026-05-01T00:00:00Z,430155298731,Usage,2026-04-20T21:00:00Z,2026-04-20T22:00:00Z,AmazonS3,Requests-Tier1,ListMRAPs,,,2.0000000000,,,USD,0.0000050000,0.0000100000,0.0000050000,0.0000100000,"$0.005 per 1,000 PUT, COPY, POST, or LIST requests",,"Amazon Web Services, Inc.",Amazon Simple Storage Service,,,,,,,,,,,,,,,,,,S3-API-Tier1,PUT/COPY/POST or LIST requests,,,,,,,,,,US East (N. Virginia),AWS Region,,,,,,,,,,,,,,,,API Request,,us-east-1,us-east-1,AmazonS3,Amazon Simple Storage Service,E9YHNFENF4XQBZR6,,,,,,,,,Requests-Tier1,,,,,E9YHNFENF4XQBZR6.JRTCKXETXF.6YS6EN2CT7,444249174147,USD,0.0000100000,0.0000050000,OnDemand,Requests,,,,,,,,,,23742807738,,,,,,,,,,,,,,,
ekqbyeycaxp3escoqdzxoggxk7sat7bjgd7ccuzoi65l53pzcdfa,2026-04-21T15:00:00Z/2026-04-21T16:00:00Z,,"Amazon Web Services, Inc.",AWS,Anniversary,430155298731,2026-04-01T00:00:00Z,2026-05-01T00:00:00Z,430155298731,Usage,2026-04-21T15:00:00Z,2026-04-21T16:00:00Z,AmazonS3,Requests-Tier1,ListMRAPs,,,1.0000000000,,,USD,0.0000050000,0.0000050000,0.0000050000,0.0000050000,"$0.005 per 1,000 PUT, COPY, POST, or LIST requests",,"Amazon Web Services, Inc.",Amazon Simple Storage Service,,,,,,,,,,,,,,,,,,S3-API-Tier1,PUT/COPY/POST or LIST requests,,,,,,,,,,US East (N. Virginia),AWS Region,,,,,,,,,,,,,,,,API Request,,us-east-1,us-east-1,AmazonS3,Amazon Simple Storage Service,E9YHNFENF4XQBZR6,,,,,,,,,Requests-Tier1,,,,,E9YHNFENF4XQBZR6.JRTCKXETXF.6YS6EN2CT7,444249174147,USD,0.0000050000,0.0000050000,OnDemand,Requests,,,,,,,,,,23742807738,,,,,,,,,,,,,,,
ekqbyeycaxp3escoqdzxoggxk7sat7bjgd7ccuzoi65l53pzcdfa,2026-04-26T15:00:00Z/2026-04-26T16:00:00Z,,"Amazon Web Services, Inc.",AWS,Anniversary,430155298731,2026-04-01T00:00:00Z,2026-05-01T00:00:00Z,430155298731,Usage,2026-04-26T15:00:00Z,2026-04-26T16:00:00Z,AmazonS3,Requests-Tier1,ListMRAPs,,,1.0000000000,,,USD,0.0000050000,0.0000050000,0.0000050000,0.0000050000,"$0.005 per 1,000 PUT, COPY, POST, or LIST requests",,"Amazon Web Services, Inc.",Amazon Simple Storage Service,,,,,,,,,,,,,,,,,,S3-API-Tier1,PUT/COPY/POST or LIST requests,,,,,,,,,,US East (N. Virginia),AWS Region,,,,,,,,,,,,,,,,API Request,,us-east-1,us-east-1,AmazonS3,Amazon Simple Storage Service,E9YHNFENF4XQBZR6,,,,,,,,,Requests-Tier1,,,,,E9YHNFENF4XQBZR6.JRTCKXETXF.6YS6EN2CT7,444249174147,USD,0.0000050000,0.0000050000,OnDemand,Requests,,,,,,,,,,23742807738,,,,,,,,,,,,,,,
bhgduuunwegkqn3hg3b26blynywdsumliyinfccom2btb76uqofa,2026-04-16T17:00:00Z/2026-04-16T18:00:00Z,,"Amazon Web Services, Inc.",AWS,Anniversary,430155298731,2026-04-01T00:00:00Z,2026-05-01T00:00:00Z,430155298731,Usage,2026-04-16T17:00:00Z,2026-04-16T18:00:00Z,AmazonS3,Requests-Tier1,ListStorageLensGroups,,,1.0000000000,,,USD,0.0000050000,0.0000050000,0.0000050000,0.0000050000,"$0.005 per 1,000 PUT, COPY, POST, or LIST requests",,"Amazon Web Services, Inc.",Amazon Simple Storage Service,,,,,,,,,,,,,,,,,,S3-API-Tier1,PUT/COPY/POST or LIST requests,,,,,,,,,,US East (N. Virginia),AWS Region,,,,,,,,,,,,,,,,API Request,,us-east-1,us-east-1,AmazonS3,Amazon Simple Storage Service,E9YHNFENF4XQBZR6,,,,,,,,,Requests-Tier1,,,,,E9YHNFENF4XQBZR6.JRTCKXETXF.6YS6EN2CT7,444249174147,USD,0.0000050000,0.0000050000,OnDemand,Requests,,,,,,,,,,23742807738,,,,,,,,,,,,,,,
bhgduuunwegkqn3hg3b26blynywdsumliyinfccom2btb76uqofa,2026-04-17T07:00:00Z/2026-04-17T08:00:00Z,,"Amazon Web Services, Inc.",AWS,Anniversary,430155298731,2026-04-01T00:00:00Z,2026-05-01T00:00:00Z,430155298731,Usage,2026-04-17T07:00:00Z,2026-04-17T08:00:00Z,AmazonS3,Requests-Tier1,ListStorageLensGroups,,,1.0000000000,,,USD,0.0000050000,0.0000050000,0.0000050000,0.0000050000,"$0.005 per 1,000 PUT, COPY, POST, or LIST requests",,"Amazon Web Services, Inc.",Amazon Simple Storage Service,,,,,,,,,,,,,,,,,,S3-API-Tier1,PUT/COPY/POST or LIST requests,,,,,,,,,,US East (N. Virginia),AWS Region,,,,,,,,,,,,,,,,API Request,,us-east-1,us-east-1,AmazonS3,Amazon Simple Storage Service,E9YHNFENF4XQBZR6,,,,,,,,,Requests-Tier1,,,,,E9YHNFENF4XQBZR6.JRTCKXETXF.6YS6EN2CT7,444249174147,USD,0.0000050000,0.0000050000,OnDemand,Requests,,,,,,,,,,23742807738,,,,,,,,,,,,,,,
bhgduuunwegkqn3hg3b26blynywdsumliyinfccom2btb76uqofa,2026-04-19T20:00:00Z/2026-04-19T21:00:00Z,,"Amazon Web Services, Inc.",AWS,Anniversary,430155298731,2026-04-01T00:00:00Z,2026-05-01T00:00:00Z,430155298731,Usage,2026-04-19T20:00:00Z,2026-04-19T21:00:00Z,AmazonS3,Requests-Tier1,ListStorageLensGroups,,,1.0000000000,,,USD,0.0000050000,0.0000050000,0.0000050000,0.0000050000,"$0.005 per 1,000 PUT, COPY, POST, or LIST requests",,"Amazon Web Services, Inc.",Amazon Simple Storage Service,,,,,,,,,,,,,,,,,,S3-API-Tier1,PUT/COPY/POST or LIST requests,,,,,,,,,,US East (N. Virginia),AWS Region,,,,,,,,,,,,,,,,API Request,,us-east-1,us-east-1,AmazonS3,Amazon Simple Storage Service,E9YHNFENF4XQBZR6,,,,,,,,,Requests-Tier1,,,,,E9YHNFENF4XQBZR6.JRTCKXETXF.6YS6EN2CT7,444249174147,USD,0.0000050000,0.0000050000,OnDemand,Requests,,,,,,,,,,23742807738,,,,,,,,,,,,,,,
bhgduuunwegkqn3hg3b26blynywdsumliyinfccom2btb76uqofa,2026-04-20T16:00:00Z/2026-04-20T17:00:00Z,,"Amazon Web Services, Inc.",AWS,Anniversary,430155298731,2026-04-01T00:00:00Z,2026-05-01T00:00:00Z,430155298731,Usage,2026-04-20T16:00:00Z,2026-04-20T17:00:00Z,AmazonS3,Requests-Tier1,ListStorageLensGroups,,,1.0000000000,,,USD,0.0000050000,0.0000050000,0.0000050000,0.0000050000,"$0.005 per 1,000 PUT, COPY, POST, or LIST requests",,"Amazon Web Services, Inc.",Amazon Simple Storage Service,,,,,,,,,,,,,,,,,,S3-API-Tier1,PUT/COPY/POST or LIST requests,,,,,,,,,,US East (N. Virginia),AWS Region,,,,,,,,,,,,,,,,API Request,,us-east-1,us-east-1,AmazonS3,Amazon Simple Storage Service,E9YHNFENF4XQBZR6,,,,,,,,,Requests-Tier1,,,,,E9YHNFENF4XQBZR6.JRTCKXETXF.6YS6EN2CT7,444249174147,USD,0.0000050000,0.0000050000,OnDemand,Requests,,,,,,,,,,23742807738,,,,,,,,,,,,,,,
bhgduuunwegkqn3hg3b26blynywdsumliyinfccom2btb76uqofa,2026-04-22T07:00:00Z/2026-04-22T08:00:00Z,,"Amazon Web Services, Inc.",AWS,Anniversary,430155298731,2026-04-01T00:00:00Z,2026-05-01T00:00:00Z,430155298731,Usage,2026-04-22T07:00:00Z,2026-04-22T08:00:00Z,AmazonS3,Requests-Tier1,ListStorageLensGroups,,,1.0000000000,,,USD,0.0000050000,0.0000050000,0.0000050000,0.0000050000,"$0.005 per 1,000 PUT, COPY, POST, or LIST requests",,"Amazon Web Services, Inc.",Amazon Simple Storage Service,,,,,,,,,,,,,,,,,,S3-API-Tier1,PUT/COPY/POST or LIST requests,,,,,,,,,,US East (N. Virginia),AWS Region,,,,,,,,,,,,,,,,API Request,,us-east-1,us-east-1,AmazonS3,Amazon Simple Storage Service,E9YHNFENF4XQBZR6,,,,,,,,,Requests-Tier1,,,,,E9YHNFENF4XQBZR6.JRTCKXETXF.6YS6EN2CT7,444249174147,USD,0.0000050000,0.0000050000,OnDemand,Requests,,,,,,,,,,23742807738,,,,,,,,,,,,,,,
bhgduuunwegkqn3hg3b26blynywdsumliyinfccom2btb76uqofa,2026-04-24T23:00:00Z/2026-04-25T00:00:00Z,,"Amazon Web Services, Inc.",AWS,Anniversary,430155298731,2026-04-01T00:00:00Z,2026-05-01T00:00:00Z,430155298731,Usage,2026-04-24T23:00:00Z,2026-04-25T00:00:00Z,AmazonS3,Requests-Tier1,ListStorageLensGroups,,,1.0000000000,,,USD,0.0000050000,0.0000050000,0.0000050000,0.0000050000,"$0.005 per 1,000 PUT, COPY, POST, or LIST requests",,"Amazon Web Services, Inc.",Amazon Simple Storage Service,,,,,,,,,,,,,,,,,,S3-API-Tier1,PUT/COPY/POST or LIST requests,,,,,,,,,,US East (N. Virginia),AWS Region,,,,,,,,,,,,,,,,API Request,,us-east-1,us-east-1,AmazonS3,Amazon Simple Storage Service,E9YHNFENF4XQBZR6,,,,,,,,,Requests-Tier1,,,,,E9YHNFENF4XQBZR6.JRTCKXETXF.6YS6EN2CT7,444249174147,USD,0.0000050000,0.0000050000,OnDemand,Requests,,,,,,,,,,23742807738,,,,,,,,,,,,,,,
eces3f5fkvvhc6i2gbpg7svwdqvuhuhqn5z6irlfefvdlmkkhr3a,2026-04-19T20:00:00Z/2026-04-19T21:00:00Z,,"Amazon Web Services, Inc.",AWS,Anniversary,430155298731,2026-04-01T00:00:00Z,2026-05-01T00:00:00Z,430155298731,Usage,2026-04-19T20:00:00Z,2026-04-19T21:00:00Z,AmazonS3,Requests-Tier1,PutObject,,fincloud-cur-bucket-123,3.0000000000,,,USD,0.0000050000,0.0000150000,0.0000050000,0.0000150000,"$0.005 per 1,000 PUT, COPY, POST, or LIST requests",,"Amazon Web Services, Inc.",Amazon Simple Storage Service,,,,,,,,,,,,,,,,,,S3-API-Tier1,PUT/COPY/POST or LIST requests,,,,,,,,,,US East (N. Virginia),AWS Region,,,,,,,,,,,,,,,,API Request,,us-east-1,us-east-1,AmazonS3,Amazon Simple Storage Service,E9YHNFENF4XQBZR6,,,,,,,,,Requests-Tier1,,,,,E9YHNFENF4XQBZR6.JRTCKXETXF.6YS6EN2CT7,444249174147,USD,0.0000150000,0.0000050000,OnDemand,Requests,,,,,,,,,,23742807738,,,,,,,,,,,,,,,
eces3f5fkvvhc6i2gbpg7svwdqvuhuhqn5z6irlfefvdlmkkhr3a,2026-04-20T01:00:00Z/2026-04-20T02:00:00Z,,"Amazon Web Services, Inc.",AWS,Anniversary,430155298731,2026-04-01T00:00:00Z,2026-05-01T00:00:00Z,430155298731,Usage,2026-04-20T01:00:00Z,2026-04-20T02:00:00Z,AmazonS3,Requests-Tier1,PutObject,,fincloud-cur-bucket-123,3.0000000000,,,USD,0.0000050000,0.0000150000,0.0000050000,0.0000150000,"$0.005 per 1,000 PUT, COPY, POST, or LIST requests",,"Amazon Web Services, Inc.",Amazon Simple Storage Service,,,,,,,,,,,,,,,,,,S3-API-Tier1,PUT/COPY/POST or LIST requests,,,,,,,,,,US East (N. Virginia),AWS Region,,,,,,,,,,,,,,,,API Request,,us-east-1,us-east-1,AmazonS3,Amazon Simple Storage Service,E9YHNFENF4XQBZR6,,,,,,,,,Requests-Tier1,,,,,E9YHNFENF4XQBZR6.JRTCKXETXF.6YS6EN2CT7,444249174147,USD,0.0000150000,0.0000050000,OnDemand,Requests,,,,,,,,,,23742807738,,,,,,,,,,,,,,,
eces3f5fkvvhc6i2gbpg7svwdqvuhuhqn5z6irlfefvdlmkkhr3a,2026-04-20T04:00:00Z/2026-04-20T05:00:00Z,,"Amazon Web Services, Inc.",AWS,Anniversary,430155298731,2026-04-01T00:00:00Z,2026-05-01T00:00:00Z,430155298731,Usage,2026-04-20T04:00:00Z,2026-04-20T05:00:00Z,AmazonS3,Requests-Tier1,PutObject,,fincloud-cur-bucket-123,3.0000000000,,,USD,0.0000050000,0.0000150000,0.0000050000,0.0000150000,"$0.005 per 1,000 PUT, COPY, POST, or LIST requests",,"Amazon Web Services, Inc.",Amazon Simple Storage Service,,,,,,,,,,,,,,,,,,S3-API-Tier1,PUT/COPY/POST or LIST requests,,,,,,,,,,US East (N. Virginia),AWS Region,,,,,,,,,,,,,,,,API Request,,us-east-1,us-east-1,AmazonS3,Amazon Simple Storage Service,E9YHNFENF4XQBZR6,,,,,,,,,Requests-Tier1,,,,,E9YHNFENF4XQBZR6.JRTCKXETXF.6YS6EN2CT7,444249174147,USD,0.0000150000,0.0000050000,OnDemand,Requests,,,,,,,,,,23742807738,,,,,,,,,,,,,,,
eces3f5fkvvhc6i2gbpg7svwdqvuhuhqn5z6irlfefvdlmkkhr3a,2026-04-20T11:00:00Z/2026-04-20T12:00:00Z,,"Amazon Web Services, Inc.",AWS,Anniversary,430155298731,2026-04-01T00:00:00Z,2026-05-01T00:00:00Z,430155298731,Usage,2026-04-20T11:00:00Z,2026-04-20T12:00:00Z,AmazonS3,Requests-Tier1,PutObject,,fincloud-cur-bucket-123,3.0000000000,,,USD,0.0000050000,0.0000150000,0.0000050000,0.0000150000,"$0.005 per 1,000 PUT, COPY, POST, or LIST requests",,"Amazon Web Services, Inc.",Amazon Simple Storage Service,,,,,,,,,,,,,,,,,,S3-API-Tier1,PUT/COPY/POST or LIST requests,,,,,,,,,,US East (N. Virginia),AWS Region,,,,,,,,,,,,,,,,API Request,,us-east-1,us-east-1,AmazonS3,Amazon Simple Storage Service,E9YHNFENF4XQBZR6,,,,,,,,,Requests-Tier1,,,,,E9YHNFENF4XQBZR6.JRTCKXETXF.6YS6EN2CT7,444249174147,USD,0.0000150000,0.0000050000,OnDemand,Requests,,,,,,,,,,23742807738,,,,,,,,,,,,,,,
smafm3ox7b2dc6pvvfigzvn53ud2hmzaiut7w5pjiqbkb3rq7mgq,2026-04-20T20:00:00Z/2026-04-20T21:00:00Z,,"Amazon Web Services, Inc.",AWS,Anniversary,430155298731,2026-04-01T00:00:00Z,2026-05-01T00:00:00Z,430155298731,Usage,2026-04-20T20:00:00Z,2026-04-20T21:00:00Z,AmazonS3,Requests-Tier1,PutObject,,fincloud-data-123,284.0000000000,,,USD,0.0000050000,0.0014200000,0.0000050000,0.0014200000,"$0.005 per 1,000 PUT, COPY, POST, or LIST requests",,"Amazon Web Services, Inc.",Amazon Simple Storage Service,,,,,,,,,,,,,,,,,,S3-API-Tier1,PUT/COPY/POST or LIST requests,,,,,,,,,,US East (N. Virginia),AWS Region,,,,,,,,,,,,,,,,API Request,,us-east-1,us-east-1,AmazonS3,Amazon Simple Storage Service,E9YHNFENF4XQBZR6,,,,,,,,,Requests-Tier1,,,,,E9YHNFENF4XQBZR6.JRTCKXETXF.6YS6EN2CT7,444249174147,USD,0.0014200000,0.0000050000,OnDemand,Requests,,,,,,,,,,23742807738,,,,,,,,,,,,,,,
eces3f5fkvvhc6i2gbpg7svwdqvuhuhqn5z6irlfefvdlmkkhr3a,2026-04-20T23:00:00Z/2026-04-21T00:00:00Z,,"Amazon Web Services, Inc.",AWS,Anniversary,430155298731,2026-04-01T00:00:00Z,2026-05-01T00:00:00Z,430155298731,Usage,2026-04-20T23:00:00Z,2026-04-21T00:00:00Z,AmazonS3,Requests-Tier1,PutObject,,fincloud-cur-bucket-123,1.0000000000,,,USD,0.0000050000,0.0000050000,0.0000050000,0.0000050000,"$0.005 per 1,000 PUT, COPY, POST, or LIST requests",,"Amazon Web Services, Inc.",Amazon Simple Storage Service,,,,,,,,,,,,,,,,,,S3-API-Tier1,PUT/COPY/POST or LIST requests,,,,,,,,,,US East (N. Virginia),AWS Region,,,,,,,,,,,,,,,,API Request,,us-east-1,us-east-1,AmazonS3,Amazon Simple Storage Service,E9YHNFENF4XQBZR6,,,,,,,,,Requests-Tier1,,,,,E9YHNFENF4XQBZR6.JRTCKXETXF.6YS6EN2CT7,444249174147,USD,0.0000050000,0.0000050000,OnDemand,Requests,,,,,,,,,,23742807738,,,,,,,,,,,,,,,
eces3f5fkvvhc6i2gbpg7svwdqvuhuhqn5z6irlfefvdlmkkhr3a,2026-04-21T00:00:00Z/2026-04-21T01:00:00Z,,"Amazon Web Services, Inc.",AWS,Anniversary,430155298731,2026-04-01T00:00:00Z,2026-05-01T00:00:00Z,430155298731,Usage,2026-04-21T00:00:00Z,2026-04-21T01:00:00Z,AmazonS3,Requests-Tier1,PutObject,,fincloud-cur-bucket-123,2.0000000000,,,USD,0.0000050000,0.0000100000,0.0000050000,0.0000100000,"$0.005 per 1,000 PUT, COPY, POST, or LIST requests",,"Amazon Web Services, Inc.",Amazon Simple Storage Service,,,,,,,,,,,,,,,,,,S3-API-Tier1,PUT/COPY/POST or LIST requests,,,,,,,,,,US East (N. Virginia),AWS Region,,,,,,,,,,,,,,,,API Request,,us-east-1,us-east-1,AmazonS3,Amazon Simple Storage Service,E9YHNFENF4XQBZR6,,,,,,,,,Requests-Tier1,,,,,E9YHNFENF4XQBZR6.JRTCKXETXF.6YS6EN2CT7,444249174147,USD,0.0000100000,0.0000050000,OnDemand,Requests,,,,,,,,,,23742807738,,,,,,,,,,,,,,,
eces3f5fkvvhc6i2gbpg7svwdqvuhuhqn5z6irlfefvdlmkkhr3a,2026-04-21T06:00:00Z/2026-04-21T07:00:00Z,,"Amazon Web Services, Inc.",AWS,Anniversary,430155298731,2026-04-01T00:00:00Z,2026-05-01T00:00:00Z,430155298731,Usage,2026-04-21T06:00:00Z,2026-04-21T07:00:00Z,AmazonS3,Requests-Tier1,PutObject,,fincloud-cur-bucket-123,1.0000000000,,,USD,0.0000050000,0.0000050000,0.0000050000,0.0000050000,"$0.005 per 1,000 PUT, COPY, POST, or LIST requests",,"Amazon Web Services, Inc.",Amazon Simple Storage Service,,,,,,,,,,,,,,,,,,S3-API-Tier1,PUT/COPY/POST or LIST requests,,,,,,,,,,US East (N. Virginia),AWS Region,,,,,,,,,,,,,,,,API Request,,us-east-1,us-east-1,AmazonS3,Amazon Simple Storage Service,E9YHNFENF4XQBZR6,,,,,,,,,Requests-Tier1,,,,,E9YHNFENF4XQBZR6.JRTCKXETXF.6YS6EN2CT7,444249174147,USD,0.0000050000,0.0000050000,OnDemand,Requests,,,,,,,,,,23742807738,,,,,,,,,,,,,,,
eces3f5fkvvhc6i2gbpg7svwdqvuhuhqn5z6irlfefvdlmkkhr3a,2026-04-21T07:00:00Z/2026-04-21T08:00:00Z,,"Amazon Web Services, Inc.",AWS,Anniversary,430155298731,2026-04-01T00:00:00Z,2026-05-01T00:00:00Z,430155298731,Usage,2026-04-21T07:00:00Z,2026-04-21T08:00:00Z,AmazonS3,Requests-Tier1,PutObject,,fincloud-cur-bucket-123,2.0000000000,,,USD,0.0000050000,0.0000100000,0.0000050000,0.0000100000,"$0.005 per 1,000 PUT, COPY, POST, or LIST requests",,"Amazon Web Services, Inc.",Amazon Simple Storage Service,,,,,,,,,,,,,,,,,,S3-API-Tier1,PUT/COPY/POST or LIST requests,,,,,,,,,,US East (N. Virginia),AWS Region,,,,,,,,,,,,,,,,API Request,,us-east-1,us-east-1,AmazonS3,Amazon Simple Storage Service,E9YHNFENF4XQBZR6,,,,,,,,,Requests-Tier1,,,,,E9YHNFENF4XQBZR6.JRTCKXETXF.6YS6EN2CT7,444249174147,USD,0.0000100000,0.0000050000,OnDemand,Requests,,,,,,,,,,23742807738,,,,,,,,,,,,,,,
eces3f5fkvvhc6i2gbpg7svwdqvuhuhqn5z6irlfefvdlmkkhr3a,2026-04-21T15:00:00Z/2026-04-21T16:00:00Z,,"Amazon Web Services, Inc.",AWS,Anniversary,430155298731,2026-04-01T00:00:00Z,2026-05-01T00:00:00Z,430155298731,Usage,2026-04-21T15:00:00Z,2026-04-21T16:00:00Z,AmazonS3,Requests-Tier1,PutObject,,fincloud-cur-bucket-123,3.0000000000,,,USD,0.0000050000,0.0000150000,0.0000050000,0.0000150000,"$0.005 per 1,000 PUT, COPY, POST, or LIST requests",,"Amazon Web Services, Inc.",Amazon Simple Storage Service,,,,,,,,,,,,,,,,,,S3-API-Tier1,PUT/COPY/POST or LIST requests,,,,,,,,,,US East (N. Virginia),AWS Region,,,,,,,,,,,,,,,,API Request,,us-east-1,us-east-1,AmazonS3,Amazon Simple Storage Service,E9YHNFENF4XQBZR6,,,,,,,,,Requests-Tier1,,,,,E9YHNFENF4XQBZR6.JRTCKXETXF.6YS6EN2CT7,444249174147,USD,0.0000150000,0.0000050000,OnDemand,Requests,,,,,,,,,,23742807738,,,,,,,,,,,,,,,
eces3f5fkvvhc6i2gbpg7svwdqvuhuhqn5z6irlfefvdlmkkhr3a,2026-04-22T01:00:00Z/2026-04-22T02:00:00Z,,"Amazon Web Services, Inc.",AWS,Anniversary,430155298731,2026-04-01T00:00:00Z,2026-05-01T00:00:00Z,430155298731,Usage,2026-04-22T01:00:00Z,2026-04-22T02:00:00Z,AmazonS3,Requests-Tier1,PutObject,,fincloud-cur-bucket-123,1.0000000000,,,USD,0.0000050000,0.0000050000,0.0000050000,0.0000050000,"$0.005 per 1,000 PUT, COPY, POST, or LIST requests",,"Amazon Web Services, Inc.",Amazon Simple Storage Service,,,,,,,,,,,,,,,,,,S3-API-Tier1,PUT/COPY/POST or LIST requests,,,,,,,,,,US East (N. Virginia),AWS Region,,,,,,,,,,,,,,,,API Request,,us-east-1,us-east-1,AmazonS3,Amazon Simple Storage Service,E9YHNFENF4XQBZR6,,,,,,,,,Requests-Tier1,,,,,E9YHNFENF4XQBZR6.JRTCKXETXF.6YS6EN2CT7,444249174147,USD,0.0000050000,0.0000050000,OnDemand,Requests,,,,,,,,,,23742807738,,,,,,,,,,,,,,,
eces3f5fkvvhc6i2gbpg7svwdqvuhuhqn5z6irlfefvdlmkkhr3a,2026-04-22T02:00:00Z/2026-04-22T03:00:00Z,,"Amazon Web Services, Inc.",AWS,Anniversary,430155298731,2026-04-01T00:00:00Z,2026-05-01T00:00:00Z,430155298731,Usage,2026-04-22T02:00:00Z,2026-04-22T03:00:00Z,AmazonS3,Requests-Tier1,PutObject,,fincloud-cur-bucket-123,2.0000000000,,,USD,0.0000050000,0.0000100000,0.0000050000,0.0000100000,"$0.005 per 1,000 PUT, COPY, POST, or LIST requests",,"Amazon Web Services, Inc.",Amazon Simple Storage Service,,,,,,,,,,,,,,,,,,S3-API-Tier1,PUT/COPY/POST or LIST requests,,,,,,,,,,US East (N. Virginia),AWS Region,,,,,,,,,,,,,,,,API Request,,us-east-1,us-east-1,AmazonS3,Amazon Simple Storage Service,E9YHNFENF4XQBZR6,,,,,,,,,Requests-Tier1,,,,,E9YHNFENF4XQBZR6.JRTCKXETXF.6YS6EN2CT7,444249174147,USD,0.0000100000,0.0000050000,OnDemand,Requests,,,,,,,,,,23742807738,,,,,,,,,,,,,,,
eces3f5fkvvhc6i2gbpg7svwdqvuhuhqn5z6irlfefvdlmkkhr3a,2026-04-22T07:00:00Z/2026-04-22T08:00:00Z,,"Amazon Web Services, Inc.",AWS,Anniversary,430155298731,2026-04-01T00:00:00Z,2026-05-01T00:00:00Z,430155298731,Usage,2026-04-22T07:00:00Z,2026-04-22T08:00:00Z,AmazonS3,Requests-Tier1,PutObject,,fincloud-cur-bucket-123,1.0000000000,,,USD,0.0000050000,0.0000050000,0.0000050000,0.0000050000,"$0.005 per 1,000 PUT, COPY, POST, or LIST requests",,"Amazon Web Services, Inc.",Amazon Simple Storage Service,,,,,,,,,,,,,,,,,,S3-API-Tier1,PUT/COPY/POST or LIST requests,,,,,,,,,,US East (N. Virginia),AWS Region,,,,,,,,,,,,,,,,API Request,,us-east-1,us-east-1,AmazonS3,Amazon Simple Storage Service,E9YHNFENF4XQBZR6,,,,,,,,,Requests-Tier1,,,,,E9YHNFENF4XQBZR6.JRTCKXETXF.6YS6EN2CT7,444249174147,USD,0.0000050000,0.0000050000,OnDemand,Requests,,,,,,,,,,23742807738,,,,,,,,,,,,,,,
eces3f5fkvvhc6i2gbpg7svwdqvuhuhqn5z6irlfefvdlmkkhr3a,2026-04-22T08:00:00Z/2026-04-22T09:00:00Z,,"Amazon Web Services, Inc.",AWS,Anniversary,430155298731,2026-04-01T00:00:00Z,2026-05-01T00:00:00Z,430155298731,Usage,2026-04-22T08:00:00Z,2026-04-22T09:00:00Z,AmazonS3,Requests-Tier1,PutObject,,fincloud-cur-bucket-123,2.0000000000,,,USD,0.0000050000,0.0000100000,0.0000050000,0.0000100000,"$0.005 per 1,000 PUT, COPY, POST, or LIST requests",,"Amazon Web Services, Inc.",Amazon Simple Storage Service,,,,,,,,,,,,,,,,,,S3-API-Tier1,PUT/COPY/POST or LIST requests,,,,,,,,,,US East (N. Virginia),AWS Region,,,,,,,,,,,,,,,,API Request,,us-east-1,us-east-1,AmazonS3,Amazon Simple Storage Service,E9YHNFENF4XQBZR6,,,,,,,,,Requests-Tier1,,,,,E9YHNFENF4XQBZR6.JRTCKXETXF.6YS6EN2CT7,444249174147,USD,0.0000100000,0.0000050000,OnDemand,Requests,,,,,,,,,,23742807738,,,,,,,,,,,,,,,
eces3f5fkvvhc6i2gbpg7svwdqvuhuhqn5z6irlfefvdlmkkhr3a,2026-04-22T15:00:00Z/2026-04-22T16:00:00Z,,"Amazon Web Services, Inc.",AWS,Anniversary,430155298731,2026-04-01T00:00:00Z,2026-05-01T00:00:00Z,430155298731,Usage,2026-04-22T15:00:00Z,2026-04-22T16:00:00Z,AmazonS3,Requests-Tier1,PutObject,,fincloud-cur-bucket-123,1.0000000000,,,USD,0.0000050000,0.0000050000,0.0000050000,0.0000050000,"$0.005 per 1,000 PUT, COPY, POST, or LIST requests",,"Amazon Web Services, Inc.",Amazon Simple Storage Service,,,,,,,,,,,,,,,,,,S3-API-Tier1,PUT/COPY/POST or LIST requests,,,,,,,,,,US East (N. Virginia),AWS Region,,,,,,,,,,,,,,,,API Request,,us-east-1,us-east-1,AmazonS3,Amazon Simple Storage Service,E9YHNFENF4XQBZR6,,,,,,,,,Requests-Tier1,,,,,E9YHNFENF4XQBZR6.JRTCKXETXF.6YS6EN2CT7,444249174147,USD,0.0000050000,0.0000050000,OnDemand,Requests,,,,,,,,,,23742807738,,,,,,,,,,,,,,,
eces3f5fkvvhc6i2gbpg7svwdqvuhuhqn5z6irlfefvdlmkkhr3a,2026-04-22T17:00:00Z/2026-04-22T18:00:00Z,,"Amazon Web Services, Inc.",AWS,Anniversary,430155298731,2026-04-01T00:00:00Z,2026-05-01T00:00:00Z,430155298731,Usage,2026-04-22T17:00:00Z,2026-04-22T18:00:00Z,AmazonS3,Requests-Tier1,PutObject,,fincloud-cur-bucket-123,2.0000000000,,,USD,0.0000050000,0.0000100000,0.0000050000,0.0000100000,"$0.005 per 1,000 PUT, COPY, POST, or LIST requests",,"Amazon Web Services, Inc.",Amazon Simple Storage Service,,,,,,,,,,,,,,,,,,S3-API-Tier1,PUT/COPY/POST or LIST requests,,,,,,,,,,US East (N. Virginia),AWS Region,,,,,,,,,,,,,,,,API Request,,us-east-1,us-east-1,AmazonS3,Amazon Simple Storage Service,E9YHNFENF4XQBZR6,,,,,,,,,Requests-Tier1,,,,,E9YHNFENF4XQBZR6.JRTCKXETXF.6YS6EN2CT7,444249174147,USD,0.0000100000,0.0000050000,OnDemand,Requests,,,,,,,,,,23742807738,,,,,,,,,,,,,,,
eces3f5fkvvhc6i2gbpg7svwdqvuhuhqn5z6irlfefvdlmkkhr3a,2026-04-23T00:00:00Z/2026-04-23T01:00:00Z,,"Amazon Web Services, Inc.",AWS,Anniversary,430155298731,2026-04-01T00:00:00Z,2026-05-01T00:00:00Z,430155298731,Usage,2026-04-23T00:00:00Z,2026-04-23T01:00:00Z,AmazonS3,Requests-Tier1,PutObject,,fincloud-cur-bucket-123,1.0000000000,,,USD,0.0000050000,0.0000050000,0.0000050000,0.0000050000,"$0.005 per 1,000 PUT, COPY, POST, or LIST requests",,"Amazon Web Services, Inc.",Amazon Simple Storage Service,,,,,,,,,,,,,,,,,,S3-API-Tier1,PUT/COPY/POST or LIST requests,,,,,,,,,,US East (N. Virginia),AWS Region,,,,,,,,,,,,,,,,API Request,,us-east-1,us-east-1,AmazonS3,Amazon Simple Storage Service,E9YHNFENF4XQBZR6,,,,,,,,,Requests-Tier1,,,,,E9YHNFENF4XQBZR6.JRTCKXETXF.6YS6EN2CT7,444249174147,USD,0.0000050000,0.0000050000,OnDemand,Requests,,,,,,,,,,23742807738,,,,,,,,,,,,,,,
eces3f5fkvvhc6i2gbpg7svwdqvuhuhqn5z6irlfefvdlmkkhr3a,2026-04-23T01:00:00Z/2026-04-23T02:00:00Z,,"Amazon Web Services, Inc.",AWS,Anniversary,430155298731,2026-04-01T00:00:00Z,2026-05-01T00:00:00Z,430155298731,Usage,2026-04-23T01:00:00Z,2026-04-23T02:00:00Z,AmazonS3,Requests-Tier1,PutObject,,fincloud-cur-bucket-123,2.0000000000,,,USD,0.0000050000,0.0000100000,0.0000050000,0.0000100000,"$0.005 per 1,000 PUT, COPY, POST, or LIST requests",,"Amazon Web Services, Inc.",Amazon Simple Storage Service,,,,,,,,,,,,,,,,,,S3-API-Tier1,PUT/COPY/POST or LIST requests,,,,,,,,,,US East (N. Virginia),AWS Region,,,,,,,,,,,,,,,,API Request,,us-east-1,us-east-1,AmazonS3,Amazon Simple Storage Service,E9YHNFENF4XQBZR6,,,,,,,,,Requests-Tier1,,,,,E9YHNFENF4XQBZR6.JRTCKXETXF.6YS6EN2CT7,444249174147,USD,0.0000100000,0.0000050000,OnDemand,Requests,,,,,,,,,,23742807738,,,,,,,,,,,,,,,
eces3f5fkvvhc6i2gbpg7svwdqvuhuhqn5z6irlfefvdlmkkhr3a,2026-04-23T06:00:00Z/2026-04-23T07:00:00Z,,"Amazon Web Services, Inc.",AWS,Anniversary,430155298731,2026-04-01T00:00:00Z,2026-05-01T00:00:00Z,430155298731,Usage,2026-04-23T06:00:00Z,2026-04-23T07:00:00Z,AmazonS3,Requests-Tier1,PutObject,,fincloud-cur-bucket-123,1.0000000000,,,USD,0.0000050000,0.0000050000,0.0000050000,0.0000050000,"$0.005 per 1,000 PUT, COPY, POST, or LIST requests",,"Amazon Web Services, Inc.",Amazon Simple Storage Service,,,,,,,,,,,,,,,,,,S3-API-Tier1,PUT/COPY/POST or LIST requests,,,,,,,,,,US East (N. Virginia),AWS Region,,,,,,,,,,,,,,,,API Request,,us-east-1,us-east-1,AmazonS3,Amazon Simple Storage Service,E9YHNFENF4XQBZR6,,,,,,,,,Requests-Tier1,,,,,E9YHNFENF4XQBZR6.JRTCKXETXF.6YS6EN2CT7,444249174147,USD,0.0000050000,0.0000050000,OnDemand,Requests,,,,,,,,,,23742807738,,,,,,,,,,,,,,,
eces3f5fkvvhc6i2gbpg7svwdqvuhuhqn5z6irlfefvdlmkkhr3a,2026-04-23T07:00:00Z/2026-04-23T08:00:00Z,,"Amazon Web Services, Inc.",AWS,Anniversary,430155298731,2026-04-01T00:00:00Z,2026-05-01T00:00:00Z,430155298731,Usage,2026-04-23T07:00:00Z,2026-04-23T08:00:00Z,AmazonS3,Requests-Tier1,PutObject,,fincloud-cur-bucket-123,2.0000000000,,,USD,0.0000050000,0.0000100000,0.0000050000,0.0000100000,"$0.005 per 1,000 PUT, COPY, POST, or LIST requests",,"Amazon Web Services, Inc.",Amazon Simple Storage Service,,,,,,,,,,,,,,,,,,S3-API-Tier1,PUT/COPY/POST or LIST requests,,,,,,,,,,US East (N. Virginia),AWS Region,,,,,,,,,,,,,,,,API Request,,us-east-1,us-east-1,AmazonS3,Amazon Simple Storage Service,E9YHNFENF4XQBZR6,,,,,,,,,Requests-Tier1,,,,,E9YHNFENF4XQBZR6.JRTCKXETXF.6YS6EN2CT7,444249174147,USD,0.0000100000,0.0000050000,OnDemand,Requests,,,,,,,,,,23742807738,,,,,,,,,,,,,,,
eces3f5fkvvhc6i2gbpg7svwdqvuhuhqn5z6irlfefvdlmkkhr3a,2026-04-23T14:00:00Z/2026-04-23T15:00:00Z,,"Amazon Web Services, Inc.",AWS,Anniversary,430155298731,2026-04-01T00:00:00Z,2026-05-01T00:00:00Z,430155298731,Usage,2026-04-23T14:00:00Z,2026-04-23T15:00:00Z,AmazonS3,Requests-Tier1,PutObject,,fincloud-cur-bucket-123,1.0000000000,,,USD,0.0000050000,0.0000050000,0.0000050000,0.0000050000,"$0.005 per 1,000 PUT, COPY, POST, or LIST requests",,"Amazon Web Services, Inc.",Amazon Simple Storage Service,,,,,,,,,,,,,,,,,,S3-API-Tier1,PUT/COPY/POST or LIST requests,,,,,,,,,,US East (N. Virginia),AWS Region,,,,,,,,,,,,,,,,API Request,,us-east-1,us-east-1,AmazonS3,Amazon Simple Storage Service,E9YHNFENF4XQBZR6,,,,,,,,,Requests-Tier1,,,,,E9YHNFENF4XQBZR6.JRTCKXETXF.6YS6EN2CT7,444249174147,USD,0.0000050000,0.0000050000,OnDemand,Requests,,,,,,,,,,23742807738,,,,,,,,,,,,,,,
eces3f5fkvvhc6i2gbpg7svwdqvuhuhqn5z6irlfefvdlmkkhr3a,2026-04-23T15:00:00Z/2026-04-23T16:00:00Z,,"Amazon Web Services, Inc.",AWS,Anniversary,430155298731,2026-04-01T00:00:00Z,2026-05-01T00:00:00Z,430155298731,Usage,2026-04-23T15:00:00Z,2026-04-23T16:00:00Z,AmazonS3,Requests-Tier1,PutObject,,fincloud-cur-bucket-123,2.0000000000,,,USD,0.0000050000,0.0000100000,0.0000050000,0.0000100000,"$0.005 per 1,000 PUT, COPY, POST, or LIST requests",,"Amazon Web Services, Inc.",Amazon Simple Storage Service,,,,,,,,,,,,,,,,,,S3-API-Tier1,PUT/COPY/POST or LIST requests,,,,,,,,,,US East (N. Virginia),AWS Region,,,,,,,,,,,,,,,,API Request,,us-east-1,us-east-1,AmazonS3,Amazon Simple Storage Service,E9YHNFENF4XQBZR6,,,,,,,,,Requests-Tier1,,,,,E9YHNFENF4XQBZR6.JRTCKXETXF.6YS6EN2CT7,444249174147,USD,0.0000100000,0.0000050000,OnDemand,Requests,,,,,,,,,,23742807738,,,,,,,,,,,,,,,
eces3f5fkvvhc6i2gbpg7svwdqvuhuhqn5z6irlfefvdlmkkhr3a,2026-04-23T21:00:00Z/2026-04-23T22:00:00Z,,"Amazon Web Services, Inc.",AWS,Anniversary,430155298731,2026-04-01T00:00:00Z,2026-05-01T00:00:00Z,430155298731,Usage,2026-04-23T21:00:00Z,2026-04-23T22:00:00Z,AmazonS3,Requests-Tier1,PutObject,,fincloud-cur-bucket-123,3.0000000000,,,USD,0.0000050000,0.0000150000,0.0000050000,0.0000150000,"$0.005 per 1,000 PUT, COPY, POST, or LIST requests",,"Amazon Web Services, Inc.",Amazon Simple Storage Service,,,,,,,,,,,,,,,,,,S3-API-Tier1,PUT/COPY/POST or LIST requests,,,,,,,,,,US East (N. Virginia),AWS Region,,,,,,,,,,,,,,,,API Request,,us-east-1,us-east-1,AmazonS3,Amazon Simple Storage Service,E9YHNFENF4XQBZR6,,,,,,,,,Requests-Tier1,,,,,E9YHNFENF4XQBZR6.JRTCKXETXF.6YS6EN2CT7,444249174147,USD,0.0000150000,0.0000050000,OnDemand,Requests,,,,,,,,,,23742807738,,,,,,,,,,,,,,,
eces3f5fkvvhc6i2gbpg7svwdqvuhuhqn5z6irlfefvdlmkkhr3a,2026-04-24T05:00:00Z/2026-04-24T06:00:00Z,,"Amazon Web Services, Inc.",AWS,Anniversary,430155298731,2026-04-01T00:00:00Z,2026-05-01T00:00:00Z,430155298731,Usage,2026-04-24T05:00:00Z,2026-04-24T06:00:00Z,AmazonS3,Requests-Tier1,PutObject,,fincloud-cur-bucket-123,3.0000000000,,,USD,0.0000050000,0.0000150000,0.0000050000,0.0000150000,"$0.005 per 1,000 PUT, COPY, POST, or LIST requests",,"Amazon Web Services, Inc.",Amazon Simple Storage Service,,,,,,,,,,,,,,,,,,S3-API-Tier1,PUT/COPY/POST or LIST requests,,,,,,,,,,US East (N. Virginia),AWS Region,,,,,,,,,,,,,,,,API Request,,us-east-1,us-east-1,AmazonS3,Amazon Simple Storage Service,E9YHNFENF4XQBZR6,,,,,,,,,Requests-Tier1,,,,,E9YHNFENF4XQBZR6.JRTCKXETXF.6YS6EN2CT7,444249174147,USD,0.0000150000,0.0000050000,OnDemand,Requests,,,,,,,,,,23742807738,,,,,,,,,,,,,,,
eces3f5fkvvhc6i2gbpg7svwdqvuhuhqn5z6irlfefvdlmkkhr3a,2026-04-24T14:00:00Z/2026-04-24T15:00:00Z,,"Amazon Web Services, Inc.",AWS,Anniversary,430155298731,2026-04-01T00:00:00Z,2026-05-01T00:00:00Z,430155298731,Usage,2026-04-24T14:00:00Z,2026-04-24T15:00:00Z,AmazonS3,Requests-Tier1,PutObject,,fincloud-cur-bucket-123,1.0000000000,,,USD,0.0000050000,0.0000050000,0.0000050000,0.0000050000,"$0.005 per 1,000 PUT, COPY, POST, or LIST requests",,"Amazon Web Services, Inc.",Amazon Simple Storage Service,,,,,,,,,,,,,,,,,,S3-API-Tier1,PUT/COPY/POST or LIST requests,,,,,,,,,,US East (N. Virginia),AWS Region,,,,,,,,,,,,,,,,API Request,,us-east-1,us-east-1,AmazonS3,Amazon Simple Storage Service,E9YHNFENF4XQBZR6,,,,,,,,,Requests-Tier1,,,,,E9YHNFENF4XQBZR6.JRTCKXETXF.6YS6EN2CT7,444249174147,USD,0.0000050000,0.0000050000,OnDemand,Requests,,,,,,,,,,23742807738,,,,,,,,,,,,,,,
eces3f5fkvvhc6i2gbpg7svwdqvuhuhqn5z6irlfefvdlmkkhr3a,2026-04-24T15:00:00Z/2026-04-24T16:00:00Z,,"Amazon Web Services, Inc.",AWS,Anniversary,430155298731,2026-04-01T00:00:00Z,2026-05-01T00:00:00Z,430155298731,Usage,2026-04-24T15:00:00Z,2026-04-24T16:00:00Z,AmazonS3,Requests-Tier1,PutObject,,fincloud-cur-bucket-123,2.0000000000,,,USD,0.0000050000,0.0000100000,0.0000050000,0.0000100000,"$0.005 per 1,000 PUT, COPY, POST, or LIST requests",,"Amazon Web Services, Inc.",Amazon Simple Storage Service,,,,,,,,,,,,,,,,,,S3-API-Tier1,PUT/COPY/POST or LIST requests,,,,,,,,,,US East (N. Virginia),AWS Region,,,,,,,,,,,,,,,,API Request,,us-east-1,us-east-1,AmazonS3,Amazon Simple Storage Service,E9YHNFENF4XQBZR6,,,,,,,,,Requests-Tier1,,,,,E9YHNFENF4XQBZR6.JRTCKXETXF.6YS6EN2CT7,444249174147,USD,0.0000100000,0.0000050000,OnDemand,Requests,,,,,,,,,,23742807738,,,,,,,,,,,,,,,
eces3f5fkvvhc6i2gbpg7svwdqvuhuhqn5z6irlfefvdlmkkhr3a,2026-04-24T21:00:00Z/2026-04-24T22:00:00Z,,"Amazon Web Services, Inc.",AWS,Anniversary,430155298731,2026-04-01T00:00:00Z,2026-05-01T00:00:00Z,430155298731,Usage,2026-04-24T21:00:00Z,2026-04-24T22:00:00Z,AmazonS3,Requests-Tier1,PutObject,,fincloud-cur-bucket-123,1.0000000000,,,USD,0.0000050000,0.0000050000,0.0000050000,0.0000050000,"$0.005 per 1,000 PUT, COPY, POST, or LIST requests",,"Amazon Web Services, Inc.",Amazon Simple Storage Service,,,,,,,,,,,,,,,,,,S3-API-Tier1,PUT/COPY/POST or LIST requests,,,,,,,,,,US East (N. Virginia),AWS Region,,,,,,,,,,,,,,,,API Request,,us-east-1,us-east-1,AmazonS3,Amazon Simple Storage Service,E9YHNFENF4XQBZR6,,,,,,,,,Requests-Tier1,,,,,E9YHNFENF4XQBZR6.JRTCKXETXF.6YS6EN2CT7,444249174147,USD,0.0000050000,0.0000050000,OnDemand,Requests,,,,,,,,,,23742807738,,,,,,,,,,,,,,,
eces3f5fkvvhc6i2gbpg7svwdqvuhuhqn5z6irlfefvdlmkkhr3a,2026-04-24T22:00:00Z/2026-04-24T23:00:00Z,,"Amazon Web Services, Inc.",AWS,Anniversary,430155298731,2026-04-01T00:00:00Z,2026-05-01T00:00:00Z,430155298731,Usage,2026-04-24T22:00:00Z,2026-04-24T23:00:00Z,AmazonS3,Requests-Tier1,PutObject,,fincloud-cur-bucket-123,2.0000000000,,,USD,0.0000050000,0.0000100000,0.0000050000,0.0000100000,"$0.005 per 1,000 PUT, COPY, POST, or LIST requests",,"Amazon Web Services, Inc.",Amazon Simple Storage Service,,,,,,,,,,,,,,,,,,S3-API-Tier1,PUT/COPY/POST or LIST requests,,,,,,,,,,US East (N. Virginia),AWS Region,,,,,,,,,,,,,,,,API Request,,us-east-1,us-east-1,AmazonS3,Amazon Simple Storage Service,E9YHNFENF4XQBZR6,,,,,,,,,Requests-Tier1,,,,,E9YHNFENF4XQBZR6.JRTCKXETXF.6YS6EN2CT7,444249174147,USD,0.0000100000,0.0000050000,OnDemand,Requests,,,,,,,,,,23742807738,,,,,,,,,,,,,,,
eces3f5fkvvhc6i2gbpg7svwdqvuhuhqn5z6irlfefvdlmkkhr3a,2026-04-25T07:00:00Z/2026-04-25T08:00:00Z,,"Amazon Web Services, Inc.",AWS,Anniversary,430155298731,2026-04-01T00:00:00Z,2026-05-01T00:00:00Z,430155298731,Usage,2026-04-25T07:00:00Z,2026-04-25T08:00:00Z,AmazonS3,Requests-Tier1,PutObject,,fincloud-cur-bucket-123,1.0000000000,,,USD,0.0000050000,0.0000050000,0.0000050000,0.0000050000,"$0.005 per 1,000 PUT, COPY, POST, or LIST requests",,"Amazon Web Services, Inc.",Amazon Simple Storage Service,,,,,,,,,,,,,,,,,,S3-API-Tier1,PUT/COPY/POST or LIST requests,,,,,,,,,,US East (N. Virginia),AWS Region,,,,,,,,,,,,,,,,API Request,,us-east-1,us-east-1,AmazonS3,Amazon Simple Storage Service,E9YHNFENF4XQBZR6,,,,,,,,,Requests-Tier1,,,,,E9YHNFENF4XQBZR6.JRTCKXETXF.6YS6EN2CT7,444249174147,USD,0.0000050000,0.0000050000,OnDemand,Requests,,,,,,,,,,23742807738,,,,,,,,,,,,,,,
eces3f5fkvvhc6i2gbpg7svwdqvuhuhqn5z6irlfefvdlmkkhr3a,2026-04-25T08:00:00Z/2026-04-25T09:00:00Z,,"Amazon Web Services, Inc.",AWS,Anniversary,430155298731,2026-04-01T00:00:00Z,2026-05-01T00:00:00Z,430155298731,Usage,2026-04-25T08:00:00Z,2026-04-25T09:00:00Z,AmazonS3,Requests-Tier1,PutObject,,fincloud-cur-bucket-123,2.0000000000,,,USD,0.0000050000,0.0000100000,0.0000050000,0.0000100000,"$0.005 per 1,000 PUT, COPY, POST, or LIST requests",,"Amazon Web Services, Inc.",Amazon Simple Storage Service,,,,,,,,,,,,,,,,,,S3-API-Tier1,PUT/COPY/POST or LIST requests,,,,,,,,,,US East (N. Virginia),AWS Region,,,,,,,,,,,,,,,,API Request,,us-east-1,us-east-1,AmazonS3,Amazon Simple Storage Service,E9YHNFENF4XQBZR6,,,,,,,,,Requests-Tier1,,,,,E9YHNFENF4XQBZR6.JRTCKXETXF.6YS6EN2CT7,444249174147,USD,0.0000100000,0.0000050000,OnDemand,Requests,,,,,,,,,,23742807738,,,,,,,,,,,,,,,
eces3f5fkvvhc6i2gbpg7svwdqvuhuhqn5z6irlfefvdlmkkhr3a,2026-04-25T14:00:00Z/2026-04-25T15:00:00Z,,"Amazon Web Services, Inc.",AWS,Anniversary,430155298731,2026-04-01T00:00:00Z,2026-05-01T00:00:00Z,430155298731,Usage,2026-04-25T14:00:00Z,2026-04-25T15:00:00Z,AmazonS3,Requests-Tier1,PutObject,,fincloud-cur-bucket-123,1.0000000000,,,USD,0.0000050000,0.0000050000,0.0000050000,0.0000050000,"$0.005 per 1,000 PUT, COPY, POST, or LIST requests",,"Amazon Web Services, Inc.",Amazon Simple Storage Service,,,,,,,,,,,,,,,,,,S3-API-Tier1,PUT/COPY/POST or LIST requests,,,,,,,,,,US East (N. Virginia),AWS Region,,,,,,,,,,,,,,,,API Request,,us-east-1,us-east-1,AmazonS3,Amazon Simple Storage Service,E9YHNFENF4XQBZR6,,,,,,,,,Requests-Tier1,,,,,E9YHNFENF4XQBZR6.JRTCKXETXF.6YS6EN2CT7,444249174147,USD,0.0000050000,0.0000050000,OnDemand,Requests,,,,,,,,,,23742807738,,,,,,,,,,,,,,,
eces3f5fkvvhc6i2gbpg7svwdqvuhuhqn5z6irlfefvdlmkkhr3a,2026-04-25T15:00:00Z/2026-04-25T16:00:00Z,,"Amazon Web Services, Inc.",AWS,Anniversary,430155298731,2026-04-01T00:00:00Z,2026-05-01T00:00:00Z,430155298731,Usage,2026-04-25T15:00:00Z,2026-04-25T16:00:00Z,AmazonS3,Requests-Tier1,PutObject,,fincloud-cur-bucket-123,2.0000000000,,,USD,0.0000050000,0.0000100000,0.0000050000,0.0000100000,"$0.005 per 1,000 PUT, COPY, POST, or LIST requests",,"Amazon Web Services, Inc.",Amazon Simple Storage Service,,,,,,,,,,,,,,,,,,S3-API-Tier1,PUT/COPY/POST or LIST requests,,,,,,,,,,US East (N. Virginia),AWS Region,,,,,,,,,,,,,,,,API Request,,us-east-1,us-east-1,AmazonS3,Amazon Simple Storage Service,E9YHNFENF4XQBZR6,,,,,,,,,Requests-Tier1,,,,,E9YHNFENF4XQBZR6.JRTCKXETXF.6YS6EN2CT7,444249174147,USD,0.0000100000,0.0000050000,OnDemand,Requests,,,,,,,,,,23742807738,,,,,,,,,,,,,,,
eces3f5fkvvhc6i2gbpg7svwdqvuhuhqn5z6irlfefvdlmkkhr3a,2026-04-25T22:00:00Z/2026-04-25T23:00:00Z,,"Amazon Web Services, Inc.",AWS,Anniversary,430155298731,2026-04-01T00:00:00Z,2026-05-01T00:00:00Z,430155298731,Usage,2026-04-25T22:00:00Z,2026-04-25T23:00:00Z,AmazonS3,Requests-Tier1,PutObject,,fincloud-cur-bucket-123,3.0000000000,,,USD,0.0000050000,0.0000150000,0.0000050000,0.0000150000,"$0.005 per 1,000 PUT, COPY, POST, or LIST requests",,"Amazon Web Services, Inc.",Amazon Simple Storage Service,,,,,,,,,,,,,,,,,,S3-API-Tier1,PUT/COPY/POST or LIST requests,,,,,,,,,,US East (N. Virginia),AWS Region,,,,,,,,,,,,,,,,API Request,,us-east-1,us-east-1,AmazonS3,Amazon Simple Storage Service,E9YHNFENF4XQBZR6,,,,,,,,,Requests-Tier1,,,,,E9YHNFENF4XQBZR6.JRTCKXETXF.6YS6EN2CT7,444249174147,USD,0.0000150000,0.0000050000,OnDemand,Requests,,,,,,,,,,23742807738,,,,,,,,,,,,,,,
eces3f5fkvvhc6i2gbpg7svwdqvuhuhqn5z6irlfefvdlmkkhr3a,2026-04-26T06:00:00Z/2026-04-26T07:00:00Z,,"Amazon Web Services, Inc.",AWS,Anniversary,430155298731,2026-04-01T00:00:00Z,2026-05-01T00:00:00Z,430155298731,Usage,2026-04-26T06:00:00Z,2026-04-26T07:00:00Z,AmazonS3,Requests-Tier1,PutObject,,fincloud-cur-bucket-123,3.0000000000,,,USD,0.0000050000,0.0000150000,0.0000050000,0.0000150000,"$0.005 per 1,000 PUT, COPY, POST, or LIST requests",,"Amazon Web Services, Inc.",Amazon Simple Storage Service,,,,,,,,,,,,,,,,,,S3-API-Tier1,PUT/COPY/POST or LIST requests,,,,,,,,,,US East (N. Virginia),AWS Region,,,,,,,,,,,,,,,,API Request,,us-east-1,us-east-1,AmazonS3,Amazon Simple Storage Service,E9YHNFENF4XQBZR6,,,,,,,,,Requests-Tier1,,,,,E9YHNFENF4XQBZR6.JRTCKXETXF.6YS6EN2CT7,444249174147,USD,0.0000150000,0.0000050000,OnDemand,Requests,,,,,,,,,,23742807738,,,,,,,,,,,,,,,
eces3f5fkvvhc6i2gbpg7svwdqvuhuhqn5z6irlfefvdlmkkhr3a,2026-04-26T12:00:00Z/2026-04-26T13:00:00Z,,"Amazon Web Services, Inc.",AWS,Anniversary,430155298731,2026-04-01T00:00:00Z,2026-05-01T00:00:00Z,430155298731,Usage,2026-04-26T12:00:00Z,2026-04-26T13:00:00Z,AmazonS3,Requests-Tier1,PutObject,,fincloud-cur-bucket-123,3.0000000000,,,USD,0.0000050000,0.0000150000,0.0000050000,0.0000150000,"$0.005 per 1,000 PUT, COPY, POST, or LIST requests",,"Amazon Web Services, Inc.",Amazon Simple Storage Service,,,,,,,,,,,,,,,,,,S3-API-Tier1,PUT/COPY/POST or LIST requests,,,,,,,,,,US East (N. Virginia),AWS Region,,,,,,,,,,,,,,,,API Request,,us-east-1,us-east-1,AmazonS3,Amazon Simple Storage Service,E9YHNFENF4XQBZR6,,,,,,,,,Requests-Tier1,,,,,E9YHNFENF4XQBZR6.JRTCKXETXF.6YS6EN2CT7,444249174147,USD,0.0000150000,0.0000050000,OnDemand,Requests,,,,,,,,,,23742807738,,,,,,,,,,,,,,,
eces3f5fkvvhc6i2gbpg7svwdqvuhuhqn5z6irlfefvdlmkkhr3a,2026-04-27T00:00:00Z/2026-04-27T01:00:00Z,,"Amazon Web Services, Inc.",AWS,Anniversary,430155298731,2026-04-01T00:00:00Z,2026-05-01T00:00:00Z,430155298731,Usage,2026-04-27T00:00:00Z,2026-04-27T01:00:00Z,AmazonS3,Requests-Tier1,PutObject,,fincloud-cur-bucket-123,3.0000000000,,,USD,0.0000050000,0.0000150000,0.0000050000,0.0000150000,"$0.005 per 1,000 PUT, COPY, POST, or LIST requests",,"Amazon Web Services, Inc.",Amazon Simple Storage Service,,,,,,,,,,,,,,,,,,S3-API-Tier1,PUT/COPY/POST or LIST requests,,,,,,,,,,US East (N. Virginia),AWS Region,,,,,,,,,,,,,,,,API Request,,us-east-1,us-east-1,AmazonS3,Amazon Simple Storage Service,E9YHNFENF4XQBZR6,,,,,,,,,Requests-Tier1,,,,,E9YHNFENF4XQBZR6.JRTCKXETXF.6YS6EN2CT7,444249174147,USD,0.0000150000,0.0000050000,OnDemand,Requests,,,,,,,,,,23742807738,,,,,,,,,,,,,,,
eces3f5fkvvhc6i2gbpg7svwdqvuhuhqn5z6irlfefvdlmkkhr3a,2026-04-27T07:00:00Z/2026-04-27T08:00:00Z,,"Amazon Web Services, Inc.",AWS,Anniversary,430155298731,2026-04-01T00:00:00Z,2026-05-01T00:00:00Z,430155298731,Usage,2026-04-27T07:00:00Z,2026-04-27T08:00:00Z,AmazonS3,Requests-Tier1,PutObject,,fincloud-cur-bucket-123,1.0000000000,,,USD,0.0000050000,0.0000050000,0.0000050000,0.0000050000,"$0.005 per 1,000 PUT, COPY, POST, or LIST requests",,"Amazon Web Services, Inc.",Amazon Simple Storage Service,,,,,,,,,,,,,,,,,,S3-API-Tier1,PUT/COPY/POST or LIST requests,,,,,,,,,,US East (N. Virginia),AWS Region,,,,,,,,,,,,,,,,API Request,,us-east-1,us-east-1,AmazonS3,Amazon Simple Storage Service,E9YHNFENF4XQBZR6,,,,,,,,,Requests-Tier1,,,,,E9YHNFENF4XQBZR6.JRTCKXETXF.6YS6EN2CT7,444249174147,USD,0.0000050000,0.0000050000,OnDemand,Requests,,,,,,,,,,23742807738,,,,,,,,,,,,,,,
eces3f5fkvvhc6i2gbpg7svwdqvuhuhqn5z6irlfefvdlmkkhr3a,2026-04-27T08:00:00Z/2026-04-27T09:00:00Z,,"Amazon Web Services, Inc.",AWS,Anniversary,430155298731,2026-04-01T00:00:00Z,2026-05-01T00:00:00Z,430155298731,Usage,2026-04-27T08:00:00Z,2026-04-27T09:00:00Z,AmazonS3,Requests-Tier1,PutObject,,fincloud-cur-bucket-123,2.0000000000,,,USD,0.0000050000,0.0000100000,0.0000050000,0.0000100000,"$0.005 per 1,000 PUT, COPY, POST, or LIST requests",,"Amazon Web Services, Inc.",Amazon Simple Storage Service,,,,,,,,,,,,,,,,,,S3-API-Tier1,PUT/COPY/POST or LIST requests,,,,,,,,,,US East (N. Virginia),AWS Region,,,,,,,,,,,,,,,,API Request,,us-east-1,us-east-1,AmazonS3,Amazon Simple Storage Service,E9YHNFENF4XQBZR6,,,,,,,,,Requests-Tier1,,,,,E9YHNFENF4XQBZR6.JRTCKXETXF.6YS6EN2CT7,444249174147,USD,0.0000100000,0.0000050000,OnDemand,Requests,,,,,,,,,,23742807738,,,,,,,,,,,,,,,
eces3f5fkvvhc6i2gbpg7svwdqvuhuhqn5z6irlfefvdlmkkhr3a,2026-04-27T11:00:00Z/2026-04-27T12:00:00Z,,"Amazon Web Services, Inc.",AWS,Anniversary,430155298731,2026-04-01T00:00:00Z,2026-05-01T00:00:00Z,430155298731,Usage,2026-04-27T11:00:00Z,2026-04-27T12:00:00Z,AmazonS3,Requests-Tier1,PutObject,,fincloud-cur-bucket-123,3.0000000000,,,USD,0.0000050000,0.0000150000,0.0000050000,0.0000150000,"$0.005 per 1,000 PUT, COPY, POST, or LIST requests",,"Amazon Web Services, Inc.",Amazon Simple Storage Service,,,,,,,,,,,,,,,,,,S3-API-Tier1,PUT/COPY/POST or LIST requests,,,,,,,,,,US East (N. Virginia),AWS Region,,,,,,,,,,,,,,,,API Request,,us-east-1,us-east-1,AmazonS3,Amazon Simple Storage Service,E9YHNFENF4XQBZR6,,,,,,,,,Requests-Tier1,,,,,E9YHNFENF4XQBZR6.JRTCKXETXF.6YS6EN2CT7,444249174147,USD,0.0000150000,0.0000050000,OnDemand,Requests,,,,,,,,,,23742807738,,,,,,,,,,,,,,,
eces3f5fkvvhc6i2gbpg7svwdqvuhuhqn5z6irlfefvdlmkkhr3a,2026-04-27T19:00:00Z/2026-04-27T20:00:00Z,,"Amazon Web Services, Inc.",AWS,Anniversary,430155298731,2026-04-01T00:00:00Z,2026-05-01T00:00:00Z,430155298731,Usage,2026-04-27T19:00:00Z,2026-04-27T20:00:00Z,AmazonS3,Requests-Tier1,PutObject,,fincloud-cur-bucket-123,3.0000000000,,,USD,0.0000050000,0.0000150000,0.0000050000,0.0000150000,"$0.005 per 1,000 PUT, COPY, POST, or LIST requests",,"Amazon Web Services, Inc.",Amazon Simple Storage Service,,,,,,,,,,,,,,,,,,S3-API-Tier1,PUT/COPY/POST or LIST requests,,,,,,,,,,US East (N. Virginia),AWS Region,,,,,,,,,,,,,,,,API Request,,us-east-1,us-east-1,AmazonS3,Amazon Simple Storage Service,E9YHNFENF4XQBZR6,,,,,,,,,Requests-Tier1,,,,,E9YHNFENF4XQBZR6.JRTCKXETXF.6YS6EN2CT7,444249174147,USD,0.0000150000,0.0000050000,OnDemand,Requests,,,,,,,,,,23742807738,,,,,,,,,,,,,,,
eces3f5fkvvhc6i2gbpg7svwdqvuhuhqn5z6irlfefvdlmkkhr3a,2026-04-28T05:00:00Z/2026-04-28T06:00:00Z,,"Amazon Web Services, Inc.",AWS,Anniversary,430155298731,2026-04-01T00:00:00Z,2026-05-01T00:00:00Z,430155298731,Usage,2026-04-28T05:00:00Z,2026-04-28T06:00:00Z,AmazonS3,Requests-Tier1,PutObject,,fincloud-cur-bucket-123,1.0000000000,,,USD,0.0000050000,0.0000050000,0.0000050000,0.0000050000,"$0.005 per 1,000 PUT, COPY, POST, or LIST requests",,"Amazon Web Services, Inc.",Amazon Simple Storage Service,,,,,,,,,,,,,,,,,,S3-API-Tier1,PUT/COPY/POST or LIST requests,,,,,,,,,,US East (N. Virginia),AWS Region,,,,,,,,,,,,,,,,API Request,,us-east-1,us-east-1,AmazonS3,Amazon Simple Storage Service,E9YHNFENF4XQBZR6,,,,,,,,,Requests-Tier1,,,,,E9YHNFENF4XQBZR6.JRTCKXETXF.6YS6EN2CT7,444249174147,USD,0.0000050000,0.0000050000,OnDemand,Requests,,,,,,,,,,23742807738,,,,,,,,,,,,,,,
eces3f5fkvvhc6i2gbpg7svwdqvuhuhqn5z6irlfefvdlmkkhr3a,2026-04-28T06:00:00Z/2026-04-28T07:00:00Z,,"Amazon Web Services, Inc.",AWS,Anniversary,430155298731,2026-04-01T00:00:00Z,2026-05-01T00:00:00Z,430155298731,Usage,2026-04-28T06:00:00Z,2026-04-28T07:00:00Z,AmazonS3,Requests-Tier1,PutObject,,fincloud-cur-bucket-123,2.0000000000,,,USD,0.0000050000,0.0000100000,0.0000050000,0.0000100000,"$0.005 per 1,000 PUT, COPY, POST, or LIST requests",,"Amazon Web Services, Inc.",Amazon Simple Storage Service,,,,,,,,,,,,,,,,,,S3-API-Tier1,PUT/COPY/POST or LIST requests,,,,,,,,,,US East (N. Virginia),AWS Region,,,,,,,,,,,,,,,,API Request,,us-east-1,us-east-1,AmazonS3,Amazon Simple Storage Service,E9YHNFENF4XQBZR6,,,,,,,,,Requests-Tier1,,,,,E9YHNFENF4XQBZR6.JRTCKXETXF.6YS6EN2CT7,444249174147,USD,0.0000100000,0.0000050000,OnDemand,Requests,,,,,,,,,,23742807738,,,,,,,,,,,,,,,
eces3f5fkvvhc6i2gbpg7svwdqvuhuhqn5z6irlfefvdlmkkhr3a,2026-04-28T15:00:00Z/2026-04-28T16:00:00Z,,"Amazon Web Services, Inc.",AWS,Anniversary,430155298731,2026-04-01T00:00:00Z,2026-05-01T00:00:00Z,430155298731,Usage,2026-04-28T15:00:00Z,2026-04-28T16:00:00Z,AmazonS3,Requests-Tier1,PutObject,,fincloud-cur-bucket-123,3.0000000000,,,USD,0.0000050000,0.0000150000,0.0000050000,0.0000150000,"$0.005 per 1,000 PUT, COPY, POST, or LIST requests",,"Amazon Web Services, Inc.",Amazon Simple Storage Service,,,,,,,,,,,,,,,,,,S3-API-Tier1,PUT/COPY/POST or LIST requests,,,,,,,,,,US East (N. Virginia),AWS Region,,,,,,,,,,,,,,,,API Request,,us-east-1,us-east-1,AmazonS3,Amazon Simple Storage Service,E9YHNFENF4XQBZR6,,,,,,,,,Requests-Tier1,,,,,E9YHNFENF4XQBZR6.JRTCKXETXF.6YS6EN2CT7,444249174147,USD,0.0000150000,0.0000050000,OnDemand,Requests,,,,,,,,,,23742807738,,,,,,,,,,,,,,,
eces3f5fkvvhc6i2gbpg7svwdqvuhuhqn5z6irlfefvdlmkkhr3a,2026-04-28T23:00:00Z/2026-04-29T00:00:00Z,,"Amazon Web Services, Inc.",AWS,Anniversary,430155298731,2026-04-01T00:00:00Z,2026-05-01T00:00:00Z,430155298731,Usage,2026-04-28T23:00:00Z,2026-04-29T00:00:00Z,AmazonS3,Requests-Tier1,PutObject,,fincloud-cur-bucket-123,1.0000000000,,,USD,0.0000050000,0.0000050000,0.0000050000,0.0000050000,"$0.005 per 1,000 PUT, COPY, POST, or LIST requests",,"Amazon Web Services, Inc.",Amazon Simple Storage Service,,,,,,,,,,,,,,,,,,S3-API-Tier1,PUT/COPY/POST or LIST requests,,,,,,,,,,US East (N. Virginia),AWS Region,,,,,,,,,,,,,,,,API Request,,us-east-1,us-east-1,AmazonS3,Amazon Simple Storage Service,E9YHNFENF4XQBZR6,,,,,,,,,Requests-Tier1,,,,,E9YHNFENF4XQBZR6.JRTCKXETXF.6YS6EN2CT7,444249174147,USD,0.0000050000,0.0000050000,OnDemand,Requests,,,,,,,,,,23742807738,,,,,,,,,,,,,,,
eces3f5fkvvhc6i2gbpg7svwdqvuhuhqn5z6irlfefvdlmkkhr3a,2026-04-29T00:00:00Z/2026-04-29T01:00:00Z,,"Amazon Web Services, Inc.",AWS,Anniversary,430155298731,2026-04-01T00:00:00Z,2026-05-01T00:00:00Z,430155298731,Usage,2026-04-29T00:00:00Z,2026-04-29T01:00:00Z,AmazonS3,Requests-Tier1,PutObject,,fincloud-cur-bucket-123,2.0000000000,,,USD,0.0000050000,0.0000100000,0.0000050000,0.0000100000,"$0.005 per 1,000 PUT, COPY, POST, or LIST requests",,"Amazon Web Services, Inc.",Amazon Simple Storage Service,,,,,,,,,,,,,,,,,,S3-API-Tier1,PUT/COPY/POST or LIST requests,,,,,,,,,,US East (N. Virginia),AWS Region,,,,,,,,,,,,,,,,API Request,,us-east-1,us-east-1,AmazonS3,Amazon Simple Storage Service,E9YHNFENF4XQBZR6,,,,,,,,,Requests-Tier1,,,,,E9YHNFENF4XQBZR6.JRTCKXETXF.6YS6EN2CT7,444249174147,USD,0.0000100000,0.0000050000,OnDemand,Requests,,,,,,,,,,23742807738,,,,,,,,,,,,,,,
eces3f5fkvvhc6i2gbpg7svwdqvuhuhqn5z6irlfefvdlmkkhr3a,2026-04-29T06:00:00Z/2026-04-29T07:00:00Z,,"Amazon Web Services, Inc.",AWS,Anniversary,430155298731,2026-04-01T00:00:00Z,2026-05-01T00:00:00Z,430155298731,Usage,2026-04-29T06:00:00Z,2026-04-29T07:00:00Z,AmazonS3,Requests-Tier1,PutObject,,fincloud-cur-bucket-123,3.0000000000,,,USD,0.0000050000,0.0000150000,0.0000050000,0.0000150000,"$0.005 per 1,000 PUT, COPY, POST, or LIST requests",,"Amazon Web Services, Inc.",Amazon Simple Storage Service,,,,,,,,,,,,,,,,,,S3-API-Tier1,PUT/COPY/POST or LIST requests,,,,,,,,,,US East (N. Virginia),AWS Region,,,,,,,,,,,,,,,,API Request,,us-east-1,us-east-1,AmazonS3,Amazon Simple Storage Service,E9YHNFENF4XQBZR6,,,,,,,,,Requests-Tier1,,,,,E9YHNFENF4XQBZR6.JRTCKXETXF.6YS6EN2CT7,444249174147,USD,0.0000150000,0.0000050000,OnDemand,Requests,,,,,,,,,,23742807738,,,,,,,,,,,,,,,
eces3f5fkvvhc6i2gbpg7svwdqvuhuhqn5z6irlfefvdlmkkhr3a,2026-04-29T10:00:00Z/2026-04-29T11:00:00Z,,"Amazon Web Services, Inc.",AWS,Anniversary,430155298731,2026-04-01T00:00:00Z,2026-05-01T00:00:00Z,430155298731,Usage,2026-04-29T10:00:00Z,2026-04-29T11:00:00Z,AmazonS3,Requests-Tier1,PutObject,,fincloud-cur-bucket-123,3.0000000000,,,USD,0.0000050000,0.0000150000,0.0000050000,0.0000150000,"$0.005 per 1,000 PUT, COPY, POST, or LIST requests",,"Amazon Web Services, Inc.",Amazon Simple Storage Service,,,,,,,,,,,,,,,,,,S3-API-Tier1,PUT/COPY/POST or LIST requests,,,,,,,,,,US East (N. Virginia),AWS Region,,,,,,,,,,,,,,,,API Request,,us-east-1,us-east-1,AmazonS3,Amazon Simple Storage Service,E9YHNFENF4XQBZR6,,,,,,,,,Requests-Tier1,,,,,E9YHNFENF4XQBZR6.JRTCKXETXF.6YS6EN2CT7,444249174147,USD,0.0000150000,0.0000050000,OnDemand,Requests,,,,,,,,,,23742807738,,,,,,,,,,,,,,,
eces3f5fkvvhc6i2gbpg7svwdqvuhuhqn5z6irlfefvdlmkkhr3a,2026-04-29T22:00:00Z/2026-04-29T23:00:00Z,,"Amazon Web Services, Inc.",AWS,Anniversary,430155298731,2026-04-01T00:00:00Z,2026-05-01T00:00:00Z,430155298731,Usage,2026-04-29T22:00:00Z,2026-04-29T23:00:00Z,AmazonS3,Requests-Tier1,PutObject,,fincloud-cur-bucket-123,3.0000000000,,,USD,0.0000050000,0.0000150000,0.0000050000,0.0000150000,"$0.005 per 1,000 PUT, COPY, POST, or LIST requests",,"Amazon Web Services, Inc.",Amazon Simple Storage Service,,,,,,,,,,,,,,,,,,S3-API-Tier1,PUT/COPY/POST or LIST requests,,,,,,,,,,US East (N. Virginia),AWS Region,,,,,,,,,,,,,,,,API Request,,us-east-1,us-east-1,AmazonS3,Amazon Simple Storage Service,E9YHNFENF4XQBZR6,,,,,,,,,Requests-Tier1,,,,,E9YHNFENF4XQBZR6.JRTCKXETXF.6YS6EN2CT7,444249174147,USD,0.0000150000,0.0000050000,OnDemand,Requests,,,,,,,,,,23742807738,,,,,,,,,,,,,,,
panqduihuuu76zwej7fcrc5kurguhda5xushovokvdl2eb4fp7aq,2026-04-20T20:00:00Z/2026-04-20T21:00:00Z,,"Amazon Web Services, Inc.",AWS,Anniversary,430155298731,2026-04-01T00:00:00Z,2026-05-01T00:00:00Z,430155298731,Usage,2026-04-20T20:00:00Z,2026-04-20T21:00:00Z,AmazonS3,Requests-Tier1,UploadPart,,fincloud-data-123,18.0000000000,,,USD,0.0000050000,0.0000900000,0.0000050000,0.0000900000,"$0.005 per 1,000 PUT, COPY, POST, or LIST requests",,"Amazon Web Services, Inc.",Amazon Simple Storage Service,,,,,,,,,,,,,,,,,,S3-API-Tier1,PUT/COPY/POST or LIST requests,,,,,,,,,,US East (N. Virginia),AWS Region,,,,,,,,,,,,,,,,API Request,,us-east-1,us-east-1,AmazonS3,Amazon Simple Storage Service,E9YHNFENF4XQBZR6,,,,,,,,,Requests-Tier1,,,,,E9YHNFENF4XQBZR6.JRTCKXETXF.6YS6EN2CT7,444249174147,USD,0.0000900000,0.0000050000,OnDemand,Requests,,,,,,,,,,23742807738,,,,,,,,,,,,,,,
4dtbcmtl53ci4zoguknfg5mvzg2mhwjjuplwtje2um2pwyixytca,2026-04-19T20:00:00Z/2026-04-19T21:00:00Z,,"Amazon Web Services, Inc.",AWS,Anniversary,430155298731,2026-04-01T00:00:00Z,2026-05-01T00:00:00Z,430155298731,Usage,2026-04-19T20:00:00Z,2026-04-19T21:00:00Z,AmazonS3,Requests-Tier1,WriteBucketPolicy,,fincloud-cur-bucket-123,2.0000000000,,,USD,0.0000050000,0.0000100000,0.0000050000,0.0000100000,"$0.005 per 1,000 PUT, COPY, POST, or LIST requests",,"Amazon Web Services, Inc.",Amazon Simple Storage Service,,,,,,,,,,,,,,,,,,S3-API-Tier1,PUT/COPY/POST or LIST requests,,,,,,,,,,US East (N. Virginia),AWS Region,,,,,,,,,,,,,,,,API Request,,us-east-1,us-east-1,AmazonS3,Amazon Simple Storage Service,E9YHNFENF4XQBZR6,,,,,,,,,Requests-Tier1,,,,,E9YHNFENF4XQBZR6.JRTCKXETXF.6YS6EN2CT7,444249174147,USD,0.0000100000,0.0000050000,OnDemand,Requests,,,,,,,,,,23742807738,,,,,,,,,,,,,,,
4yzcjhkdbnewp3cp6vl4wzivwwnh762p6afemwv347e2ggixltyq,2026-04-19T20:00:00Z/2026-04-19T21:00:00Z,,"Amazon Web Services, Inc.",AWS,Anniversary,430155298731,2026-04-01T00:00:00Z,2026-05-01T00:00:00Z,430155298731,Usage,2026-04-19T20:00:00Z,2026-04-19T21:00:00Z,AmazonS3,Requests-Tier1,WriteBucketServerSideEncryption,,fincloud-cur-bucket-123,1.0000000000,,,USD,0.0000050000,0.0000050000,0.0000050000,0.0000050000,"$0.005 per 1,000 PUT, COPY, POST, or LIST requests",,"Amazon Web Services, Inc.",Amazon Simple Storage Service,,,,,,,,,,,,,,,,,,S3-API-Tier1,PUT/COPY/POST or LIST requests,,,,,,,,,,US East (N. Virginia),AWS Region,,,,,,,,,,,,,,,,API Request,,us-east-1,us-east-1,AmazonS3,Amazon Simple Storage Service,E9YHNFENF4XQBZR6,,,,,,,,,Requests-Tier1,,,,,E9YHNFENF4XQBZR6.JRTCKXETXF.6YS6EN2CT7,444249174147,USD,0.0000050000,0.0000050000,OnDemand,Requests,,,,,,,,,,23742807738,,,,,,,,,,,,,,,
6phvyypdrwo5h2kvbg3ltbkby2vefqp7iopzf3rlont4zyrwqymq,2026-04-20T20:00:00Z/2026-04-20T21:00:00Z,,"Amazon Web Services, Inc.",AWS,Anniversary,430155298731,2026-04-01T00:00:00Z,2026-05-01T00:00:00Z,430155298731,Usage,2026-04-20T20:00:00Z,2026-04-20T21:00:00Z,AmazonS3,Requests-Tier1,WriteBucketServerSideEncryption,,fincloud-data-123,1.0000000000,,,USD,0.0000050000,0.0000050000,0.0000050000,0.0000050000,"$0.005 per 1,000 PUT, COPY, POST, or LIST requests",,"Amazon Web Services, Inc.",Amazon Simple Storage Service,,,,,,,,,,,,,,,,,,S3-API-Tier1,PUT/COPY/POST or LIST requests,,,,,,,,,,US East (N. Virginia),AWS Region,,,,,,,,,,,,,,,,API Request,,us-east-1,us-east-1,AmazonS3,Amazon Simple Storage Service,E9YHNFENF4XQBZR6,,,,,,,,,Requests-Tier1,,,,,E9YHNFENF4XQBZR6.JRTCKXETXF.6YS6EN2CT7,444249174147,USD,0.0000050000,0.0000050000,OnDemand,Requests,,,,,,,,,,23742807738,,,,,,,,,,,,,,,
wezqpbs6iqt7li4xpxrywmk3jbpnmpxbgq35yij7mc5atd42kvga,2026-04-20T09:00:00Z/2026-04-20T10:00:00Z,,"Amazon Web Services, Inc.",AWS,Anniversary,430155298731,2026-04-01T00:00:00Z,2026-05-01T00:00:00Z,430155298731,Usage,2026-04-20T09:00:00Z,2026-04-20T10:00:00Z,AmazonS3,Requests-Tier1,WriteVersioningProps,,fincloud-cur-bucket-123,1.0000000000,,,USD,0.0000050000,0.0000050000,0.0000050000,0.0000050000,"$0.005 per 1,000 PUT, COPY, POST, or LIST requests",,"Amazon Web Services, Inc.",Amazon Simple Storage Service,,,,,,,,,,,,,,,,,,S3-API-Tier1,PUT/COPY/POST or LIST requests,,,,,,,,,,US East (N. Virginia),AWS Region,,,,,,,,,,,,,,,,API Request,,us-east-1,us-east-1,AmazonS3,Amazon Simple Storage Service,E9YHNFENF4XQBZR6,,,,,,,,,Requests-Tier1,,,,,E9YHNFENF4XQBZR6.JRTCKXETXF.6YS6EN2CT7,444249174147,USD,0.0000050000,0.0000050000,OnDemand,Requests,,,,,,,,,,23742807738,,,,,,,,,,,,,,,
bk2e2ckrimlscokqu3uq7zunduq66y4zkfkewmbcayrvqnjsk73q,2026-04-20T00:00:00Z/2026-04-20T01:00:00Z,,"Amazon Web Services, Inc.",AWS,Anniversary,430155298731,2026-04-01T00:00:00Z,2026-05-01T00:00:00Z,430155298731,Usage,2026-04-20T00:00:00Z,2026-04-20T01:00:00Z,AmazonS3,TimedStorage-ByteHrs,StandardStorage,,fincloud-cur-bucket-123,0.0000008718,,,USD,0.0230000000,0.0000000201,0.0230000000,0.0000000201,$0.023 per GB - first 50 TB / month of storage used,,"Amazon Web Services, Inc.",Amazon Simple Storage Service,99.99%,,,,,,,,99.999999999%,,,,,,,,,,,,,,,,,,,,US East (N. Virginia),AWS Region,,,,,,,,,,,,,,,,Storage,,us-east-1,us-east-1,AmazonS3,Amazon Simple Storage Service,WP9ANXZGBYYSGJEA,,General Purpose,,,,,,,TimedStorage-ByteHrs,,,Standard,,WP9ANXZGBYYSGJEA.JRTCKXETXF.PGHJ3S3EYE,444249170036,USD,0.0000000201,0.0230000000,OnDemand,GB-Mo,,,,,,,,,,23742807738,,,,,,,,,,,,,,,
bk2e2ckrimlscokqu3uq7zunduq66y4zkfkewmbcayrvqnjsk73q,2026-04-21T00:00:00Z/2026-04-21T01:00:00Z,,"Amazon Web Services, Inc.",AWS,Anniversary,430155298731,2026-04-01T00:00:00Z,2026-05-01T00:00:00Z,430155298731,Usage,2026-04-21T00:00:00Z,2026-04-21T01:00:00Z,AmazonS3,TimedStorage-ByteHrs,StandardStorage,,fincloud-cur-bucket-123,0.0000038341,,,USD,0.0230000000,0.0000000882,0.0230000000,0.0000000882,$0.023 per GB - first 50 TB / month of storage used,,"Amazon Web Services, Inc.",Amazon Simple Storage Service,99.99%,,,,,,,,99.999999999%,,,,,,,,,,,,,,,,,,,,US East (N. Virginia),AWS Region,,,,,,,,,,,,,,,,Storage,,us-east-1,us-east-1,AmazonS3,Amazon Simple Storage Service,WP9ANXZGBYYSGJEA,,General Purpose,,,,,,,TimedStorage-ByteHrs,,,Standard,,WP9ANXZGBYYSGJEA.JRTCKXETXF.PGHJ3S3EYE,444249170036,USD,0.0000000882,0.0230000000,OnDemand,GB-Mo,,,,,,,,,,23742807738,,,,,,,,,,,,,,,
bk2e2ckrimlscokqu3uq7zunduq66y4zkfkewmbcayrvqnjsk73q,2026-04-22T00:00:00Z/2026-04-22T01:00:00Z,,"Amazon Web Services, Inc.",AWS,Anniversary,430155298731,2026-04-01T00:00:00Z,2026-05-01T00:00:00Z,430155298731,Usage,2026-04-22T00:00:00Z,2026-04-22T01:00:00Z,AmazonS3,TimedStorage-ByteHrs,StandardStorage,,fincloud-cur-bucket-123,0.0000063732,,,USD,0.0230000000,0.0000001466,0.0230000000,0.0000001466,$0.023 per GB - first 50 TB / month of storage used,,"Amazon Web Services, Inc.",Amazon Simple Storage Service,99.99%,,,,,,,,99.999999999%,,,,,,,,,,,,,,,,,,,,US East (N. Virginia),AWS Region,,,,,,,,,,,,,,,,Storage,,us-east-1,us-east-1,AmazonS3,Amazon Simple Storage Service,WP9ANXZGBYYSGJEA,,General Purpose,,,,,,,TimedStorage-ByteHrs,,,Standard,,WP9ANXZGBYYSGJEA.JRTCKXETXF.PGHJ3S3EYE,444249170036,USD,0.0000001466,0.0230000000,OnDemand,GB-Mo,,,,,,,,,,23742807738,,,,,,,,,,,,,,,
bk2e2ckrimlscokqu3uq7zunduq66y4zkfkewmbcayrvqnjsk73q,2026-04-23T00:00:00Z/2026-04-23T01:00:00Z,,"Amazon Web Services, Inc.",AWS,Anniversary,430155298731,2026-04-01T00:00:00Z,2026-05-01T00:00:00Z,430155298731,Usage,2026-04-23T00:00:00Z,2026-04-23T01:00:00Z,AmazonS3,TimedStorage-ByteHrs,StandardStorage,,fincloud-cur-bucket-123,0.0000119369,,,USD,0.0230000000,0.0000002745,0.0230000000,0.0000002745,$0.023 per GB - first 50 TB / month of storage used,,"Amazon Web Services, Inc.",Amazon Simple Storage Service,99.99%,,,,,,,,99.999999999%,,,,,,,,,,,,,,,,,,,,US East (N. Virginia),AWS Region,,,,,,,,,,,,,,,,Storage,,us-east-1,us-east-1,AmazonS3,Amazon Simple Storage Service,WP9ANXZGBYYSGJEA,,General Purpose,,,,,,,TimedStorage-ByteHrs,,,Standard,,WP9ANXZGBYYSGJEA.JRTCKXETXF.PGHJ3S3EYE,444249170036,USD,0.0000002745,0.0230000000,OnDemand,GB-Mo,,,,,,,,,,23742807738,,,,,,,,,,,,,,,
bk2e2ckrimlscokqu3uq7zunduq66y4zkfkewmbcayrvqnjsk73q,2026-04-24T00:00:00Z/2026-04-24T01:00:00Z,,"Amazon Web Services, Inc.",AWS,Anniversary,430155298731,2026-04-01T00:00:00Z,2026-05-01T00:00:00Z,430155298731,Usage,2026-04-24T00:00:00Z,2026-04-24T01:00:00Z,AmazonS3,TimedStorage-ByteHrs,StandardStorage,,fincloud-cur-bucket-123,0.0000161616,,,USD,0.0230000000,0.0000003717,0.0230000000,0.0000003717,$0.023 per GB - first 50 TB / month of storage used,,"Amazon Web Services, Inc.",Amazon Simple Storage Service,99.99%,,,,,,,,99.999999999%,,,,,,,,,,,,,,,,,,,,US East (N. Virginia),AWS Region,,,,,,,,,,,,,,,,Storage,,us-east-1,us-east-1,AmazonS3,Amazon Simple Storage Service,WP9ANXZGBYYSGJEA,,General Purpose,,,,,,,TimedStorage-ByteHrs,,,Standard,,WP9ANXZGBYYSGJEA.JRTCKXETXF.PGHJ3S3EYE,444249170036,USD,0.0000003717,0.0230000000,OnDemand,GB-Mo,,,,,,,,,,23742807738,,,,,,,,,,,,,,,
bk2e2ckrimlscokqu3uq7zunduq66y4zkfkewmbcayrvqnjsk73q,2026-04-25T00:00:00Z/2026-04-25T01:00:00Z,,"Amazon Web Services, Inc.",AWS,Anniversary,430155298731,2026-04-01T00:00:00Z,2026-05-01T00:00:00Z,430155298731,Usage,2026-04-25T00:00:00Z,2026-04-25T01:00:00Z,AmazonS3,TimedStorage-ByteHrs,StandardStorage,,fincloud-cur-bucket-123,0.0000204197,,,USD,0.0230000000,0.0000004697,0.0230000000,0.0000004697,$0.023 per GB - first 50 TB / month of storage used,,"Amazon Web Services, Inc.",Amazon Simple Storage Service,99.99%,,,,,,,,99.999999999%,,,,,,,,,,,,,,,,,,,,US East (N. Virginia),AWS Region,,,,,,,,,,,,,,,,Storage,,us-east-1,us-east-1,AmazonS3,Amazon Simple Storage Service,WP9ANXZGBYYSGJEA,,General Purpose,,,,,,,TimedStorage-ByteHrs,,,Standard,,WP9ANXZGBYYSGJEA.JRTCKXETXF.PGHJ3S3EYE,444249170036,USD,0.0000004697,0.0230000000,OnDemand,GB-Mo,,,,,,,,,,23742807738,,,,,,,,,,,,,,,
bk2e2ckrimlscokqu3uq7zunduq66y4zkfkewmbcayrvqnjsk73q,2026-04-26T00:00:00Z/2026-04-26T01:00:00Z,,"Amazon Web Services, Inc.",AWS,Anniversary,430155298731,2026-04-01T00:00:00Z,2026-05-01T00:00:00Z,430155298731,Usage,2026-04-26T00:00:00Z,2026-04-26T01:00:00Z,AmazonS3,TimedStorage-ByteHrs,StandardStorage,,fincloud-cur-bucket-123,0.0000247167,,,USD,0.0230000000,0.0000005685,0.0230000000,0.0000005685,$0.023 per GB - first 50 TB / month of storage used,,"Amazon Web Services, Inc.",Amazon Simple Storage Service,99.99%,,,,,,,,99.999999999%,,,,,,,,,,,,,,,,,,,,US East (N. Virginia),AWS Region,,,,,,,,,,,,,,,,Storage,,us-east-1,us-east-1,AmazonS3,Amazon Simple Storage Service,WP9ANXZGBYYSGJEA,,General Purpose,,,,,,,TimedStorage-ByteHrs,,,Standard,,WP9ANXZGBYYSGJEA.JRTCKXETXF.PGHJ3S3EYE,444249170036,USD,0.0000005685,0.0230000000,OnDemand,GB-Mo,,,,,,,,,,23742807738,,,,,,,,,,,,,,,
bk2e2ckrimlscokqu3uq7zunduq66y4zkfkewmbcayrvqnjsk73q,2026-04-27T00:00:00Z/2026-04-27T01:00:00Z,,"Amazon Web Services, Inc.",AWS,Anniversary,430155298731,2026-04-01T00:00:00Z,2026-05-01T00:00:00Z,430155298731,Usage,2026-04-27T00:00:00Z,2026-04-27T01:00:00Z,AmazonS3,TimedStorage-ByteHrs,StandardStorage,,fincloud-cur-bucket-123,0.0000290670,,,USD,0.0230000000,0.0000006685,0.0230000000,0.0000006685,$0.023 per GB - first 50 TB / month of storage used,,"Amazon Web Services, Inc.",Amazon Simple Storage Service,99.99%,,,,,,,,99.999999999%,,,,,,,,,,,,,,,,,,,,US East (N. Virginia),AWS Region,,,,,,,,,,,,,,,,Storage,,us-east-1,us-east-1,AmazonS3,Amazon Simple Storage Service,WP9ANXZGBYYSGJEA,,General Purpose,,,,,,,TimedStorage-ByteHrs,,,Standard,,WP9ANXZGBYYSGJEA.JRTCKXETXF.PGHJ3S3EYE,444249170036,USD,0.0000006685,0.0230000000,OnDemand,GB-Mo,,,,,,,,,,23742807738,,,,,,,,,,,,,,,
bk2e2ckrimlscokqu3uq7zunduq66y4zkfkewmbcayrvqnjsk73q,2026-04-28T00:00:00Z/2026-04-28T01:00:00Z,,"Amazon Web Services, Inc.",AWS,Anniversary,430155298731,2026-04-01T00:00:00Z,2026-05-01T00:00:00Z,430155298731,Usage,2026-04-28T00:00:00Z,2026-04-28T01:00:00Z,AmazonS3,TimedStorage-ByteHrs,StandardStorage,,fincloud-cur-bucket-123,0.0000334600,,,USD,0.0230000000,0.0000007696,0.0230000000,0.0000007696,$0.023 per GB - first 50 TB / month of storage used,,"Amazon Web Services, Inc.",Amazon Simple Storage Service,99.99%,,,,,,,,99.999999999%,,,,,,,,,,,,,,,,,,,,US East (N. Virginia),AWS Region,,,,,,,,,,,,,,,,Storage,,us-east-1,us-east-1,AmazonS3,Amazon Simple Storage Service,WP9ANXZGBYYSGJEA,,General Purpose,,,,,,,TimedStorage-ByteHrs,,,Standard,,WP9ANXZGBYYSGJEA.JRTCKXETXF.PGHJ3S3EYE,444249170036,USD,0.0000007696,0.0230000000,OnDemand,GB-Mo,,,,,,,,,,23742807738,,,,,,,,,,,,,,,
bk2e2ckrimlscokqu3uq7zunduq66y4zkfkewmbcayrvqnjsk73q,2026-04-29T00:00:00Z/2026-04-29T01:00:00Z,,"Amazon Web Services, Inc.",AWS,Anniversary,430155298731,2026-04-01T00:00:00Z,2026-05-01T00:00:00Z,430155298731,Usage,2026-04-29T00:00:00Z,2026-04-29T01:00:00Z,AmazonS3,TimedStorage-ByteHrs,StandardStorage,,fincloud-cur-bucket-123,0.0000378953,,,USD,0.0230000000,0.0000008716,0.0230000000,0.0000008716,$0.023 per GB - first 50 TB / month of storage used,,"Amazon Web Services, Inc.",Amazon Simple Storage Service,99.99%,,,,,,,,99.999999999%,,,,,,,,,,,,,,,,,,,,US East (N. Virginia),AWS Region,,,,,,,,,,,,,,,,Storage,,us-east-1,us-east-1,AmazonS3,Amazon Simple Storage Service,WP9ANXZGBYYSGJEA,,General Purpose,,,,,,,TimedStorage-ByteHrs,,,Standard,,WP9ANXZGBYYSGJEA.JRTCKXETXF.PGHJ3S3EYE,444249170036,USD,0.0000008716,0.0230000000,OnDemand,GB-Mo,,,,,,,,,,23742807738,,,,,,,,,,,,,,,
lypcl4umcvy7pb4sdud34kt5yaoujfm53q5fz2uw6c34aq6yimja,2026-04-16T20:00:00Z/2026-04-16T22:00:00Z,,"Amazon Web Services, Inc.",AWS,Anniversary,430155298731,2026-04-01T00:00:00Z,2026-05-01T00:00:00Z,430155298731,Credit,2026-04-16T20:00:00Z,2026-04-16T22:00:00Z,AmazonEC2,EUN1-CPUCredits:t3,T3CPUCredits,,,0.0000000000,,,USD,,-0.0144826500,,-0.0144826500,AWS Free Tier,,"Amazon Web Services, Inc.",Amazon Elastic Compute Cloud,,,,,,,,,,,,,,,,,,,,T3,,General Purpose,,,,,,,EU (Stockholm),AWS Region,,,,,,,,,,Linux,T3CPUCredits,,,,,CPU Credits,,eu-north-1,eu-north-1,AmazonEC2,Amazon Elastic Compute Cloud,5C2EHUGDY6WHFMRW,,,,,,,,,EUN1-CPUCredits:t3,,,,,,455785498103,USD,0.0000000000,0.0500000000,OnDemand,vCPU-Hours,,,,,,,,,,23742807739,,,,,,,,,,,,,,,
lypcl4umcvy7pb4sdud34kt5yaoujfm53q5fz2uw6c34aq6yimja,2026-04-19T21:00:00Z/2026-04-19T22:00:00Z,,"Amazon Web Services, Inc.",AWS,Anniversary,430155298731,2026-04-01T00:00:00Z,2026-05-01T00:00:00Z,430155298731,Credit,2026-04-19T21:00:00Z,2026-04-19T22:00:00Z,AmazonEC2,EUN1-CPUCredits:t3,T3CPUCredits,,,0.0000000000,,,USD,,-0.0018727000,,-0.0018727000,AWS Free Tier,,"Amazon Web Services, Inc.",Amazon Elastic Compute Cloud,,,,,,,,,,,,,,,,,,,,T3,,General Purpose,,,,,,,EU (Stockholm),AWS Region,,,,,,,,,,Linux,T3CPUCredits,,,,,CPU Credits,,eu-north-1,eu-north-1,AmazonEC2,Amazon Elastic Compute Cloud,5C2EHUGDY6WHFMRW,,,,,,,,,EUN1-CPUCredits:t3,,,,,,455785498103,USD,0.0000000000,0.0500000000,OnDemand,vCPU-Hours,,,,,,,,,,23742807739,,,,,,,,,,,,,,,
opgug5d55scrjnl2tcqvb3ovi7i3b7gjflnfmvd3l527zizwnkka,2026-04-20T20:00:00Z/2026-04-20T21:00:00Z,,"Amazon Web Services, Inc.",AWS,Anniversary,430155298731,2026-04-01T00:00:00Z,2026-05-01T00:00:00Z,430155298731,Credit,2026-04-20T20:00:00Z,2026-04-20T21:00:00Z,AmazonEC2,CPUCredits:t3,T3CPUCredits,,,0.0000000000,,,USD,,-0.0288389500,,-0.0288389500,AWS Free Tier,,"Amazon Web Services, Inc.",Amazon Elastic Compute Cloud,,,,,,,,,,,,,,,,,,,,T3,,General Purpose,,,,,,,US East (N. Virginia),AWS Region,,,,,,,,,,Linux,T3CPUCredits,,,,,CPU Credits,,us-east-1,us-east-1,AmazonEC2,Amazon Elastic Compute Cloud,DHXM9J4FT38HQAQ6,,,,,,,,,CPUCredits:t3,,,,,,455785168707,USD,0.0000000000,0.0500000000,OnDemand,vCPU-Hours,,,,,,,,,,23742807739,,,,,,,,,,,,,,,
l27m2q24aegt74bapd2eughvtf2qkbu6sf6jcnyykxioeagattza,2026-04-16T19:00:00Z/2026-04-16T22:00:00Z,,"Amazon Web Services, Inc.",AWS,Anniversary,430155298731,2026-04-01T00:00:00Z,2026-05-01T00:00:00Z,430155298731,Credit,2026-04-16T19:00:00Z,2026-04-16T22:00:00Z,AmazonEC2,EUN1-EBS:VolumeUsage.gp3,,,,0.0000000000,,,USD,,-0.0021127066,,-0.0021127066,AWS Free Tier,,"Amazon Web Services, Inc.",Amazon Elastic Compute Cloud,,,,,,,,,,,,,,,,,,,,,,,,,,,,,EU (Stockholm),AWS Region,,80000,2000 MiB/s,64 TiB,,,,,,,,,,,,Storage,,eu-north-1,eu-north-1,AmazonEC2,Amazon Elastic Compute Cloud,H33YTQG3Y9XKNSF3,,,SSD-backed,,,,,,EUN1-EBS:VolumeUsage.gp3,,gp3,General Purpose,,,455785616326,USD,0.0000000000,0.0836000000,OnDemand,GB-Mo,,,,,,,,,,23742807739,,,,,,,,,,,,,,,
l27m2q24aegt74bapd2eughvtf2qkbu6sf6jcnyykxioeagattza,2026-04-19T21:00:00Z/2026-04-19T22:00:00Z,,"Amazon Web Services, Inc.",AWS,Anniversary,430155298731,2026-04-01T00:00:00Z,2026-05-01T00:00:00Z,430155298731,Credit,2026-04-19T21:00:00Z,2026-04-19T22:00:00Z,AmazonEC2,EUN1-EBS:VolumeUsage.gp3,,,,0.0000000000,,,USD,,-0.0008922494,,-0.0008922494,AWS Free Tier,,"Amazon Web Services, Inc.",Amazon Elastic Compute Cloud,,,,,,,,,,,,,,,,,,,,,,,,,,,,,EU (Stockholm),AWS Region,,80000,2000 MiB/s,64 TiB,,,,,,,,,,,,Storage,,eu-north-1,eu-north-1,AmazonEC2,Amazon Elastic Compute Cloud,H33YTQG3Y9XKNSF3,,,SSD-backed,,,,,,EUN1-EBS:VolumeUsage.gp3,,gp3,General Purpose,,,455785616326,USD,0.0000000000,0.0836000000,OnDemand,GB-Mo,,,,,,,,,,23742807739,,,,,,,,,,,,,,,
5uvgvgfqpotpdlzy2i6pbkajtk4zvmlua33hrwhs4x6ectwj5wrq,2026-04-20T20:00:00Z/2026-04-20T21:00:00Z,,"Amazon Web Services, Inc.",AWS,Anniversary,430155298731,2026-04-01T00:00:00Z,2026-05-01T00:00:00Z,430155298731,Credit,2026-04-20T20:00:00Z,2026-04-20T21:00:00Z,AmazonEC2,EBS:VolumeUsage.gp3,,,,0.0000000000,,,USD,,-0.0007846912,,-0.0007846912,AWS Free Tier,,"Amazon Web Services, Inc.",Amazon Elastic Compute Cloud,,,,,,,,,,,,,,,,,,,,,,,,,,,,,US East (N. Virginia),AWS Region,,80000,2000 MiB/s,64 TiB,,,,,,,,,,,,Storage,,us-east-1,us-east-1,AmazonEC2,Amazon Elastic Compute Cloud,JG3KUJMBRGHV3N8G,,,SSD-backed,,,,,,EBS:VolumeUsage.gp3,,gp3,General Purpose,,,455785304011,USD,0.0000000000,0.0800000000,OnDemand,GB-Mo,,,,,,,,,,23742807739,,,,,,,,,,,,,,,
5uvgvgfqpotpdlzy2i6pbkajtk4zvmlua33hrwhs4x6ectwj5wrq,2026-04-21T08:00:00Z/2026-04-21T12:00:00Z,,"Amazon Web Services, Inc.",AWS,Anniversary,430155298731,2026-04-01T00:00:00Z,2026-05-01T00:00:00Z,430155298731,Credit,2026-04-21T08:00:00Z,2026-04-21T12:00:00Z,AmazonEC2,EBS:VolumeUsage.gp3,,,,0.0000000000,,,USD,,-0.0028086416,,-0.0028086416,AWS Free Tier,,"Amazon Web Services, Inc.",Amazon Elastic Compute Cloud,,,,,,,,,,,,,,,,,,,,,,,,,,,,,US East (N. Virginia),AWS Region,,80000,2000 MiB/s,64 TiB,,,,,,,,,,,,Storage,,us-east-1,us-east-1,AmazonEC2,Amazon Elastic Compute Cloud,JG3KUJMBRGHV3N8G,,,SSD-backed,,,,,,EBS:VolumeUsage.gp3,,gp3,General Purpose,,,455785304011,USD,0.0000000000,0.0800000000,OnDemand,GB-Mo,,,,,,,,,,23742807739,,,,,,,,,,,,,,,
emdfmrhi745f3xbs6y6jbdb4v65cjtvs3b5edoss64tgks7ihqna,2026-04-16T20:00:00Z/2026-04-16T21:00:00Z,,"Amazon Web Services, Inc.",AWS,Anniversary,430155298731,2026-04-01T00:00:00Z,2026-05-01T00:00:00Z,430155298731,Usage,2026-04-16T20:00:00Z,2026-04-16T21:00:00Z,AmazonEC2,EUN1-CPUCredits:t3,T3CPUCredits,eu-north-1b,i-01e8e62decd3fe77a,0.0021110000,,,USD,0.0500000000,0.0001055500,0.0500000000,0.0001055500,$0.05 per vCPU-Hour of T3 CPU Credits,,"Amazon Web Services, Inc.",Amazon Elastic Compute Cloud,,,,,,,,,,,,,,,,,,,,T3,,General Purpose,,,,,,,EU (Stockholm),AWS Region,,,,,,,,,,Linux,T3CPUCredits,,,,,CPU Credits,,eu-north-1,eu-north-1,AmazonEC2,Amazon Elastic Compute Cloud,5C2EHUGDY6WHFMRW,,,,,,,,,EUN1-CPUCredits:t3,,,,,5C2EHUGDY6WHFMRW.JRTCKXETXF.6YS6EN2CT7,455785498103,USD,0.0001055500,0.0500000000,OnDemand,vCPU-Hours,,,,,,,,,,23742807739,,,,,,,,,,,,,,,
vrekuxuvltdjwvhu6q75jsjkhfh5ab53s2eof7rmz4cwqblbwvqa,2026-04-16T21:00:00Z/2026-04-16T22:00:00Z,,"Amazon Web Services, Inc.",AWS,Anniversary,430155298731,2026-04-01T00:00:00Z,2026-05-01T00:00:00Z,430155298731,Usage,2026-04-16T21:00:00Z,2026-04-16T22:00:00Z,AmazonEC2,EUN1-CPUCredits:t3,T3CPUCredits,eu-north-1b,i-099a28da00871efc7,0.2875420000,,,USD,0.0500000000,0.0143771000,0.0500000000,0.0143771000,$0.05 per vCPU-Hour of T3 CPU Credits,,"Amazon Web Services, Inc.",Amazon Elastic Compute Cloud,,,,,,,,,,,,,,,,,,,,T3,,General Purpose,,,,,,,EU (Stockholm),AWS Region,,,,,,,,,,Linux,T3CPUCredits,,,,,CPU Credits,,eu-north-1,eu-north-1,AmazonEC2,Amazon Elastic Compute Cloud,5C2EHUGDY6WHFMRW,,,,,,,,,EUN1-CPUCredits:t3,,,,,5C2EHUGDY6WHFMRW.JRTCKXETXF.6YS6EN2CT7,455785498103,USD,0.0143771000,0.0500000000,OnDemand,vCPU-Hours,,,,,,,,,,23742807739,,,,,,,,,,,,,,,
6v64lmdkmjd7zqgd4v6wqzlwmhleh6l5ssbdjogezfxjsoepapka,2026-04-19T21:00:00Z/2026-04-19T22:00:00Z,,"Amazon Web Services, Inc.",AWS,Anniversary,430155298731,2026-04-01T00:00:00Z,2026-05-01T00:00:00Z,430155298731,Usage,2026-04-19T21:00:00Z,2026-04-19T22:00:00Z,AmazonEC2,EUN1-CPUCredits:t3,T3CPUCredits,eu-north-1b,i-0e7a97edd820a1d28,0.0374540000,,,USD,0.0500000000,0.0018727000,0.0500000000,0.0018727000,$0.05 per vCPU-Hour of T3 CPU Credits,,"Amazon Web Services, Inc.",Amazon Elastic Compute Cloud,,,,,,,,,,,,,,,,,,,,T3,,General Purpose,,,,,,,EU (Stockholm),AWS Region,,,,,,,,,,Linux,T3CPUCredits,,,,,CPU Credits,,eu-north-1,eu-north-1,AmazonEC2,Amazon Elastic Compute Cloud,5C2EHUGDY6WHFMRW,,,,,,,,,EUN1-CPUCredits:t3,,,,,5C2EHUGDY6WHFMRW.JRTCKXETXF.6YS6EN2CT7,455785498103,USD,0.0018727000,0.0500000000,OnDemand,vCPU-Hours,,,,,,,,,,23742807739,,,,,,,,,,,,,,,
rlnim2ggx6xysxtvng55xs6keagazfv4hyoqbin6d6puwa4f3amq,2026-04-20T20:00:00Z/2026-04-20T21:00:00Z,,"Amazon Web Services, Inc.",AWS,Anniversary,430155298731,2026-04-01T00:00:00Z,2026-05-01T00:00:00Z,430155298731,Usage,2026-04-20T20:00:00Z,2026-04-20T21:00:00Z,AmazonEC2,CPUCredits:t3,T3CPUCredits,us-east-1d,i-0f0a8072e7526e7a0,0.5767790000,,,USD,0.0500000000,0.0288389500,0.0500000000,0.0288389500,$0.05 per vCPU-Hour of T3 CPU Credits,,"Amazon Web Services, Inc.",Amazon Elastic Compute Cloud,,,,,,,,,,,,,,,,,,,,T3,,General Purpose,,,,,,,US East (N. Virginia),AWS Region,,,,,,,,,,Linux,T3CPUCredits,,,,,CPU Credits,,us-east-1,us-east-1,AmazonEC2,Amazon Elastic Compute Cloud,DHXM9J4FT38HQAQ6,,,,,,,,,CPUCredits:t3,,,,,DHXM9J4FT38HQAQ6.JRTCKXETXF.6YS6EN2CT7,455785168707,USD,0.0288389500,0.0500000000,OnDemand,vCPU-Hours,,,,,,,,,,23742807739,,,,,,,,,,,,,,,
mfspa3uws274cylr7bu23wcbt6yxssf6p5oi4e5vyyfgcq6mqccq,2026-04-20T20:00:00Z/2026-04-20T21:00:00Z,,"Amazon Web Services, Inc.",AWS,Anniversary,430155298731,2026-04-01T00:00:00Z,2026-05-01T00:00:00Z,430155298731,Usage,2026-04-20T20:00:00Z,2026-04-20T21:00:00Z,AmazonEC2,EBS:VolumeUsage.gp3,CreateVolume-Gp3,,vol-0a04f4faa286fcdd9,0.0098086420,,,USD,0.0800000000,0.0007846914,0.0800000000,0.0007846914,$0.08 per GB-month of General Purpose (gp3) provisioned storage - US East (N. Virginia),,"Amazon Web Services, Inc.",Amazon Elastic Compute Cloud,,,,,,,,,,,,,,,,,,,,,,,,,,,,,US East (N. Virginia),AWS Region,,80000,2000 MiB/s,64 TiB,,,,,,,,,,,,Storage,,us-east-1,us-east-1,AmazonEC2,Amazon Elastic Compute Cloud,JG3KUJMBRGHV3N8G,,,SSD-backed,,,,,,EBS:VolumeUsage.gp3,,gp3,General Purpose,,JG3KUJMBRGHV3N8G.JRTCKXETXF.6YS6EN2CT7,455785304011,USD,0.0007846914,0.0800000000,OnDemand,GB-Mo,,,,,,,,,,23742807739,,,,,,,,,,,,,,,
jzmk54q4sz4lwfvjhqqc42qndl6hjxcfb4uxs5sqynod4rzmac7a,2026-04-21T08:00:00Z/2026-04-21T09:00:00Z,,"Amazon Web Services, Inc.",AWS,Anniversary,430155298731,2026-04-01T00:00:00Z,2026-05-01T00:00:00Z,430155298731,Usage,2026-04-21T08:00:00Z,2026-04-21T09:00:00Z,AmazonEC2,EBS:VolumeUsage.gp3,CreateVolume-Gp3,,vol-05567d4f7e5e45c81,0.0111111111,,,USD,0.0800000000,0.0008888889,0.0800000000,0.0008888889,$0.08 per GB-month of General Purpose (gp3) provisioned storage - US East (N. Virginia),,"Amazon Web Services, Inc.",Amazon Elastic Compute Cloud,,,,,,,,,,,,,,,,,,,,,,,,,,,,,US East (N. Virginia),AWS Region,,80000,2000 MiB/s,64 TiB,,,,,,,,,,,,Storage,,us-east-1,us-east-1,AmazonEC2,Amazon Elastic Compute Cloud,JG3KUJMBRGHV3N8G,,,SSD-backed,,,,,,EBS:VolumeUsage.gp3,,gp3,General Purpose,,JG3KUJMBRGHV3N8G.JRTCKXETXF.6YS6EN2CT7,455785304011,USD,0.0008888889,0.0800000000,OnDemand,GB-Mo,,,,,,,,,,23742807739,,,,,,,,,,,,,,,
jzmk54q4sz4lwfvjhqqc42qndl6hjxcfb4uxs5sqynod4rzmac7a,2026-04-21T09:00:00Z/2026-04-21T10:00:00Z,,"Amazon Web Services, Inc.",AWS,Anniversary,430155298731,2026-04-01T00:00:00Z,2026-05-01T00:00:00Z,430155298731,Usage,2026-04-21T09:00:00Z,2026-04-21T10:00:00Z,AmazonEC2,EBS:VolumeUsage.gp3,CreateVolume-Gp3,,vol-05567d4f7e5e45c81,0.0111111111,,,USD,0.0800000000,0.0008888889,0.0800000000,0.0008888889,$0.08 per GB-month of General Purpose (gp3) provisioned storage - US East (N. Virginia),,"Amazon Web Services, Inc.",Amazon Elastic Compute Cloud,,,,,,,,,,,,,,,,,,,,,,,,,,,,,US East (N. Virginia),AWS Region,,80000,2000 MiB/s,64 TiB,,,,,,,,,,,,Storage,,us-east-1,us-east-1,AmazonEC2,Amazon Elastic Compute Cloud,JG3KUJMBRGHV3N8G,,,SSD-backed,,,,,,EBS:VolumeUsage.gp3,,gp3,General Purpose,,JG3KUJMBRGHV3N8G.JRTCKXETXF.6YS6EN2CT7,455785304011,USD,0.0008888889,0.0800000000,OnDemand,GB-Mo,,,,,,,,,,23742807739,,,,,,,,,,,,,,,
jzmk54q4sz4lwfvjhqqc42qndl6hjxcfb4uxs5sqynod4rzmac7a,2026-04-21T10:00:00Z/2026-04-21T11:00:00Z,,"Amazon Web Services, Inc.",AWS,Anniversary,430155298731,2026-04-01T00:00:00Z,2026-05-01T00:00:00Z,430155298731,Usage,2026-04-21T10:00:00Z,2026-04-21T11:00:00Z,AmazonEC2,EBS:VolumeUsage.gp3,CreateVolume-Gp3,,vol-05567d4f7e5e45c81,0.0111111111,,,USD,0.0800000000,0.0008888889,0.0800000000,0.0008888889,$0.08 per GB-month of General Purpose (gp3) provisioned storage - US East (N. Virginia),,"Amazon Web Services, Inc.",Amazon Elastic Compute Cloud,,,,,,,,,,,,,,,,,,,,,,,,,,,,,US East (N. Virginia),AWS Region,,80000,2000 MiB/s,64 TiB,,,,,,,,,,,,Storage,,us-east-1,us-east-1,AmazonEC2,Amazon Elastic Compute Cloud,JG3KUJMBRGHV3N8G,,,SSD-backed,,,,,,EBS:VolumeUsage.gp3,,gp3,General Purpose,,JG3KUJMBRGHV3N8G.JRTCKXETXF.6YS6EN2CT7,455785304011,USD,0.0008888889,0.0800000000,OnDemand,GB-Mo,,,,,,,,,,23742807739,,,,,,,,,,,,,,,
jzmk54q4sz4lwfvjhqqc42qndl6hjxcfb4uxs5sqynod4rzmac7a,2026-04-21T11:00:00Z/2026-04-21T12:00:00Z,,"Amazon Web Services, Inc.",AWS,Anniversary,430155298731,2026-04-01T00:00:00Z,2026-05-01T00:00:00Z,430155298731,Usage,2026-04-21T11:00:00Z,2026-04-21T12:00:00Z,AmazonEC2,EBS:VolumeUsage.gp3,CreateVolume-Gp3,,vol-05567d4f7e5e45c81,0.0017746914,,,USD,0.0800000000,0.0001419753,0.0800000000,0.0001419753,$0.08 per GB-month of General Purpose (gp3) provisioned storage - US East (N. Virginia),,"Amazon Web Services, Inc.",Amazon Elastic Compute Cloud,,,,,,,,,,,,,,,,,,,,,,,,,,,,,US East (N. Virginia),AWS Region,,80000,2000 MiB/s,64 TiB,,,,,,,,,,,,Storage,,us-east-1,us-east-1,AmazonEC2,Amazon Elastic Compute Cloud,JG3KUJMBRGHV3N8G,,,SSD-backed,,,,,,EBS:VolumeUsage.gp3,,gp3,General Purpose,,JG3KUJMBRGHV3N8G.JRTCKXETXF.6YS6EN2CT7,455785304011,USD,0.0001419753,0.0800000000,OnDemand,GB-Mo,,,,,,,,,,23742807739,,,,,,,,,,,,,,,
cdss4zqomleinxifje6qxsjmlmjcdz3gvuxeme2377sbbjczgtda,2026-04-16T19:00:00Z/2026-04-16T20:00:00Z,,"Amazon Web Services, Inc.",AWS,Anniversary,430155298731,2026-04-01T00:00:00Z,2026-05-01T00:00:00Z,430155298731,Usage,2026-04-16T19:00:00Z,2026-04-16T20:00:00Z,AmazonEC2,EUN1-EBS:VolumeUsage.gp3,CreateVolume-Gp3,,vol-0ea711fe3426db758,0.0111111111,,,USD,0.0836000000,0.0009288889,0.0836000000,0.0009288889,$0.0836 per GB-month of General Purpose (gp3) provisioned storage - EU (Stockholm),,"Amazon Web Services, Inc.",Amazon Elastic Compute Cloud,,,,,,,,,,,,,,,,,,,,,,,,,,,,,EU (Stockholm),AWS Region,,80000,2000 MiB/s,64 TiB,,,,,,,,,,,,Storage,,eu-north-1,eu-north-1,AmazonEC2,Amazon Elastic Compute Cloud,H33YTQG3Y9XKNSF3,,,SSD-backed,,,,,,EUN1-EBS:VolumeUsage.gp3,,gp3,General Purpose,,H33YTQG3Y9XKNSF3.JRTCKXETXF.6YS6EN2CT7,455785616326,USD,0.0009288889,0.0836000000,OnDemand,GB-Mo,,,,,,,,,,23742807739,,,,,,,,,,,,,,,
cdss4zqomleinxifje6qxsjmlmjcdz3gvuxeme2377sbbjczgtda,2026-04-16T20:00:00Z/2026-04-16T21:00:00Z,,"Amazon Web Services, Inc.",AWS,Anniversary,430155298731,2026-04-01T00:00:00Z,2026-05-01T00:00:00Z,430155298731,Usage,2026-04-16T20:00:00Z,2026-04-16T21:00:00Z,AmazonEC2,EUN1-EBS:VolumeUsage.gp3,CreateVolume-Gp3,,vol-0ea711fe3426db758,0.0111111111,,,USD,0.0836000000,0.0009288889,0.0836000000,0.0009288889,$0.0836 per GB-month of General Purpose (gp3) provisioned storage - EU (Stockholm),,"Amazon Web Services, Inc.",Amazon Elastic Compute Cloud,,,,,,,,,,,,,,,,,,,,,,,,,,,,,EU (Stockholm),AWS Region,,80000,2000 MiB/s,64 TiB,,,,,,,,,,,,Storage,,eu-north-1,eu-north-1,AmazonEC2,Amazon Elastic Compute Cloud,H33YTQG3Y9XKNSF3,,,SSD-backed,,,,,,EUN1-EBS:VolumeUsage.gp3,,gp3,General Purpose,,H33YTQG3Y9XKNSF3.JRTCKXETXF.6YS6EN2CT7,455785616326,USD,0.0009288889,0.0836000000,OnDemand,GB-Mo,,,,,,,,,,23742807739,,,,,,,,,,,,,,,
a3gvwbjntgpcvohjyjvtpxmsnhkwf2uakp6wyhb2qxnoktt7q2la,2026-04-16T20:00:00Z/2026-04-16T21:00:00Z,,"Amazon Web Services, Inc.",AWS,Anniversary,430155298731,2026-04-01T00:00:00Z,2026-05-01T00:00:00Z,430155298731,Usage,2026-04-16T20:00:00Z,2026-04-16T21:00:00Z,AmazonEC2,EUN1-EBS:VolumeUsage.gp3,CreateVolume-Gp3,,vol-0f7ebc3b7259d5a8f,0.0002808642,,,USD,0.0836000000,0.0000234802,0.0836000000,0.0000234802,$0.0836 per GB-month of General Purpose (gp3) provisioned storage - EU (Stockholm),,"Amazon Web Services, Inc.",Amazon Elastic Compute Cloud,,,,,,,,,,,,,,,,,,,,,,,,,,,,,EU (Stockholm),AWS Region,,80000,2000 MiB/s,64 TiB,,,,,,,,,,,,Storage,,eu-north-1,eu-north-1,AmazonEC2,Amazon Elastic Compute Cloud,H33YTQG3Y9XKNSF3,,,SSD-backed,,,,,,EUN1-EBS:VolumeUsage.gp3,,gp3,General Purpose,,H33YTQG3Y9XKNSF3.JRTCKXETXF.6YS6EN2CT7,455785616326,USD,0.0000234802,0.0836000000,OnDemand,GB-Mo,,,,,,,,,,23742807739,,,,,,,,,,,,,,,
cdss4zqomleinxifje6qxsjmlmjcdz3gvuxeme2377sbbjczgtda,2026-04-16T21:00:00Z/2026-04-16T22:00:00Z,,"Amazon Web Services, Inc.",AWS,Anniversary,430155298731,2026-04-01T00:00:00Z,2026-05-01T00:00:00Z,430155298731,Usage,2026-04-16T21:00:00Z,2026-04-16T22:00:00Z,AmazonEC2,EUN1-EBS:VolumeUsage.gp3,CreateVolume-Gp3,,vol-0ea711fe3426db758,0.0027685185,,,USD,0.0836000000,0.0002314481,0.0836000000,0.0002314481,$0.0836 per GB-month of General Purpose (gp3) provisioned storage - EU (Stockholm),,"Amazon Web Services, Inc.",Amazon Elastic Compute Cloud,,,,,,,,,,,,,,,,,,,,,,,,,,,,,EU (Stockholm),AWS Region,,80000,2000 MiB/s,64 TiB,,,,,,,,,,,,Storage,,eu-north-1,eu-north-1,AmazonEC2,Amazon Elastic Compute Cloud,H33YTQG3Y9XKNSF3,,,SSD-backed,,,,,,EUN1-EBS:VolumeUsage.gp3,,gp3,General Purpose,,H33YTQG3Y9XKNSF3.JRTCKXETXF.6YS6EN2CT7,455785616326,USD,0.0002314481,0.0836000000,OnDemand,GB-Mo,,,,,,,,,,23742807739,,,,,,,,,,,,,,,
uudolewydovewgpac66fk45qf2ivwisf5oru5aytoba4w5uzvl7a,2026-04-19T21:00:00Z/2026-04-19T22:00:00Z,,"Amazon Web Services, Inc.",AWS,Anniversary,430155298731,2026-04-01T00:00:00Z,2026-05-01T00:00:00Z,430155298731,Usage,2026-04-19T21:00:00Z,2026-04-19T22:00:00Z,AmazonEC2,EUN1-EBS:VolumeUsage.gp3,CreateVolume-Gp3,,vol-08a6fe53ef6fea4fd,0.0106728395,,,USD,0.0836000000,0.0008922494,0.0836000000,0.0008922494,$0.0836 per GB-month of General Purpose (gp3) provisioned storage - EU (Stockholm),,"Amazon Web Services, Inc.",Amazon Elastic Compute Cloud,,,,,,,,,,,,,,,,,,,,,,,,,,,,,EU (Stockholm),AWS Region,,80000,2000 MiB/s,64 TiB,,,,,,,,,,,,Storage,,eu-north-1,eu-north-1,AmazonEC2,Amazon Elastic Compute Cloud,H33YTQG3Y9XKNSF3,,,SSD-backed,,,,,,EUN1-EBS:VolumeUsage.gp3,,gp3,General Purpose,,H33YTQG3Y9XKNSF3.JRTCKXETXF.6YS6EN2CT7,455785616326,USD,0.0008922494,0.0836000000,OnDemand,GB-Mo,,,,,,,,,,23742807739,,,,,,,,,,,,,,,
bdkaxnxwhup66rak62ip7mw3arx5jmvn5pdmylxa6mifzfzx2isq,2026-04-19T20:00:00Z/2026-04-19T21:00:00Z,,"Amazon Web Services, Inc.",AWS,Anniversary,430155298731,2026-04-01T00:00:00Z,2026-05-01T00:00:00Z,430155298731,Usage,2026-04-19T20:00:00Z,2026-04-19T21:00:00Z,AWSQueueService,Requests-RBP,List,,,1.0000000000,,,USD,0.0000000000,0.0000000000,0.0000000000,0.0000000000,"First 1,000,000 Amazon SQS Requests per month are free",,"Amazon Web Services, Inc.",Amazon Simple Queue Service,,,,,,,,,,,,,,,,,,SQS-APIRequest-Tier1,Amazon SQS Requests,,,,,,,,,,US East (N. Virginia),AWS Region,,,,,,At Least Once,Not Guaranteed,,,,,,,,,API Request,Standard,us-east-1,us-east-1,AWSQueueService,Amazon Simple Queue Service,8RN6B8U4MERHRXP3,,,,,,,,,Requests-RBP,,,,,8RN6B8U4MERHRXP3.A429C66SYZ.6YS6EN2CT7,231387327348,USD,0.0000004000,0.0000004000,,Requests,,,,,,,,,,23742807740,,,,,,,,,,,,,,,
bdkaxnxwhup66rak62ip7mw3arx5jmvn5pdmylxa6mifzfzx2isq,2026-04-21T15:00:00Z/2026-04-21T16:00:00Z,,"Amazon Web Services, Inc.",AWS,Anniversary,430155298731,2026-04-01T00:00:00Z,2026-05-01T00:00:00Z,430155298731,Usage,2026-04-21T15:00:00Z,2026-04-21T16:00:00Z,AWSQueueService,Requests-RBP,List,,,1.0000000000,,,USD,0.0000000000,0.0000000000,0.0000000000,0.0000000000,"First 1,000,000 Amazon SQS Requests per month are free",,"Amazon Web Services, Inc.",Amazon Simple Queue Service,,,,,,,,,,,,,,,,,,SQS-APIRequest-Tier1,Amazon SQS Requests,,,,,,,,,,US East (N. Virginia),AWS Region,,,,,,At Least Once,Not Guaranteed,,,,,,,,,API Request,Standard,us-east-1,us-east-1,AWSQueueService,Amazon Simple Queue Service,8RN6B8U4MERHRXP3,,,,,,,,,Requests-RBP,,,,,8RN6B8U4MERHRXP3.A429C66SYZ.6YS6EN2CT7,231387327348,USD,0.0000004000,0.0000004000,,Requests,,,,,,,,,,23742807740,,,,,,,,,,,,,,,
bdkaxnxwhup66rak62ip7mw3arx5jmvn5pdmylxa6mifzfzx2isq,2026-04-26T15:00:00Z/2026-04-26T16:00:00Z,,"Amazon Web Services, Inc.",AWS,Anniversary,430155298731,2026-04-01T00:00:00Z,2026-05-01T00:00:00Z,430155298731,Usage,2026-04-26T15:00:00Z,2026-04-26T16:00:00Z,AWSQueueService,Requests-RBP,List,,,1.0000000000,,,USD,0.0000000000,0.0000000000,0.0000000000,0.0000000000,"First 1,000,000 Amazon SQS Requests per month are free",,"Amazon Web Services, Inc.",Amazon Simple Queue Service,,,,,,,,,,,,,,,,,,SQS-APIRequest-Tier1,Amazon SQS Requests,,,,,,,,,,US East (N. Virginia),AWS Region,,,,,,At Least Once,Not Guaranteed,,,,,,,,,API Request,Standard,us-east-1,us-east-1,AWSQueueService,Amazon Simple Queue Service,8RN6B8U4MERHRXP3,,,,,,,,,Requests-RBP,,,,,8RN6B8U4MERHRXP3.A429C66SYZ.6YS6EN2CT7,231387327348,USD,0.0000004000,0.0000004000,,Requests,,,,,,,,,,23742807740,,,,,,,,,,,,,,,
iuux6cz3afq67htmur55qncissuhwkm3qxxm7k2mrbxrkai32ejq,2026-04-16T17:00:00Z/2026-04-16T18:00:00Z,,"Amazon Web Services, Inc.",AWS,Anniversary,430155298731,2026-04-01T00:00:00Z,2026-05-01T00:00:00Z,430155298731,Usage,2026-04-16T17:00:00Z,2026-04-16T18:00:00Z,AWSQueueService,EUN1-Requests-Tier1,List,,,1.0000000000,,,USD,0.0000000000,0.0000000000,0.0000000000,0.0000000000,USD 0.0 per Requests for Requests-Tier1 in EU (Stockholm),,"Amazon Web Services, Inc.",Amazon Simple Queue Service,,,,,,,,,,,,,,,,,,SQS-APIRequest-Tier1,Amazon SQS Requests,,,,,,,,,,EU (Stockholm),AWS Region,,,,,,At Least Once,Not Guaranteed,,,,,,,,,API Request,Standard,eu-north-1,eu-north-1,AWSQueueService,Amazon Simple Queue Service,Y8W4TKQWYZFDM9BG,,,,,,,,,EUN1-Requests-Tier1,,,,,Y8W4TKQWYZFDM9BG.A429C66SYZ.6YS6EN2CT7,231387327395,USD,0.0000004000,0.0000004000,,Requests,,,,,,,,,,23742807740,,,,,,,,,,,,,,,
iuux6cz3afq67htmur55qncissuhwkm3qxxm7k2mrbxrkai32ejq,2026-04-17T16:00:00Z/2026-04-17T17:00:00Z,,"Amazon Web Services, Inc.",AWS,Anniversary,430155298731,2026-04-01T00:00:00Z,2026-05-01T00:00:00Z,430155298731,Usage,2026-04-17T16:00:00Z,2026-04-17T17:00:00Z,AWSQueueService,EUN1-Requests-Tier1,List,,,1.0000000000,,,USD,0.0000000000,0.0000000000,0.0000000000,0.0000000000,USD 0.0 per Requests for Requests-Tier1 in EU (Stockholm),,"Amazon Web Services, Inc.",Amazon Simple Queue Service,,,,,,,,,,,,,,,,,,SQS-APIRequest-Tier1,Amazon SQS Requests,,,,,,,,,,EU (Stockholm),AWS Region,,,,,,At Least Once,Not Guaranteed,,,,,,,,,API Request,Standard,eu-north-1,eu-north-1,AWSQueueService,Amazon Simple Queue Service,Y8W4TKQWYZFDM9BG,,,,,,,,,EUN1-Requests-Tier1,,,,,Y8W4TKQWYZFDM9BG.A429C66SYZ.6YS6EN2CT7,231387327395,USD,0.0000004000,0.0000004000,,Requests,,,,,,,,,,23742807740,,,,,,,,,,,,,,,
iuux6cz3afq67htmur55qncissuhwkm3qxxm7k2mrbxrkai32ejq,2026-04-22T16:00:00Z/2026-04-22T17:00:00Z,,"Amazon Web Services, Inc.",AWS,Anniversary,430155298731,2026-04-01T00:00:00Z,2026-05-01T00:00:00Z,430155298731,Usage,2026-04-22T16:00:00Z,2026-04-22T17:00:00Z,AWSQueueService,EUN1-Requests-Tier1,List,,,1.0000000000,,,USD,0.0000000000,0.0000000000,0.0000000000,0.0000000000,USD 0.0 per Requests for Requests-Tier1 in EU (Stockholm),,"Amazon Web Services, Inc.",Amazon Simple Queue Service,,,,,,,,,,,,,,,,,,SQS-APIRequest-Tier1,Amazon SQS Requests,,,,,,,,,,EU (Stockholm),AWS Region,,,,,,At Least Once,Not Guaranteed,,,,,,,,,API Request,Standard,eu-north-1,eu-north-1,AWSQueueService,Amazon Simple Queue Service,Y8W4TKQWYZFDM9BG,,,,,,,,,EUN1-Requests-Tier1,,,,,Y8W4TKQWYZFDM9BG.A429C66SYZ.6YS6EN2CT7,231387327395,USD,0.0000004000,0.0000004000,,Requests,,,,,,,,,,23742807740,,,,,,,,,,,,,,,
nq25bd2bztsbwb3k5dso23xtazu7liutvv5lyf7w2yer336npmnq,2026-04-16T19:00:00Z/2026-04-16T23:00:00Z,,"Amazon Web Services, Inc.",AWS,Anniversary,430155298731,2026-04-01T00:00:00Z,2026-05-01T00:00:00Z,430155298731,Credit,2026-04-16T19:00:00Z,2026-04-16T23:00:00Z,AmazonVPC,EUN1-PublicIPv4:InUseAddress,,,,0.0000000000,,,USD,,-0.0112722200,,-0.0112722200,AWS Free Tier,,"Amazon Web Services, Inc.",Amazon Virtual Private Cloud,,,,,,,,,,,,,,,,,,VPCPublicIPv4Address,Hourly charge for In-use Public IPv4 Addresses,,,,,,,,,,EU (Stockholm),AWS Region,,,,,,,,,,,,,,,,,,eu-north-1,eu-north-1,AmazonVPC,Amazon Virtual Private Cloud,H24SU884XW7MB5WC,,,,,,,,,EUN1-PublicIPv4:InUseAddress,,,,,,455322459514,USD,0.0000000000,0.0050000000,OnDemand,Hrs,,,,,,,,,,23742807746,,,,,,,,,,,,,,,
nq25bd2bztsbwb3k5dso23xtazu7liutvv5lyf7w2yer336npmnq,2026-04-19T21:00:00Z/2026-04-19T23:00:00Z,,"Amazon Web Services, Inc.",AWS,Anniversary,430155298731,2026-04-01T00:00:00Z,2026-05-01T00:00:00Z,430155298731,Credit,2026-04-19T21:00:00Z,2026-04-19T23:00:00Z,AmazonVPC,EUN1-PublicIPv4:InUseAddress,,,,0.0000000000,,,USD,,-0.0047972200,,-0.0047972200,AWS Free Tier,,"Amazon Web Services, Inc.",Amazon Virtual Private Cloud,,,,,,,,,,,,,,,,,,VPCPublicIPv4Address,Hourly charge for In-use Public IPv4 Addresses,,,,,,,,,,EU (Stockholm),AWS Region,,,,,,,,,,,,,,,,,,eu-north-1,eu-north-1,AmazonVPC,Amazon Virtual Private Cloud,H24SU884XW7MB5WC,,,,,,,,,EUN1-PublicIPv4:InUseAddress,,,,,,455322459514,USD,0.0000000000,0.0050000000,OnDemand,Hrs,,,,,,,,,,23742807746,,,,,,,,,,,,,,,
5dua7yw6dtcvsiwovzhhbhuvssn3p7glu4bwcqkuaot4d5wkre7q,2026-04-20T20:00:00Z/2026-04-20T22:00:00Z,,"Amazon Web Services, Inc.",AWS,Anniversary,430155298731,2026-04-01T00:00:00Z,2026-05-01T00:00:00Z,430155298731,Credit,2026-04-20T20:00:00Z,2026-04-20T22:00:00Z,AmazonVPC,USE1-PublicIPv4:InUseAddress,,,,0.0000000000,,,USD,,-0.0044083300,,-0.0044083300,AWS Free Tier,,"Amazon Web Services, Inc.",Amazon Virtual Private Cloud,,,,,,,,,,,,,,,,,,VPCPublicIPv4Address,Hourly charge for In-use Public IPv4 Addresses,,,,,,,,,,US East (N. Virginia),AWS Region,,,,,,,,,,,,,,,,,,us-east-1,us-east-1,AmazonVPC,Amazon Virtual Private Cloud,4GQUNXTFWVSGPUZK,,,,,,,,,USE1-PublicIPv4:InUseAddress,,,,,,455322713025,USD,0.0000000000,0.0050000000,OnDemand,Hrs,,,,,,,,,,23742807746,,,,,,,,,,,,,,,
5dua7yw6dtcvsiwovzhhbhuvssn3p7glu4bwcqkuaot4d5wkre7q,2026-04-21T08:00:00Z/2026-04-21T12:00:00Z,,"Amazon Web Services, Inc.",AWS,Anniversary,430155298731,2026-04-01T00:00:00Z,2026-05-01T00:00:00Z,430155298731,Credit,2026-04-21T08:00:00Z,2026-04-21T12:00:00Z,AmazonVPC,USE1-PublicIPv4:InUseAddress,,,,0.0000000000,,,USD,,-0.0157944450,,-0.0157944450,AWS Free Tier,,"Amazon Web Services, Inc.",Amazon Virtual Private Cloud,,,,,,,,,,,,,,,,,,VPCPublicIPv4Address,Hourly charge for In-use Public IPv4 Addresses,,,,,,,,,,US East (N. Virginia),AWS Region,,,,,,,,,,,,,,,,,,us-east-1,us-east-1,AmazonVPC,Amazon Virtual Private Cloud,4GQUNXTFWVSGPUZK,,,,,,,,,USE1-PublicIPv4:InUseAddress,,,,,,455322713025,USD,0.0000000000,0.0050000000,OnDemand,Hrs,,,,,,,,,,23742807746,,,,,,,,,,,,,,,
don6ivmiyulvnchyegihiwqq5jbdwpi5c2ko7kgujyoiplsn7rpq,2026-04-16T19:00:00Z/2026-04-16T20:00:00Z,,"Amazon Web Services, Inc.",AWS,Anniversary,430155298731,2026-04-01T00:00:00Z,2026-05-01T00:00:00Z,430155298731,Usage,2026-04-16T19:00:00Z,2026-04-16T20:00:00Z,AmazonVPC,EUN1-PublicIPv4:InUseAddress,RunInstances,,arn:aws:ec2:eu-north-1:430155298731:network-interface/eni-0841fdd9b7354da19,0.1158330000,,,USD,0.0050000000,0.0005791650,0.0050000000,0.0005791650,$0.005 per In-use public IPv4 address per hour,,"Amazon Web Services, Inc.",Amazon Virtual Private Cloud,,,,,,,,,,,,,,,,,,VPCPublicIPv4Address,Hourly charge for In-use Public IPv4 Addresses,,,,,,,,,,EU (Stockholm),AWS Region,,,,,,,,,,,,,,,,,,eu-north-1,eu-north-1,AmazonVPC,Amazon Virtual Private Cloud,H24SU884XW7MB5WC,,,,,,,,,EUN1-PublicIPv4:InUseAddress,,,,,H24SU884XW7MB5WC.JRTCKXETXF.6YS6EN2CT7,455322459514,USD,0.0005791650,0.0050000000,OnDemand,Hrs,,,,,,,,,,23742807746,,,,,,,,,,,,,,,
don6ivmiyulvnchyegihiwqq5jbdwpi5c2ko7kgujyoiplsn7rpq,2026-04-16T20:00:00Z/2026-04-16T21:00:00Z,,"Amazon Web Services, Inc.",AWS,Anniversary,430155298731,2026-04-01T00:00:00Z,2026-05-01T00:00:00Z,430155298731,Usage,2026-04-16T20:00:00Z,2026-04-16T21:00:00Z,AmazonVPC,EUN1-PublicIPv4:InUseAddress,RunInstances,,arn:aws:ec2:eu-north-1:430155298731:network-interface/eni-0841fdd9b7354da19,1.0000000000,,,USD,0.0050000000,0.0050000000,0.0050000000,0.0050000000,$0.005 per In-use public IPv4 address per hour,,"Amazon Web Services, Inc.",Amazon Virtual Private Cloud,,,,,,,,,,,,,,,,,,VPCPublicIPv4Address,Hourly charge for In-use Public IPv4 Addresses,,,,,,,,,,EU (Stockholm),AWS Region,,,,,,,,,,,,,,,,,,eu-north-1,eu-north-1,AmazonVPC,Amazon Virtual Private Cloud,H24SU884XW7MB5WC,,,,,,,,,EUN1-PublicIPv4:InUseAddress,,,,,H24SU884XW7MB5WC.JRTCKXETXF.6YS6EN2CT7,455322459514,USD,0.0050000000,0.0050000000,OnDemand,Hrs,,,,,,,,,,23742807746,,,,,,,,,,,,,,,
7vkqequsgkwgek7qgbrk66rfj5yioqfcw3tg2zq2wamynyxtrdcq,2026-04-16T20:00:00Z/2026-04-16T21:00:00Z,,"Amazon Web Services, Inc.",AWS,Anniversary,430155298731,2026-04-01T00:00:00Z,2026-05-01T00:00:00Z,430155298731,Usage,2026-04-16T20:00:00Z,2026-04-16T21:00:00Z,AmazonVPC,EUN1-PublicIPv4:InUseAddress,RunInstances,,arn:aws:ec2:eu-north-1:430155298731:network-interface/eni-0e02adc568aca0022,0.0238890000,,,USD,0.0050000000,0.0001194450,0.0050000000,0.0001194450,$0.005 per In-use public IPv4 address per hour,,"Amazon Web Services, Inc.",Amazon Virtual Private Cloud,,,,,,,,,,,,,,,,,,VPCPublicIPv4Address,Hourly charge for In-use Public IPv4 Addresses,,,,,,,,,,EU (Stockholm),AWS Region,,,,,,,,,,,,,,,,,,eu-north-1,eu-north-1,AmazonVPC,Amazon Virtual Private Cloud,H24SU884XW7MB5WC,,,,,,,,,EUN1-PublicIPv4:InUseAddress,,,,,H24SU884XW7MB5WC.JRTCKXETXF.6YS6EN2CT7,455322459514,USD,0.0001194450,0.0050000000,OnDemand,Hrs,,,,,,,,,,23742807746,,,,,,,,,,,,,,,
don6ivmiyulvnchyegihiwqq5jbdwpi5c2ko7kgujyoiplsn7rpq,2026-04-16T21:00:00Z/2026-04-16T22:00:00Z,,"Amazon Web Services, Inc.",AWS,Anniversary,430155298731,2026-04-01T00:00:00Z,2026-05-01T00:00:00Z,430155298731,Usage,2026-04-16T21:00:00Z,2026-04-16T22:00:00Z,AmazonVPC,EUN1-PublicIPv4:InUseAddress,RunInstances,,arn:aws:ec2:eu-north-1:430155298731:network-interface/eni-0841fdd9b7354da19,1.0000000000,,,USD,0.0050000000,0.0050000000,0.0050000000,0.0050000000,$0.005 per In-use public IPv4 address per hour,,"Amazon Web Services, Inc.",Amazon Virtual Private Cloud,,,,,,,,,,,,,,,,,,VPCPublicIPv4Address,Hourly charge for In-use Public IPv4 Addresses,,,,,,,,,,EU (Stockholm),AWS Region,,,,,,,,,,,,,,,,,,eu-north-1,eu-north-1,AmazonVPC,Amazon Virtual Private Cloud,H24SU884XW7MB5WC,,,,,,,,,EUN1-PublicIPv4:InUseAddress,,,,,H24SU884XW7MB5WC.JRTCKXETXF.6YS6EN2CT7,455322459514,USD,0.0050000000,0.0050000000,OnDemand,Hrs,,,,,,,,,,23742807746,,,,,,,,,,,,,,,
don6ivmiyulvnchyegihiwqq5jbdwpi5c2ko7kgujyoiplsn7rpq,2026-04-16T22:00:00Z/2026-04-16T23:00:00Z,,"Amazon Web Services, Inc.",AWS,Anniversary,430155298731,2026-04-01T00:00:00Z,2026-05-01T00:00:00Z,430155298731,Usage,2026-04-16T22:00:00Z,2026-04-16T23:00:00Z,AmazonVPC,EUN1-PublicIPv4:InUseAddress,RunInstances,,arn:aws:ec2:eu-north-1:430155298731:network-interface/eni-0841fdd9b7354da19,0.1147220000,,,USD,0.0050000000,0.0005736100,0.0050000000,0.0005736100,$0.005 per In-use public IPv4 address per hour,,"Amazon Web Services, Inc.",Amazon Virtual Private Cloud,,,,,,,,,,,,,,,,,,VPCPublicIPv4Address,Hourly charge for In-use Public IPv4 Addresses,,,,,,,,,,EU (Stockholm),AWS Region,,,,,,,,,,,,,,,,,,eu-north-1,eu-north-1,AmazonVPC,Amazon Virtual Private Cloud,H24SU884XW7MB5WC,,,,,,,,,EUN1-PublicIPv4:InUseAddress,,,,,H24SU884XW7MB5WC.JRTCKXETXF.6YS6EN2CT7,455322459514,USD,0.0005736100,0.0050000000,OnDemand,Hrs,,,,,,,,,,23742807746,,,,,,,,,,,,,,,
rl6w7e5nlw76ltncpctyq7quy5nilbtc5glydn5kvgga5zcia34a,2026-04-19T21:00:00Z/2026-04-19T22:00:00Z,,"Amazon Web Services, Inc.",AWS,Anniversary,430155298731,2026-04-01T00:00:00Z,2026-05-01T00:00:00Z,430155298731,Usage,2026-04-19T21:00:00Z,2026-04-19T22:00:00Z,AmazonVPC,EUN1-PublicIPv4:InUseAddress,RunInstances,,arn:aws:ec2:eu-north-1:430155298731:network-interface/eni-0c871f090fece30c8,0.4050000000,,,USD,0.0050000000,0.0020250000,0.0050000000,0.0020250000,$0.005 per In-use public IPv4 address per hour,,"Amazon Web Services, Inc.",Amazon Virtual Private Cloud,,,,,,,,,,,,,,,,,,VPCPublicIPv4Address,Hourly charge for In-use Public IPv4 Addresses,,,,,,,,,,EU (Stockholm),AWS Region,,,,,,,,,,,,,,,,,,eu-north-1,eu-north-1,AmazonVPC,Amazon Virtual Private Cloud,H24SU884XW7MB5WC,,,,,,,,,EUN1-PublicIPv4:InUseAddress,,,,,H24SU884XW7MB5WC.JRTCKXETXF.6YS6EN2CT7,455322459514,USD,0.0020250000,0.0050000000,OnDemand,Hrs,,,,,,,,,,23742807746,,,,,,,,,,,,,,,
rl6w7e5nlw76ltncpctyq7quy5nilbtc5glydn5kvgga5zcia34a,2026-04-19T22:00:00Z/2026-04-19T23:00:00Z,,"Amazon Web Services, Inc.",AWS,Anniversary,430155298731,2026-04-01T00:00:00Z,2026-05-01T00:00:00Z,430155298731,Usage,2026-04-19T22:00:00Z,2026-04-19T23:00:00Z,AmazonVPC,EUN1-PublicIPv4:InUseAddress,RunInstances,,arn:aws:ec2:eu-north-1:430155298731:network-interface/eni-0c871f090fece30c8,0.5544440000,,,USD,0.0050000000,0.0027722200,0.0050000000,0.0027722200,$0.005 per In-use public IPv4 address per hour,,"Amazon Web Services, Inc.",Amazon Virtual Private Cloud,,,,,,,,,,,,,,,,,,VPCPublicIPv4Address,Hourly charge for In-use Public IPv4 Addresses,,,,,,,,,,EU (Stockholm),AWS Region,,,,,,,,,,,,,,,,,,eu-north-1,eu-north-1,AmazonVPC,Amazon Virtual Private Cloud,H24SU884XW7MB5WC,,,,,,,,,EUN1-PublicIPv4:InUseAddress,,,,,H24SU884XW7MB5WC.JRTCKXETXF.6YS6EN2CT7,455322459514,USD,0.0027722200,0.0050000000,OnDemand,Hrs,,,,,,,,,,23742807746,,,,,,,,,,,,,,,
fbsa3rrjrtdfm2nfgwix5hyi7qxvzccdwuzgaerg5kpb2p2mntna,2026-04-20T20:00:00Z/2026-04-20T21:00:00Z,,"Amazon Web Services, Inc.",AWS,Anniversary,430155298731,2026-04-01T00:00:00Z,2026-05-01T00:00:00Z,430155298731,Usage,2026-04-20T20:00:00Z,2026-04-20T21:00:00Z,AmazonVPC,USE1-PublicIPv4:InUseAddress,RunInstances,,arn:aws:ec2:us-east-1:430155298731:network-interface/eni-0d8a244845e2686bb,0.4633330000,,,USD,0.0050000000,0.0023166650,0.0050000000,0.0023166650,$0.005 per In-use public IPv4 address per hour,,"Amazon Web Services, Inc.",Amazon Virtual Private Cloud,,,,,,,,,,,,,,,,,,VPCPublicIPv4Address,Hourly charge for In-use Public IPv4 Addresses,,,,,,,,,,US East (N. Virginia),AWS Region,,,,,,,,,,,,,,,,,,us-east-1,us-east-1,AmazonVPC,Amazon Virtual Private Cloud,4GQUNXTFWVSGPUZK,,,,,,,,,USE1-PublicIPv4:InUseAddress,,,,,4GQUNXTFWVSGPUZK.JRTCKXETXF.6YS6EN2CT7,455322713025,USD,0.0023166650,0.0050000000,OnDemand,Hrs,,,,,,,,,,23742807746,,,,,,,,,,,,,,,
fbsa3rrjrtdfm2nfgwix5hyi7qxvzccdwuzgaerg5kpb2p2mntna,2026-04-20T21:00:00Z/2026-04-20T22:00:00Z,,"Amazon Web Services, Inc.",AWS,Anniversary,430155298731,2026-04-01T00:00:00Z,2026-05-01T00:00:00Z,430155298731,Usage,2026-04-20T21:00:00Z,2026-04-20T22:00:00Z,AmazonVPC,USE1-PublicIPv4:InUseAddress,RunInstances,,arn:aws:ec2:us-east-1:430155298731:network-interface/eni-0d8a244845e2686bb,0.4183330000,,,USD,0.0050000000,0.0020916650,0.0050000000,0.0020916650,$0.005 per In-use public IPv4 address per hour,,"Amazon Web Services, Inc.",Amazon Virtual Private Cloud,,,,,,,,,,,,,,,,,,VPCPublicIPv4Address,Hourly charge for In-use Public IPv4 Addresses,,,,,,,,,,US East (N. Virginia),AWS Region,,,,,,,,,,,,,,,,,,us-east-1,us-east-1,AmazonVPC,Amazon Virtual Private Cloud,4GQUNXTFWVSGPUZK,,,,,,,,,USE1-PublicIPv4:InUseAddress,,,,,4GQUNXTFWVSGPUZK.JRTCKXETXF.6YS6EN2CT7,455322713025,USD,0.0020916650,0.0050000000,OnDemand,Hrs,,,,,,,,,,23742807746,,,,,,,,,,,,,,,
72w6kklptrwqgafo4jj5rqgv5pzbcpfpgazaoasoedykqyhknqyq,2026-04-21T08:00:00Z/2026-04-21T09:00:00Z,,"Amazon Web Services, Inc.",AWS,Anniversary,430155298731,2026-04-01T00:00:00Z,2026-05-01T00:00:00Z,430155298731,Usage,2026-04-21T08:00:00Z,2026-04-21T09:00:00Z,AmazonVPC,USE1-PublicIPv4:InUseAddress,RunInstances,,arn:aws:ec2:us-east-1:430155298731:network-interface/eni-0ad445757628984f6,0.8391670000,,,USD,0.0050000000,0.0041958350,0.0050000000,0.0041958350,$0.005 per In-use public IPv4 address per hour,,"Amazon Web Services, Inc.",Amazon Virtual Private Cloud,,,,,,,,,,,,,,,,,,VPCPublicIPv4Address,Hourly charge for In-use Public IPv4 Addresses,,,,,,,,,,US East (N. Virginia),AWS Region,,,,,,,,,,,,,,,,,,us-east-1,us-east-1,AmazonVPC,Amazon Virtual Private Cloud,4GQUNXTFWVSGPUZK,,,,,,,,,USE1-PublicIPv4:InUseAddress,,,,,4GQUNXTFWVSGPUZK.JRTCKXETXF.6YS6EN2CT7,455322713025,USD,0.0041958350,0.0050000000,OnDemand,Hrs,,,,,,,,,,23742807746,,,,,,,,,,,,,,,
72w6kklptrwqgafo4jj5rqgv5pzbcpfpgazaoasoedykqyhknqyq,2026-04-21T09:00:00Z/2026-04-21T10:00:00Z,,"Amazon Web Services, Inc.",AWS,Anniversary,430155298731,2026-04-01T00:00:00Z,2026-05-01T00:00:00Z,430155298731,Usage,2026-04-21T09:00:00Z,2026-04-21T10:00:00Z,AmazonVPC,USE1-PublicIPv4:InUseAddress,RunInstances,,arn:aws:ec2:us-east-1:430155298731:network-interface/eni-0ad445757628984f6,1.0000000000,,,USD,0.0050000000,0.0050000000,0.0050000000,0.0050000000,$0.005 per In-use public IPv4 address per hour,,"Amazon Web Services, Inc.",Amazon Virtual Private Cloud,,,,,,,,,,,,,,,,,,VPCPublicIPv4Address,Hourly charge for In-use Public IPv4 Addresses,,,,,,,,,,US East (N. Virginia),AWS Region,,,,,,,,,,,,,,,,,,us-east-1,us-east-1,AmazonVPC,Amazon Virtual Private Cloud,4GQUNXTFWVSGPUZK,,,,,,,,,USE1-PublicIPv4:InUseAddress,,,,,4GQUNXTFWVSGPUZK.JRTCKXETXF.6YS6EN2CT7,455322713025,USD,0.0050000000,0.0050000000,OnDemand,Hrs,,,,,,,,,,23742807746,,,,,,,,,,,,,,,
72w6kklptrwqgafo4jj5rqgv5pzbcpfpgazaoasoedykqyhknqyq,2026-04-21T10:00:00Z/2026-04-21T11:00:00Z,,"Amazon Web Services, Inc.",AWS,Anniversary,430155298731,2026-04-01T00:00:00Z,2026-05-01T00:00:00Z,430155298731,Usage,2026-04-21T10:00:00Z,2026-04-21T11:00:00Z,AmazonVPC,USE1-PublicIPv4:InUseAddress,RunInstances,,arn:aws:ec2:us-east-1:430155298731:network-interface/eni-0ad445757628984f6,1.0000000000,,,USD,0.0050000000,0.0050000000,0.0050000000,0.0050000000,$0.005 per In-use public IPv4 address per hour,,"Amazon Web Services, Inc.",Amazon Virtual Private Cloud,,,,,,,,,,,,,,,,,,VPCPublicIPv4Address,Hourly charge for In-use Public IPv4 Addresses,,,,,,,,,,US East (N. Virginia),AWS Region,,,,,,,,,,,,,,,,,,us-east-1,us-east-1,AmazonVPC,Amazon Virtual Private Cloud,4GQUNXTFWVSGPUZK,,,,,,,,,USE1-PublicIPv4:InUseAddress,,,,,4GQUNXTFWVSGPUZK.JRTCKXETXF.6YS6EN2CT7,455322713025,USD,0.0050000000,0.0050000000,OnDemand,Hrs,,,,,,,,,,23742807746,,,,,,,,,,,,,,,
72w6kklptrwqgafo4jj5rqgv5pzbcpfpgazaoasoedykqyhknqyq,2026-04-21T11:00:00Z/2026-04-21T12:00:00Z,,"Amazon Web Services, Inc.",AWS,Anniversary,430155298731,2026-04-01T00:00:00Z,2026-05-01T00:00:00Z,430155298731,Usage,2026-04-21T11:00:00Z,2026-04-21T12:00:00Z,AmazonVPC,USE1-PublicIPv4:InUseAddress,RunInstances,,arn:aws:ec2:us-east-1:430155298731:network-interface/eni-0ad445757628984f6,0.3197220000,,,USD,0.0050000000,0.0015986100,0.0050000000,0.0015986100,$0.005 per In-use public IPv4 address per hour,,"Amazon Web Services, Inc.",Amazon Virtual Private Cloud,,,,,,,,,,,,,,,,,,VPCPublicIPv4Address,Hourly charge for In-use Public IPv4 Addresses,,,,,,,,,,US East (N. Virginia),AWS Region,,,,,,,,,,,,,,,,,,us-east-1,us-east-1,AmazonVPC,Amazon Virtual Private Cloud,4GQUNXTFWVSGPUZK,,,,,,,,,USE1-PublicIPv4:InUseAddress,,,,,4GQUNXTFWVSGPUZK.JRTCKXETXF.6YS6EN2CT7,455322713025,USD,0.0015986100,0.0050000000,OnDemand,Hrs,,,,,,,,,,23742807746,,,,,,,,,,,,,,,
55lawqhbnbnik4od2ckpu7e5owg5xh4mhu6t6vuwbmxvyecpvtjq,2026-04-16T16:00:00Z/2026-04-16T18:00:00Z,,"Amazon Web Services, Inc.",AWS,Anniversary,430155298731,2026-04-01T00:00:00Z,2026-05-01T00:00:00Z,430155298731,Credit,2026-04-16T16:00:00Z,2026-04-16T18:00:00Z,AWSDataTransfer,USE1-EUN1-AWS-Out-Bytes,,,,0.0000000000,,,USD,,-0.0000000152,,-0.0000000152,AWS Free Tier,,"Amazon Web Services, Inc.",AWS Data Transfer,,,,,,,,,,,,,,US East (N. Virginia),AWS Region,us-east-1,,,,,,,,,,,,,,,,,,,,,,,,,,,,,,Data Transfer,,us-east-1,,AWSDataTransfer,AWS Data Transfer,RCJZ7PSFBQHVM8R8,,,,,EU (Stockholm),AWS Region,eu-north-1,InterRegion Outbound,USE1-EUN1-AWS-Out-Bytes,,,,,,448848862633,USD,0.0000000000,0.0200000000,OnDemand,GB,,,,,,,,,,23742807748,,,,,,,,,,,,,,,
55lawqhbnbnik4od2ckpu7e5owg5xh4mhu6t6vuwbmxvyecpvtjq,2026-04-16T17:00:00Z/2026-04-16T18:00:00Z,,"Amazon Web Services, Inc.",AWS,Anniversary,430155298731,2026-04-01T00:00:00Z,2026-05-01T00:00:00Z,430155298731,Credit,2026-04-16T17:00:00Z,2026-04-16T18:00:00Z,AWSDataTransfer,USE1-EUN1-AWS-Out-Bytes,,,,0.0000000000,,,USD,,-0.0000000016,,-0.0000000016,AWS Free Tier,,"Amazon Web Services, Inc.",AWS Data Transfer,,,,,,,,,,,,,,US East (N. Virginia),AWS Region,us-east-1,,,,,,,,,,,,,,,,,,,,,,,,,,,,,,Data Transfer,,us-east-1,,AWSDataTransfer,AWS Data Transfer,RCJZ7PSFBQHVM8R8,,,,,EU (Stockholm),AWS Region,eu-north-1,InterRegion Outbound,USE1-EUN1-AWS-Out-Bytes,,,,,,448848862633,USD,0.0000000000,0.0200000000,OnDemand,GB,,,,,,,,,,23742807748,,,,,,,,,,,,,,,
55lawqhbnbnik4od2ckpu7e5owg5xh4mhu6t6vuwbmxvyecpvtjq,2026-04-17T07:00:00Z/2026-04-17T08:00:00Z,,"Amazon Web Services, Inc.",AWS,Anniversary,430155298731,2026-04-01T00:00:00Z,2026-05-01T00:00:00Z,430155298731,Credit,2026-04-17T07:00:00Z,2026-04-17T08:00:00Z,AWSDataTransfer,USE1-EUN1-AWS-Out-Bytes,,,,0.0000000000,,,USD,,-0.0000000016,,-0.0000000016,AWS Free Tier,,"Amazon Web Services, Inc.",AWS Data Transfer,,,,,,,,,,,,,,US East (N. Virginia),AWS Region,us-east-1,,,,,,,,,,,,,,,,,,,,,,,,,,,,,,Data Transfer,,us-east-1,,AWSDataTransfer,AWS Data Transfer,RCJZ7PSFBQHVM8R8,,,,,EU (Stockholm),AWS Region,eu-north-1,InterRegion Outbound,USE1-EUN1-AWS-Out-Bytes,,,,,,448848862633,USD,0.0000000000,0.0200000000,OnDemand,GB,,,,,,,,,,23742807748,,,,,,,,,,,,,,,
55lawqhbnbnik4od2ckpu7e5owg5xh4mhu6t6vuwbmxvyecpvtjq,2026-04-20T19:00:00Z/2026-04-20T20:00:00Z,,"Amazon Web Services, Inc.",AWS,Anniversary,430155298731,2026-04-01T00:00:00Z,2026-05-01T00:00:00Z,430155298731,Credit,2026-04-20T19:00:00Z,2026-04-20T20:00:00Z,AWSDataTransfer,USE1-EUN1-AWS-Out-Bytes,,,,0.0000000000,,,USD,,-0.0000000018,,-0.0000000018,AWS Free Tier,,"Amazon Web Services, Inc.",AWS Data Transfer,,,,,,,,,,,,,,US East (N. Virginia),AWS Region,us-east-1,,,,,,,,,,,,,,,,,,,,,,,,,,,,,,Data Transfer,,us-east-1,,AWSDataTransfer,AWS Data Transfer,RCJZ7PSFBQHVM8R8,,,,,EU (Stockholm),AWS Region,eu-north-1,InterRegion Outbound,USE1-EUN1-AWS-Out-Bytes,,,,,,448848862633,USD,0.0000000000,0.0200000000,OnDemand,GB,,,,,,,,,,23742807748,,,,,,,,,,,,,,,
55lawqhbnbnik4od2ckpu7e5owg5xh4mhu6t6vuwbmxvyecpvtjq,2026-04-21T00:00:00Z/2026-04-21T01:00:00Z,,"Amazon Web Services, Inc.",AWS,Anniversary,430155298731,2026-04-01T00:00:00Z,2026-05-01T00:00:00Z,430155298731,Credit,2026-04-21T00:00:00Z,2026-04-21T01:00:00Z,AWSDataTransfer,USE1-EUN1-AWS-Out-Bytes,,,,0.0000000000,,,USD,,-0.0000000044,,-0.0000000044,AWS Free Tier,,"Amazon Web Services, Inc.",AWS Data Transfer,,,,,,,,,,,,,,US East (N. Virginia),AWS Region,us-east-1,,,,,,,,,,,,,,,,,,,,,,,,,,,,,,Data Transfer,,us-east-1,,AWSDataTransfer,AWS Data Transfer,RCJZ7PSFBQHVM8R8,,,,,EU (Stockholm),AWS Region,eu-north-1,InterRegion Outbound,USE1-EUN1-AWS-Out-Bytes,,,,,,448848862633,USD,0.0000000000,0.0200000000,OnDemand,GB,,,,,,,,,,23742807748,,,,,,,,,,,,,,,
55lawqhbnbnik4od2ckpu7e5owg5xh4mhu6t6vuwbmxvyecpvtjq,2026-04-21T06:00:00Z/2026-04-21T07:00:00Z,,"Amazon Web Services, Inc.",AWS,Anniversary,430155298731,2026-04-01T00:00:00Z,2026-05-01T00:00:00Z,430155298731,Credit,2026-04-21T06:00:00Z,2026-04-21T07:00:00Z,AWSDataTransfer,USE1-EUN1-AWS-Out-Bytes,,,,0.0000000000,,,USD,,-0.0000000014,,-0.0000000014,AWS Free Tier,,"Amazon Web Services, Inc.",AWS Data Transfer,,,,,,,,,,,,,,US East (N. Virginia),AWS Region,us-east-1,,,,,,,,,,,,,,,,,,,,,,,,,,,,,,Data Transfer,,us-east-1,,AWSDataTransfer,AWS Data Transfer,RCJZ7PSFBQHVM8R8,,,,,EU (Stockholm),AWS Region,eu-north-1,InterRegion Outbound,USE1-EUN1-AWS-Out-Bytes,,,,,,448848862633,USD,0.0000000000,0.0200000000,OnDemand,GB,,,,,,,,,,23742807748,,,,,,,,,,,,,,,
55lawqhbnbnik4od2ckpu7e5owg5xh4mhu6t6vuwbmxvyecpvtjq,2026-04-22T07:00:00Z/2026-04-22T08:00:00Z,,"Amazon Web Services, Inc.",AWS,Anniversary,430155298731,2026-04-01T00:00:00Z,2026-05-01T00:00:00Z,430155298731,Credit,2026-04-22T07:00:00Z,2026-04-22T08:00:00Z,AWSDataTransfer,USE1-EUN1-AWS-Out-Bytes,,,,0.0000000000,,,USD,,-0.0000000016,,-0.0000000016,AWS Free Tier,,"Amazon Web Services, Inc.",AWS Data Transfer,,,,,,,,,,,,,,US East (N. Virginia),AWS Region,us-east-1,,,,,,,,,,,,,,,,,,,,,,,,,,,,,,Data Transfer,,us-east-1,,AWSDataTransfer,AWS Data Transfer,RCJZ7PSFBQHVM8R8,,,,,EU (Stockholm),AWS Region,eu-north-1,InterRegion Outbound,USE1-EUN1-AWS-Out-Bytes,,,,,,448848862633,USD,0.0000000000,0.0200000000,OnDemand,GB,,,,,,,,,,23742807748,,,,,,,,,,,,,,,
ybr4b2peopfe4xi7lpgtn6c2d5atlpwmcvacsxagayl7774vscaq,2026-04-16T19:00:00Z/2026-04-16T22:00:00Z,,"Amazon Web Services, Inc.",AWS,Anniversary,430155298731,2026-04-01T00:00:00Z,2026-05-01T00:00:00Z,430155298731,Credit,2026-04-16T19:00:00Z,2026-04-16T22:00:00Z,AWSDataTransfer,EUN1-EUW2-AWS-Out-Bytes,,,,0.0000000000,,,USD,,-0.0000002222,,-0.0000002222,AWS Free Tier,,"Amazon Web Services, Inc.",AWS Data Transfer,,,,,,,,,,,,,,EU (Stockholm),AWS Region,eu-north-1,,,,,,,,,,,,,,,,,,,,,,,,,,,,,,Data Transfer,,eu-north-1,,AWSDataTransfer,AWS Data Transfer,QHMUGUPEUNTEDZCV,,,,,EU (London),AWS Region,eu-west-2,InterRegion Outbound,EUN1-EUW2-AWS-Out-Bytes,,,,,,448848899321,USD,0.0000000000,0.0200000000,OnDemand,GB,,,,,,,,,,23742807748,,,,,,,,,,,,,,,
ybr4b2peopfe4xi7lpgtn6c2d5atlpwmcvacsxagayl7774vscaq,2026-04-19T21:00:00Z/2026-04-19T23:00:00Z,,"Amazon Web Services, Inc.",AWS,Anniversary,430155298731,2026-04-01T00:00:00Z,2026-05-01T00:00:00Z,430155298731,Credit,2026-04-19T21:00:00Z,2026-04-19T23:00:00Z,AWSDataTransfer,EUN1-EUW2-AWS-Out-Bytes,,,,0.0000000000,,,USD,,-0.0000001756,,-0.0000001756,AWS Free Tier,,"Amazon Web Services, Inc.",AWS Data Transfer,,,,,,,,,,,,,,EU (Stockholm),AWS Region,eu-north-1,,,,,,,,,,,,,,,,,,,,,,,,,,,,,,Data Transfer,,eu-north-1,,AWSDataTransfer,AWS Data Transfer,QHMUGUPEUNTEDZCV,,,,,EU (London),AWS Region,eu-west-2,InterRegion Outbound,EUN1-EUW2-AWS-Out-Bytes,,,,,,448848899321,USD,0.0000000000,0.0200000000,OnDemand,GB,,,,,,,,,,23742807748,,,,,,,,,,,,,,,
fhobxrpipzjagtfnom76saekdif6mentpihepiomkoo34al5hqlq,2026-04-20T20:00:00Z/2026-04-20T21:00:00Z,,"Amazon Web Services, Inc.",AWS,Anniversary,430155298731,2026-04-01T00:00:00Z,2026-05-01T00:00:00Z,430155298731,Usage,2026-04-20T20:00:00Z,2026-04-20T21:00:00Z,AmazonEC2,USE1-CloudFront-In-Bytes,RunInstances,,i-0f0a8072e7526e7a0,0.0124543356,,,USD,0.0000000000,0.0000000000,0.0000000000,0.0000000000,$0.00 per GB data transfer in to US East (Northern Virginia) from CloudFront,,"Amazon Web Services, Inc.",Amazon Elastic Compute Cloud,,,,,,,,,,,,,,US East (N. Virginia),AWS Region,us-east-1,,,,,,,,,,,,,,,,,,,,,,,,,,,,,,Data Transfer,,us-east-1,,AWSDataTransfer,AWS Data Transfer,RP3ZUBNA3QZ7JHU5,,,,,Amazon CloudFront,AWS Edge Location,,InterRegion Inbound,USE1-CloudFront-In-Bytes,,,,,RP3ZUBNA3QZ7JHU5.JRTCKXETXF.6YS6EN2CT7,448848895581,USD,0.0000000000,0.0000000000,OnDemand,GB,,,,,,,,,,23742807748,,,,,,,,,,,,,,,
2cxh3ogpqfj5ptlblxwah5gqlqraqcrbmwjszpdg4ugwy4gtpgnq,2026-04-20T20:00:00Z/2026-04-20T21:00:00Z,,"Amazon Web Services, Inc.",AWS,Anniversary,430155298731,2026-04-01T00:00:00Z,2026-05-01T00:00:00Z,430155298731,Usage,2026-04-20T20:00:00Z,2026-04-20T21:00:00Z,AmazonEC2,USE1-CloudFront-Out-Bytes,RunInstances,,i-0f0a8072e7526e7a0,0.0001103021,,,USD,0.0000000000,0.0000000000,0.0000000000,0.0000000000,$0.00 per GB data transfer out of US East (Northern Virginia) to CloudFront,,"Amazon Web Services, Inc.",Amazon Elastic Compute Cloud,,,,,,,,,,,,,,US East (N. Virginia),AWS Region,us-east-1,,,,,,,,,,,,,,,,,,,,,,,,,,,,,,Data Transfer,,us-east-1,,AWSDataTransfer,AWS Data Transfer,TZPJVS2GCV8M5FXM,,,,,Amazon CloudFront,AWS Edge Location,,InterRegion Outbound,USE1-CloudFront-Out-Bytes,,,,,TZPJVS2GCV8M5FXM.JRTCKXETXF.6YS6EN2CT7,448848889500,USD,0.0000000000,0.0000000000,OnDemand,GB,,,,,,,,,,23742807748,,,,,,,,,,,,,,,
rqd6wknecuuossubcilthxkioicckmbtpamuxnjww5mi7plsty3a,2026-04-20T20:00:00Z/2026-04-20T21:00:00Z,,"Amazon Web Services, Inc.",AWS,Anniversary,430155298731,2026-04-01T00:00:00Z,2026-05-01T00:00:00Z,430155298731,Usage,2026-04-20T20:00:00Z,2026-04-20T21:00:00Z,AmazonS3,DataTransfer-In-Bytes,CompleteMultipartUpload,,fincloud-data-123,0.0000032838,,,USD,0.0000000000,0.0000000000,0.0000000000,0.0000000000,$0.000 per GB - data transfer in per month,,"Amazon Web Services, Inc.",Amazon Simple Storage Service,,,,,,,,,,,,,,External,Other,,,,,,,,,,,,,,,,,,,,,,,,,,,,,,,Data Transfer,,us-east-1,,AWSDataTransfer,AWS Data Transfer,9MG5B7V4UUU2WPAV,,,,,US East (N. Virginia),AWS Region,us-east-1,AWS Inbound,DataTransfer-In-Bytes,,,,,9MG5B7V4UUU2WPAV.JRTCKXETXF.6YS6EN2CT7,448848861604,USD,0.0000000000,0.0000000000,OnDemand,GB,,,,,,,,,,23742807748,,,,,,,,,,,,,,,
ytgbqygpvpb7gakdypgjd2djoxjxk4wezf5cwyvfhvngbxxlvvba,2026-04-16T19:00:00Z/2026-04-16T20:00:00Z,,"Amazon Web Services, Inc.",AWS,Anniversary,430155298731,2026-04-01T00:00:00Z,2026-05-01T00:00:00Z,430155298731,Usage,2026-04-16T19:00:00Z,2026-04-16T20:00:00Z,AmazonS3,DataTransfer-In-Bytes,CreateBucket,,fincloud-s3-demo,0.0000001788,,,USD,0.0000000000,0.0000000000,0.0000000000,0.0000000000,$0.000 per GB - data transfer in per month,,"Amazon Web Services, Inc.",Amazon Simple Storage Service,,,,,,,,,,,,,,External,Other,,,,,,,,,,,,,,,,,,,,,,,,,,,,,,,Data Transfer,,us-east-1,,AWSDataTransfer,AWS Data Transfer,9MG5B7V4UUU2WPAV,,,,,US East (N. Virginia),AWS Region,us-east-1,AWS Inbound,DataTransfer-In-Bytes,,,,,9MG5B7V4UUU2WPAV.JRTCKXETXF.6YS6EN2CT7,448848861604,USD,0.0000000000,0.0000000000,OnDemand,GB,,,,,,,,,,23742807748,,,,,,,,,,,,,,,
j4hydv5j76qjlnwjpopsjuot2263i6owdymapmbiihnd2ttaffpq,2026-04-19T21:00:00Z/2026-04-19T22:00:00Z,,"Amazon Web Services, Inc.",AWS,Anniversary,430155298731,2026-04-01T00:00:00Z,2026-05-01T00:00:00Z,430155298731,Usage,2026-04-19T21:00:00Z,2026-04-19T22:00:00Z,AmazonS3,DataTransfer-In-Bytes,CreateBucket,,fincloud-data-xyz,0.0000001788,,,USD,0.0000000000,0.0000000000,0.0000000000,0.0000000000,$0.000 per GB - data transfer in per month,,"Amazon Web Services, Inc.",Amazon Simple Storage Service,,,,,,,,,,,,,,External,Other,,,,,,,,,,,,,,,,,,,,,,,,,,,,,,,Data Transfer,,us-east-1,,AWSDataTransfer,AWS Data Transfer,9MG5B7V4UUU2WPAV,,,,,US East (N. Virginia),AWS Region,us-east-1,AWS Inbound,DataTransfer-In-Bytes,,,,,9MG5B7V4UUU2WPAV.JRTCKXETXF.6YS6EN2CT7,448848861604,USD,0.0000000000,0.0000000000,OnDemand,GB,,,,,,,,,,23742807748,,,,,,,,,,,,,,,
cgc63jiouqymfovf2dymhd62s7vrv7ghtpijpdkwdfxckzhmccca,2026-04-20T20:00:00Z/2026-04-20T21:00:00Z,,"Amazon Web Services, Inc.",AWS,Anniversary,430155298731,2026-04-01T00:00:00Z,2026-05-01T00:00:00Z,430155298731,Usage,2026-04-20T20:00:00Z,2026-04-20T21:00:00Z,AmazonS3,DataTransfer-In-Bytes,PutObject,,fincloud-data-123,0.2677607900,,,USD,0.0000000000,0.0000000000,0.0000000000,0.0000000000,$0.000 per GB - data transfer in per month,,"Amazon Web Services, Inc.",Amazon Simple Storage Service,,,,,,,,,,,,,,External,Other,,,,,,,,,,,,,,,,,,,,,,,,,,,,,,,Data Transfer,,us-east-1,,AWSDataTransfer,AWS Data Transfer,9MG5B7V4UUU2WPAV,,,,,US East (N. Virginia),AWS Region,us-east-1,AWS Inbound,DataTransfer-In-Bytes,,,,,9MG5B7V4UUU2WPAV.JRTCKXETXF.6YS6EN2CT7,448848861604,USD,0.0000000000,0.0000000000,OnDemand,GB,,,,,,,,,,23742807748,,,,,,,,,,,,,,,
aokzm5yr2umajxl46wfrhouqw3sgdfdm3mlbs7k2tgv5qxykbtgq,2026-04-20T20:00:00Z/2026-04-20T21:00:00Z,,"Amazon Web Services, Inc.",AWS,Anniversary,430155298731,2026-04-01T00:00:00Z,2026-05-01T00:00:00Z,430155298731,Usage,2026-04-20T20:00:00Z,2026-04-20T21:00:00Z,AmazonEC2,DataTransfer-In-Bytes,RunInstances,,i-0f0a8072e7526e7a0,0.0000023022,,,USD,0.0000000000,0.0000000000,0.0000000000,0.0000000000,$0.000 per GB - data transfer in per month,,"Amazon Web Services, Inc.",Amazon Elastic Compute Cloud,,,,,,,,,,,,,,External,Other,,,,,,,,,,,,,,,,,,,,,,,,,,,,,,,Data Transfer,,us-east-1,,AWSDataTransfer,AWS Data Transfer,9MG5B7V4UUU2WPAV,,,,,US East (N. Virginia),AWS Region,us-east-1,AWS Inbound,DataTransfer-In-Bytes,,,,,9MG5B7V4UUU2WPAV.JRTCKXETXF.6YS6EN2CT7,448848861604,USD,0.0000000000,0.0000000000,OnDemand,GB,,,,,,,,,,23742807748,,,,,,,,,,,,,,,
cuef4h6zl72xrymc76xyq6fcycdrt7rg5v77xyf4hu4wllc5ecna,2026-04-20T20:00:00Z/2026-04-20T21:00:00Z,,"Amazon Web Services, Inc.",AWS,Anniversary,430155298731,2026-04-01T00:00:00Z,2026-05-01T00:00:00Z,430155298731,Usage,2026-04-20T20:00:00Z,2026-04-20T21:00:00Z,AmazonEC2,DataTransfer-In-Bytes,RunInstances,,i-0f0a8072e7526e7a0,0.0000020666,,,USD,0.0000000000,0.0000000000,0.0000000000,0.0000000000,$0.000 per GB - data transfer in per month,,"Amazon Web Services, Inc.",Amazon Elastic Compute Cloud,,,,,,,,,,,,,,External,Other,,,,,,,,,,,,,,,,,,,,,,,,,,,,,,,Data Transfer,,us-east-1,,AWSDataTransfer,AWS Data Transfer,9MG5B7V4UUU2WPAV,,,,,US East (N. Virginia),AWS Region,us-east-1,AWS Inbound,DataTransfer-In-Bytes,,,,,9MG5B7V4UUU2WPAV.JRTCKXETXF.6YS6EN2CT7,448848861604,USD,0.0000000000,0.0000000000,OnDemand,GB,,,,,,,,,,23742807748,,,,,,,,,,,,,,,
aokzm5yr2umajxl46wfrhouqw3sgdfdm3mlbs7k2tgv5qxykbtgq,2026-04-20T21:00:00Z/2026-04-20T22:00:00Z,,"Amazon Web Services, Inc.",AWS,Anniversary,430155298731,2026-04-01T00:00:00Z,2026-05-01T00:00:00Z,430155298731,Usage,2026-04-20T21:00:00Z,2026-04-20T22:00:00Z,AmazonEC2,DataTransfer-In-Bytes,RunInstances,,i-0f0a8072e7526e7a0,0.0000001118,,,USD,0.0000000000,0.0000000000,0.0000000000,0.0000000000,$0.000 per GB - data transfer in per month,,"Amazon Web Services, Inc.",Amazon Elastic Compute Cloud,,,,,,,,,,,,,,External,Other,,,,,,,,,,,,,,,,,,,,,,,,,,,,,,,Data Transfer,,us-east-1,,AWSDataTransfer,AWS Data Transfer,9MG5B7V4UUU2WPAV,,,,,US East (N. Virginia),AWS Region,us-east-1,AWS Inbound,DataTransfer-In-Bytes,,,,,9MG5B7V4UUU2WPAV.JRTCKXETXF.6YS6EN2CT7,448848861604,USD,0.0000000000,0.0000000000,OnDemand,GB,,,,,,,,,,23742807748,,,,,,,,,,,,,,,
7idick5keoaxgeubxqtdahhalaztnzl5o3hyj7wj7yhc5gfgk3tq,2026-04-21T08:00:00Z/2026-04-21T09:00:00Z,,"Amazon Web Services, Inc.",AWS,Anniversary,430155298731,2026-04-01T00:00:00Z,2026-05-01T00:00:00Z,430155298731,Usage,2026-04-21T08:00:00Z,2026-04-21T09:00:00Z,AmazonEC2,DataTransfer-In-Bytes,RunInstances,,i-05f8fe07033f60d40,0.0000019036,,,USD,0.0000000000,0.0000000000,0.0000000000,0.0000000000,$0.000 per GB - data transfer in per month,,"Amazon Web Services, Inc.",Amazon Elastic Compute Cloud,,,,,,,,,,,,,,External,Other,,,,,,,,,,,,,,,,,,,,,,,,,,,,,,,Data Transfer,,us-east-1,,AWSDataTransfer,AWS Data Transfer,9MG5B7V4UUU2WPAV,,,,,US East (N. Virginia),AWS Region,us-east-1,AWS Inbound,DataTransfer-In-Bytes,,,,,9MG5B7V4UUU2WPAV.JRTCKXETXF.6YS6EN2CT7,448848861604,USD,0.0000000000,0.0000000000,OnDemand,GB,,,,,,,,,,23742807748,,,,,,,,,,,,,,,
zocot3zow4dp2dof4qmlewtsybilb2kkpht7kney7zvrmpci5gva,2026-04-21T08:00:00Z/2026-04-21T09:00:00Z,,"Amazon Web Services, Inc.",AWS,Anniversary,430155298731,2026-04-01T00:00:00Z,2026-05-01T00:00:00Z,430155298731,Usage,2026-04-21T08:00:00Z,2026-04-21T09:00:00Z,AmazonEC2,DataTransfer-In-Bytes,RunInstances,,i-05f8fe07033f60d40,0.0000004582,,,USD,0.0000000000,0.0000000000,0.0000000000,0.0000000000,$0.000 per GB - data transfer in per month,,"Amazon Web Services, Inc.",Amazon Elastic Compute Cloud,,,,,,,,,,,,,,External,Other,,,,,,,,,,,,,,,,,,,,,,,,,,,,,,,Data Transfer,,us-east-1,,AWSDataTransfer,AWS Data Transfer,9MG5B7V4UUU2WPAV,,,,,US East (N. Virginia),AWS Region,us-east-1,AWS Inbound,DataTransfer-In-Bytes,,,,,9MG5B7V4UUU2WPAV.JRTCKXETXF.6YS6EN2CT7,448848861604,USD,0.0000000000,0.0000000000,OnDemand,GB,,,,,,,,,,23742807748,,,,,,,,,,,,,,,
zocot3zow4dp2dof4qmlewtsybilb2kkpht7kney7zvrmpci5gva,2026-04-21T09:00:00Z/2026-04-21T10:00:00Z,,"Amazon Web Services, Inc.",AWS,Anniversary,430155298731,2026-04-01T00:00:00Z,2026-05-01T00:00:00Z,430155298731,Usage,2026-04-21T09:00:00Z,2026-04-21T10:00:00Z,AmazonEC2,DataTransfer-In-Bytes,RunInstances,,i-05f8fe07033f60d40,0.0000003166,,,USD,0.0000000000,0.0000000000,0.0000000000,0.0000000000,$0.000 per GB - data transfer in per month,,"Amazon Web Services, Inc.",Amazon Elastic Compute Cloud,,,,,,,,,,,,,,External,Other,,,,,,,,,,,,,,,,,,,,,,,,,,,,,,,Data Transfer,,us-east-1,,AWSDataTransfer,AWS Data Transfer,9MG5B7V4UUU2WPAV,,,,,US East (N. Virginia),AWS Region,us-east-1,AWS Inbound,DataTransfer-In-Bytes,,,,,9MG5B7V4UUU2WPAV.JRTCKXETXF.6YS6EN2CT7,448848861604,USD,0.0000000000,0.0000000000,OnDemand,GB,,,,,,,,,,23742807748,,,,,,,,,,,,,,,
txjevuldb5egj46sc3sa6a4ersholyntrwqwwfna5oqtqvliyhga,2026-04-21T10:00:00Z/2026-04-21T11:00:00Z,,"Amazon Web Services, Inc.",AWS,Anniversary,430155298731,2026-04-01T00:00:00Z,2026-05-01T00:00:00Z,430155298731,Usage,2026-04-21T10:00:00Z,2026-04-21T11:00:00Z,AmazonEC2,DataTransfer-In-Bytes,RunInstances,,i-05f8fe07033f60d40,0.0000028424,,,USD,0.0000000000,0.0000000000,0.0000000000,0.0000000000,$0.000 per GB - data transfer in per month,,"Amazon Web Services, Inc.",Amazon Elastic Compute Cloud,,,,,,,,,,,,,,External,Other,,,,,,,,,,,,,,,,,,,,,,,,,,,,,,,Data Transfer,,us-east-1,,AWSDataTransfer,AWS Data Transfer,9MG5B7V4UUU2WPAV,,,,,US East (N. Virginia),AWS Region,us-east-1,AWS Inbound,DataTransfer-In-Bytes,,,,,9MG5B7V4UUU2WPAV.JRTCKXETXF.6YS6EN2CT7,448848861604,USD,0.0000000000,0.0000000000,OnDemand,GB,,,,,,,,,,23742807748,,,,,,,,,,,,,,,
zocot3zow4dp2dof4qmlewtsybilb2kkpht7kney7zvrmpci5gva,2026-04-21T10:00:00Z/2026-04-21T11:00:00Z,,"Amazon Web Services, Inc.",AWS,Anniversary,430155298731,2026-04-01T00:00:00Z,2026-05-01T00:00:00Z,430155298731,Usage,2026-04-21T10:00:00Z,2026-04-21T11:00:00Z,AmazonEC2,DataTransfer-In-Bytes,RunInstances,,i-05f8fe07033f60d40,0.0000001155,,,USD,0.0000000000,0.0000000000,0.0000000000,0.0000000000,$0.000 per GB - data transfer in per month,,"Amazon Web Services, Inc.",Amazon Elastic Compute Cloud,,,,,,,,,,,,,,External,Other,,,,,,,,,,,,,,,,,,,,,,,,,,,,,,,Data Transfer,,us-east-1,,AWSDataTransfer,AWS Data Transfer,9MG5B7V4UUU2WPAV,,,,,US East (N. Virginia),AWS Region,us-east-1,AWS Inbound,DataTransfer-In-Bytes,,,,,9MG5B7V4UUU2WPAV.JRTCKXETXF.6YS6EN2CT7,448848861604,USD,0.0000000000,0.0000000000,OnDemand,GB,,,,,,,,,,23742807748,,,,,,,,,,,,,,,
zocot3zow4dp2dof4qmlewtsybilb2kkpht7kney7zvrmpci5gva,2026-04-21T11:00:00Z/2026-04-21T12:00:00Z,,"Amazon Web Services, Inc.",AWS,Anniversary,430155298731,2026-04-01T00:00:00Z,2026-05-01T00:00:00Z,430155298731,Usage,2026-04-21T11:00:00Z,2026-04-21T12:00:00Z,AmazonEC2,DataTransfer-In-Bytes,RunInstances,,i-05f8fe07033f60d40,0.0000002272,,,USD,0.0000000000,0.0000000000,0.0000000000,0.0000000000,$0.000 per GB - data transfer in per month,,"Amazon Web Services, Inc.",Amazon Elastic Compute Cloud,,,,,,,,,,,,,,External,Other,,,,,,,,,,,,,,,,,,,,,,,,,,,,,,,Data Transfer,,us-east-1,,AWSDataTransfer,AWS Data Transfer,9MG5B7V4UUU2WPAV,,,,,US East (N. Virginia),AWS Region,us-east-1,AWS Inbound,DataTransfer-In-Bytes,,,,,9MG5B7V4UUU2WPAV.JRTCKXETXF.6YS6EN2CT7,448848861604,USD,0.0000000000,0.0000000000,OnDemand,GB,,,,,,,,,,23742807748,,,,,,,,,,,,,,,
j7yyvqvibjwvecfap55axyi3s7mx36bytyt36laops3bx3mu5dia,2026-04-20T20:00:00Z/2026-04-20T21:00:00Z,,"Amazon Web Services, Inc.",AWS,Anniversary,430155298731,2026-04-01T00:00:00Z,2026-05-01T00:00:00Z,430155298731,Usage,2026-04-20T20:00:00Z,2026-04-20T21:00:00Z,AmazonS3,DataTransfer-In-Bytes,UploadPart,,fincloud-data-123,0.2397890668,,,USD,0.0000000000,0.0000000000,0.0000000000,0.0000000000,$0.000 per GB - data transfer in per month,,"Amazon Web Services, Inc.",Amazon Simple Storage Service,,,,,,,,,,,,,,External,Other,,,,,,,,,,,,,,,,,,,,,,,,,,,,,,,Data Transfer,,us-east-1,,AWSDataTransfer,AWS Data Transfer,9MG5B7V4UUU2WPAV,,,,,US East (N. Virginia),AWS Region,us-east-1,AWS Inbound,DataTransfer-In-Bytes,,,,,9MG5B7V4UUU2WPAV.JRTCKXETXF.6YS6EN2CT7,448848861604,USD,0.0000000000,0.0000000000,OnDemand,GB,,,,,,,,,,23742807748,,,,,,,,,,,,,,,
72rbfguhujbmnh34bbaso64ruhppsxj33njwloqr3u33yv5y5kfq,2026-04-19T20:00:00Z/2026-04-19T21:00:00Z,,"Amazon Web Services, Inc.",AWS,Anniversary,430155298731,2026-04-01T00:00:00Z,2026-05-01T00:00:00Z,430155298731,Usage,2026-04-19T20:00:00Z,2026-04-19T21:00:00Z,AmazonS3,DataTransfer-In-Bytes,WriteBucketServerSideEncryption,,fincloud-cur-bucket-123,0.0000002971,,,USD,0.0000000000,0.0000000000,0.0000000000,0.0000000000,$0.000 per GB - data transfer in per month,,"Amazon Web Services, Inc.",Amazon Simple Storage Service,,,,,,,,,,,,,,External,Other,,,,,,,,,,,,,,,,,,,,,,,,,,,,,,,Data Transfer,,us-east-1,,AWSDataTransfer,AWS Data Transfer,9MG5B7V4UUU2WPAV,,,,,US East (N. Virginia),AWS Region,us-east-1,AWS Inbound,DataTransfer-In-Bytes,,,,,9MG5B7V4UUU2WPAV.JRTCKXETXF.6YS6EN2CT7,448848861604,USD,0.0000000000,0.0000000000,OnDemand,GB,,,,,,,,,,23742807748,,,,,,,,,,,,,,,
d73bqzcii5maaxumpop3n4m5kqggyfybwp65qqvwr7dmnm7avisq,2026-04-20T20:00:00Z/2026-04-20T21:00:00Z,,"Amazon Web Services, Inc.",AWS,Anniversary,430155298731,2026-04-01T00:00:00Z,2026-05-01T00:00:00Z,430155298731,Usage,2026-04-20T20:00:00Z,2026-04-20T21:00:00Z,AmazonS3,DataTransfer-In-Bytes,WriteBucketServerSideEncryption,,fincloud-data-123,0.0000002971,,,USD,0.0000000000,0.0000000000,0.0000000000,0.0000000000,$0.000 per GB - data transfer in per month,,"Amazon Web Services, Inc.",Amazon Simple Storage Service,,,,,,,,,,,,,,External,Other,,,,,,,,,,,,,,,,,,,,,,,,,,,,,,,Data Transfer,,us-east-1,,AWSDataTransfer,AWS Data Transfer,9MG5B7V4UUU2WPAV,,,,,US East (N. Virginia),AWS Region,us-east-1,AWS Inbound,DataTransfer-In-Bytes,,,,,9MG5B7V4UUU2WPAV.JRTCKXETXF.6YS6EN2CT7,448848861604,USD,0.0000000000,0.0000000000,OnDemand,GB,,,,,,,,,,23742807748,,,,,,,,,,,,,,,
z3wwgc6jbejgfd54vz7bo7pov6ngtalig7t63p66nez4hc4x6mba,2026-04-20T09:00:00Z/2026-04-20T10:00:00Z,,"Amazon Web Services, Inc.",AWS,Anniversary,430155298731,2026-04-01T00:00:00Z,2026-05-01T00:00:00Z,430155298731,Usage,2026-04-20T09:00:00Z,2026-04-20T10:00:00Z,AmazonS3,DataTransfer-In-Bytes,WriteVersioningProps,,fincloud-cur-bucket-123,0.0000001146,,,USD,0.0000000000,0.0000000000,0.0000000000,0.0000000000,$0.000 per GB - data transfer in per month,,"Amazon Web Services, Inc.",Amazon Simple Storage Service,,,,,,,,,,,,,,External,Other,,,,,,,,,,,,,,,,,,,,,,,,,,,,,,,Data Transfer,,us-east-1,,AWSDataTransfer,AWS Data Transfer,9MG5B7V4UUU2WPAV,,,,,US East (N. Virginia),AWS Region,us-east-1,AWS Inbound,DataTransfer-In-Bytes,,,,,9MG5B7V4UUU2WPAV.JRTCKXETXF.6YS6EN2CT7,448848861604,USD,0.0000000000,0.0000000000,OnDemand,GB,,,,,,,,,,23742807748,,,,,,,,,,,,,,,
aq4j5cz5vqpzqqicgn4dmb552jh7iqyb6yizgi3j22lajh2byypq,2026-04-20T20:00:00Z/2026-04-20T21:00:00Z,,"Amazon Web Services, Inc.",AWS,Anniversary,430155298731,2026-04-01T00:00:00Z,2026-05-01T00:00:00Z,430155298731,Usage,2026-04-20T20:00:00Z,2026-04-20T21:00:00Z,AmazonS3,DataTransfer-Out-Bytes,CompleteMultipartUpload,,fincloud-data-123,0.0000033379,,,USD,0.0000000000,0.0000000000,0.0000000000,0.0000000000,$0.000 per GB - data transfer out under the monthly global free tier,,"Amazon Web Services, Inc.",Amazon Simple Storage Service,,,,,,,,,,,,,,US East (N. Virginia),AWS Region,us-east-1,,,,,,,,,,,,,,,,,,,,,,,,,,,,,,Data Transfer,,us-east-1,,AWSDataTransfer,AWS Data Transfer,HQEH3ZWJVT46JHRG,,,,,External,Other,,AWS Outbound,DataTransfer-Out-Bytes,,,,,HQEH3ZWJVT46JHRG.A429C66SYZ.6YS6EN2CT7,448848351048,USD,0.0000003004,0.0900000000,,GB,,,,,,,,,,23742807748,,,,,,,,,,,,,,,
rdo26jtqne52a7e5rhvwx5cavuyx2cd4hugg3l5nphfeiuaih7na,2026-04-20T08:00:00Z/2026-04-20T09:00:00Z,,"Amazon Web Services, Inc.",AWS,Anniversary,430155298731,2026-04-01T00:00:00Z,2026-05-01T00:00:00Z,430155298731,Usage,2026-04-20T08:00:00Z,2026-04-20T09:00:00Z,AmazonS3,DataTransfer-Out-Bytes,GetObject,,fincloud-cur-bucket-123,0.0000191629,,,USD,0.0000000000,0.0000000000,0.0000000000,0.0000000000,$0.000 per GB - data transfer out under the monthly global free tier,,"Amazon Web Services, Inc.",Amazon Simple Storage Service,,,,,,,,,,,,,,US East (N. Virginia),AWS Region,us-east-1,,,,,,,,,,,,,,,,,,,,,,,,,,,,,,Data Transfer,,us-east-1,,AWSDataTransfer,AWS Data Transfer,HQEH3ZWJVT46JHRG,,,,,External,Other,,AWS Outbound,DataTransfer-Out-Bytes,,,,,HQEH3ZWJVT46JHRG.A429C66SYZ.6YS6EN2CT7,448848351048,USD,0.0000017247,0.0900000000,,GB,,,,,,,,,,23742807748,,,,,,,,,,,,,,,
rdo26jtqne52a7e5rhvwx5cavuyx2cd4hugg3l5nphfeiuaih7na,2026-04-20T20:00:00Z/2026-04-20T21:00:00Z,,"Amazon Web Services, Inc.",AWS,Anniversary,430155298731,2026-04-01T00:00:00Z,2026-05-01T00:00:00Z,430155298731,Usage,2026-04-20T20:00:00Z,2026-04-20T21:00:00Z,AmazonS3,DataTransfer-Out-Bytes,GetObject,,fincloud-cur-bucket-123,0.0000157161,,,USD,0.0000000000,0.0000000000,0.0000000000,0.0000000000,$0.000 per GB - data transfer out under the monthly global free tier,,"Amazon Web Services, Inc.",Amazon Simple Storage Service,,,,,,,,,,,,,,US East (N. Virginia),AWS Region,us-east-1,,,,,,,,,,,,,,,,,,,,,,,,,,,,,,Data Transfer,,us-east-1,,AWSDataTransfer,AWS Data Transfer,HQEH3ZWJVT46JHRG,,,,,External,Other,,AWS Outbound,DataTransfer-Out-Bytes,,,,,HQEH3ZWJVT46JHRG.A429C66SYZ.6YS6EN2CT7,448848351048,USD,0.0000014144,0.0900000000,,GB,,,,,,,,,,23742807748,,,,,,,,,,,,,,,
rdo26jtqne52a7e5rhvwx5cavuyx2cd4hugg3l5nphfeiuaih7na,2026-04-21T08:00:00Z/2026-04-21T09:00:00Z,,"Amazon Web Services, Inc.",AWS,Anniversary,430155298731,2026-04-01T00:00:00Z,2026-05-01T00:00:00Z,430155298731,Usage,2026-04-21T08:00:00Z,2026-04-21T09:00:00Z,AmazonS3,DataTransfer-Out-Bytes,GetObject,,fincloud-cur-bucket-123,0.0000405535,,,USD,0.0000000000,0.0000000000,0.0000000000,0.0000000000,$0.000 per GB - data transfer out under the monthly global free tier,,"Amazon Web Services, Inc.",Amazon Simple Storage Service,,,,,,,,,,,,,,US East (N. Virginia),AWS Region,us-east-1,,,,,,,,,,,,,,,,,,,,,,,,,,,,,,Data Transfer,,us-east-1,,AWSDataTransfer,AWS Data Transfer,HQEH3ZWJVT46JHRG,,,,,External,Other,,AWS Outbound,DataTransfer-Out-Bytes,,,,,HQEH3ZWJVT46JHRG.A429C66SYZ.6YS6EN2CT7,448848351048,USD,0.0000036498,0.0900000000,,GB,,,,,,,,,,23742807748,,,,,,,,,,,,,,,
rdo26jtqne52a7e5rhvwx5cavuyx2cd4hugg3l5nphfeiuaih7na,2026-04-21T12:00:00Z/2026-04-21T13:00:00Z,,"Amazon Web Services, Inc.",AWS,Anniversary,430155298731,2026-04-01T00:00:00Z,2026-05-01T00:00:00Z,430155298731,Usage,2026-04-21T12:00:00Z,2026-04-21T13:00:00Z,AmazonS3,DataTransfer-Out-Bytes,GetObject,,fincloud-cur-bucket-123,0.0000176942,,,USD,0.0000000000,0.0000000000,0.0000000000,0.0000000000,$0.000 per GB - data transfer out under the monthly global free tier,,"Amazon Web Services, Inc.",Amazon Simple Storage Service,,,,,,,,,,,,,,US East (N. Virginia),AWS Region,us-east-1,,,,,,,,,,,,,,,,,,,,,,,,,,,,,,Data Transfer,,us-east-1,,AWSDataTransfer,AWS Data Transfer,HQEH3ZWJVT46JHRG,,,,,External,Other,,AWS Outbound,DataTransfer-Out-Bytes,,,,,HQEH3ZWJVT46JHRG.A429C66SYZ.6YS6EN2CT7,448848351048,USD,0.0000015925,0.0900000000,,GB,,,,,,,,,,23742807748,,,,,,,,,,,,,,,
wfbb2z7i5yrzihyhzbx3fojefsqclbnnl553keeapvxagt6uekaa,2026-04-20T20:00:00Z/2026-04-20T21:00:00Z,,"Amazon Web Services, Inc.",AWS,Anniversary,430155298731,2026-04-01T00:00:00Z,2026-05-01T00:00:00Z,430155298731,Usage,2026-04-20T20:00:00Z,2026-04-20T21:00:00Z,AmazonS3,DataTransfer-Out-Bytes,InitiateMultipartUpload,,fincloud-data-123,0.0000036042,,,USD,0.0000000000,0.0000000000,0.0000000000,0.0000000000,$0.000 per GB - data transfer out under the monthly global free tier,,"Amazon Web Services, Inc.",Amazon Simple Storage Service,,,,,,,,,,,,,,US East (N. Virginia),AWS Region,us-east-1,,,,,,,,,,,,,,,,,,,,,,,,,,,,,,Data Transfer,,us-east-1,,AWSDataTransfer,AWS Data Transfer,HQEH3ZWJVT46JHRG,,,,,External,Other,,AWS Outbound,DataTransfer-Out-Bytes,,,,,HQEH3ZWJVT46JHRG.A429C66SYZ.6YS6EN2CT7,448848351048,USD,0.0000003244,0.0900000000,,GB,,,,,,,,,,23742807748,,,,,,,,,,,,,,,
b3cb662swwaw7tqckf55xghnduf4ab6bhch5dkqovlexcuclqctq,2026-04-16T22:00:00Z/2026-04-16T23:00:00Z,,"Amazon Web Services, Inc.",AWS,Anniversary,430155298731,2026-04-01T00:00:00Z,2026-05-01T00:00:00Z,430155298731,Usage,2026-04-16T22:00:00Z,2026-04-16T23:00:00Z,AmazonS3,DataTransfer-Out-Bytes,ListAccessPoints,,,0.0000000671,,,USD,0.0000000000,0.0000000000,0.0000000000,0.0000000000,$0.000 per GB - data transfer out under the monthly global free tier,,"Amazon Web Services, Inc.",Amazon Simple Storage Service,,,,,,,,,,,,,,US East (N. Virginia),AWS Region,us-east-1,,,,,,,,,,,,,,,,,,,,,,,,,,,,,,Data Transfer,,us-east-1,,AWSDataTransfer,AWS Data Transfer,HQEH3ZWJVT46JHRG,,,,,External,Other,,AWS Outbound,DataTransfer-Out-Bytes,,,,,HQEH3ZWJVT46JHRG.A429C66SYZ.6YS6EN2CT7,448848351048,USD,0.0000000060,0.0900000000,,GB,,,,,,,,,,23742807748,,,,,,,,,,,,,,,
b3cb662swwaw7tqckf55xghnduf4ab6bhch5dkqovlexcuclqctq,2026-04-19T22:00:00Z/2026-04-19T23:00:00Z,,"Amazon Web Services, Inc.",AWS,Anniversary,430155298731,2026-04-01T00:00:00Z,2026-05-01T00:00:00Z,430155298731,Usage,2026-04-19T22:00:00Z,2026-04-19T23:00:00Z,AmazonS3,DataTransfer-Out-Bytes,ListAccessPoints,,,0.0000000671,,,USD,0.0000000000,0.0000000000,0.0000000000,0.0000000000,$0.000 per GB - data transfer out under the monthly global free tier,,"Amazon Web Services, Inc.",Amazon Simple Storage Service,,,,,,,,,,,,,,US East (N. Virginia),AWS Region,us-east-1,,,,,,,,,,,,,,,,,,,,,,,,,,,,,,Data Transfer,,us-east-1,,AWSDataTransfer,AWS Data Transfer,HQEH3ZWJVT46JHRG,,,,,External,Other,,AWS Outbound,DataTransfer-Out-Bytes,,,,,HQEH3ZWJVT46JHRG.A429C66SYZ.6YS6EN2CT7,448848351048,USD,0.0000000060,0.0900000000,,GB,,,,,,,,,,23742807748,,,,,,,,,,,,,,,
b3cb662swwaw7tqckf55xghnduf4ab6bhch5dkqovlexcuclqctq,2026-04-20T21:00:00Z/2026-04-20T22:00:00Z,,"Amazon Web Services, Inc.",AWS,Anniversary,430155298731,2026-04-01T00:00:00Z,2026-05-01T00:00:00Z,430155298731,Usage,2026-04-20T21:00:00Z,2026-04-20T22:00:00Z,AmazonS3,DataTransfer-Out-Bytes,ListAccessPoints,,,0.0000001341,,,USD,0.0000000000,0.0000000000,0.0000000000,0.0000000000,$0.000 per GB - data transfer out under the monthly global free tier,,"Amazon Web Services, Inc.",Amazon Simple Storage Service,,,,,,,,,,,,,,US East (N. Virginia),AWS Region,us-east-1,,,,,,,,,,,,,,,,,,,,,,,,,,,,,,Data Transfer,,us-east-1,,AWSDataTransfer,AWS Data Transfer,HQEH3ZWJVT46JHRG,,,,,External,Other,,AWS Outbound,DataTransfer-Out-Bytes,,,,,HQEH3ZWJVT46JHRG.A429C66SYZ.6YS6EN2CT7,448848351048,USD,0.0000000121,0.0900000000,,GB,,,,,,,,,,23742807748,,,,,,,,,,,,,,,
22awo6a3pb74yuzr6kg2vr3w6gt6w4on4bjstk5c5fsesfi3ocza,2026-04-16T19:00:00Z/2026-04-16T20:00:00Z,,"Amazon Web Services, Inc.",AWS,Anniversary,430155298731,2026-04-01T00:00:00Z,2026-05-01T00:00:00Z,430155298731,Usage,2026-04-16T19:00:00Z,2026-04-16T20:00:00Z,AmazonS3,DataTransfer-Out-Bytes,ListAllMyBuckets,,,0.0000005849,,,USD,0.0000000000,0.0000000000,0.0000000000,0.0000000000,$0.000 per GB - data transfer out under the monthly global free tier,,"Amazon Web Services, Inc.",Amazon Simple Storage Service,,,,,,,,,,,,,,US East (N. Virginia),AWS Region,us-east-1,,,,,,,,,,,,,,,,,,,,,,,,,,,,,,Data Transfer,,us-east-1,,AWSDataTransfer,AWS Data Transfer,HQEH3ZWJVT46JHRG,,,,,External,Other,,AWS Outbound,DataTransfer-Out-Bytes,,,,,HQEH3ZWJVT46JHRG.A429C66SYZ.6YS6EN2CT7,448848351048,USD,0.0000000526,0.0900000000,,GB,,,,,,,,,,23742807748,,,,,,,,,,,,,,,
22awo6a3pb74yuzr6kg2vr3w6gt6w4on4bjstk5c5fsesfi3ocza,2026-04-16T22:00:00Z/2026-04-16T23:00:00Z,,"Amazon Web Services, Inc.",AWS,Anniversary,430155298731,2026-04-01T00:00:00Z,2026-05-01T00:00:00Z,430155298731,Usage,2026-04-16T22:00:00Z,2026-04-16T23:00:00Z,AmazonS3,DataTransfer-Out-Bytes,ListAllMyBuckets,,,0.0000008028,,,USD,0.0000000000,0.0000000000,0.0000000000,0.0000000000,$0.000 per GB - data transfer out under the monthly global free tier,,"Amazon Web Services, Inc.",Amazon Simple Storage Service,,,,,,,,,,,,,,US East (N. Virginia),AWS Region,us-east-1,,,,,,,,,,,,,,,,,,,,,,,,,,,,,,Data Transfer,,us-east-1,,AWSDataTransfer,AWS Data Transfer,HQEH3ZWJVT46JHRG,,,,,External,Other,,AWS Outbound,DataTransfer-Out-Bytes,,,,,HQEH3ZWJVT46JHRG.A429C66SYZ.6YS6EN2CT7,448848351048,USD,0.0000000723,0.0900000000,,GB,,,,,,,,,,23742807748,,,,,,,,,,,,,,,
22awo6a3pb74yuzr6kg2vr3w6gt6w4on4bjstk5c5fsesfi3ocza,2026-04-19T20:00:00Z/2026-04-19T21:00:00Z,,"Amazon Web Services, Inc.",AWS,Anniversary,430155298731,2026-04-01T00:00:00Z,2026-05-01T00:00:00Z,430155298731,Usage,2026-04-19T20:00:00Z,2026-04-19T21:00:00Z,AmazonS3,DataTransfer-Out-Bytes,ListAllMyBuckets,,,0.0000002179,,,USD,0.0000000000,0.0000000000,0.0000000000,0.0000000000,$0.000 per GB - data transfer out under the monthly global free tier,,"Amazon Web Services, Inc.",Amazon Simple Storage Service,,,,,,,,,,,,,,US East (N. Virginia),AWS Region,us-east-1,,,,,,,,,,,,,,,,,,,,,,,,,,,,,,Data Transfer,,us-east-1,,AWSDataTransfer,AWS Data Transfer,HQEH3ZWJVT46JHRG,,,,,External,Other,,AWS Outbound,DataTransfer-Out-Bytes,,,,,HQEH3ZWJVT46JHRG.A429C66SYZ.6YS6EN2CT7,448848351048,USD,0.0000000196,0.0900000000,,GB,,,,,,,,,,23742807748,,,,,,,,,,,,,,,
22awo6a3pb74yuzr6kg2vr3w6gt6w4on4bjstk5c5fsesfi3ocza,2026-04-19T21:00:00Z/2026-04-19T22:00:00Z,,"Amazon Web Services, Inc.",AWS,Anniversary,430155298731,2026-04-01T00:00:00Z,2026-05-01T00:00:00Z,430155298731,Usage,2026-04-19T21:00:00Z,2026-04-19T22:00:00Z,AmazonS3,DataTransfer-Out-Bytes,ListAllMyBuckets,,,0.0000009025,,,USD,0.0000000000,0.0000000000,0.0000000000,0.0000000000,$0.000 per GB - data transfer out under the monthly global free tier,,"Amazon Web Services, Inc.",Amazon Simple Storage Service,,,,,,,,,,,,,,US East (N. Virginia),AWS Region,us-east-1,,,,,,,,,,,,,,,,,,,,,,,,,,,,,,Data Transfer,,us-east-1,,AWSDataTransfer,AWS Data Transfer,HQEH3ZWJVT46JHRG,,,,,External,Other,,AWS Outbound,DataTransfer-Out-Bytes,,,,,HQEH3ZWJVT46JHRG.A429C66SYZ.6YS6EN2CT7,448848351048,USD,0.0000000812,0.0900000000,,GB,,,,,,,,,,23742807748,,,,,,,,,,,,,,,
22awo6a3pb74yuzr6kg2vr3w6gt6w4on4bjstk5c5fsesfi3ocza,2026-04-19T22:00:00Z/2026-04-19T23:00:00Z,,"Amazon Web Services, Inc.",AWS,Anniversary,430155298731,2026-04-01T00:00:00Z,2026-05-01T00:00:00Z,430155298731,Usage,2026-04-19T22:00:00Z,2026-04-19T23:00:00Z,AmazonS3,DataTransfer-Out-Bytes,ListAllMyBuckets,,,0.0000021849,,,USD,0.0000000000,0.0000000000,0.0000000000,0.0000000000,$0.000 per GB - data transfer out under the monthly global free tier,,"Amazon Web Services, Inc.",Amazon Simple Storage Service,,,,,,,,,,,,,,US East (N. Virginia),AWS Region,us-east-1,,,,,,,,,,,,,,,,,,,,,,,,,,,,,,Data Transfer,,us-east-1,,AWSDataTransfer,AWS Data Transfer,HQEH3ZWJVT46JHRG,,,,,External,Other,,AWS Outbound,DataTransfer-Out-Bytes,,,,,HQEH3ZWJVT46JHRG.A429C66SYZ.6YS6EN2CT7,448848351048,USD,0.0000001966,0.0900000000,,GB,,,,,,,,,,23742807748,,,,,,,,,,,,,,,
22awo6a3pb74yuzr6kg2vr3w6gt6w4on4bjstk5c5fsesfi3ocza,2026-04-20T08:00:00Z/2026-04-20T09:00:00Z,,"Amazon Web Services, Inc.",AWS,Anniversary,430155298731,2026-04-01T00:00:00Z,2026-05-01T00:00:00Z,430155298731,Usage,2026-04-20T08:00:00Z,2026-04-20T09:00:00Z,AmazonS3,DataTransfer-Out-Bytes,ListAllMyBuckets,,,0.0000007600,,,USD,0.0000000000,0.0000000000,0.0000000000,0.0000000000,$0.000 per GB - data transfer out under the monthly global free tier,,"Amazon Web Services, Inc.",Amazon Simple Storage Service,,,,,,,,,,,,,,US East (N. Virginia),AWS Region,us-east-1,,,,,,,,,,,,,,,,,,,,,,,,,,,,,,Data Transfer,,us-east-1,,AWSDataTransfer,AWS Data Transfer,HQEH3ZWJVT46JHRG,,,,,External,Other,,AWS Outbound,DataTransfer-Out-Bytes,,,,,HQEH3ZWJVT46JHRG.A429C66SYZ.6YS6EN2CT7,448848351048,USD,0.0000000684,0.0900000000,,GB,,,,,,,,,,23742807748,,,,,,,,,,,,,,,
22awo6a3pb74yuzr6kg2vr3w6gt6w4on4bjstk5c5fsesfi3ocza,2026-04-20T20:00:00Z/2026-04-20T21:00:00Z,,"Amazon Web Services, Inc.",AWS,Anniversary,430155298731,2026-04-01T00:00:00Z,2026-05-01T00:00:00Z,430155298731,Usage,2026-04-20T20:00:00Z,2026-04-20T21:00:00Z,AmazonS3,DataTransfer-Out-Bytes,ListAllMyBuckets,,,0.0000021849,,,USD,0.0000000000,0.0000000000,0.0000000000,0.0000000000,$0.000 per GB - data transfer out under the monthly global free tier,,"Amazon Web Services, Inc.",Amazon Simple Storage Service,,,,,,,,,,,,,,US East (N. Virginia),AWS Region,us-east-1,,,,,,,,,,,,,,,,,,,,,,,,,,,,,,Data Transfer,,us-east-1,,AWSDataTransfer,AWS Data Transfer,HQEH3ZWJVT46JHRG,,,,,External,Other,,AWS Outbound,DataTransfer-Out-Bytes,,,,,HQEH3ZWJVT46JHRG.A429C66SYZ.6YS6EN2CT7,448848351048,USD,0.0000001966,0.0900000000,,GB,,,,,,,,,,23742807748,,,,,,,,,,,,,,,
22awo6a3pb74yuzr6kg2vr3w6gt6w4on4bjstk5c5fsesfi3ocza,2026-04-20T21:00:00Z/2026-04-20T22:00:00Z,,"Amazon Web Services, Inc.",AWS,Anniversary,430155298731,2026-04-01T00:00:00Z,2026-05-01T00:00:00Z,430155298731,Usage,2026-04-20T21:00:00Z,2026-04-20T22:00:00Z,AmazonS3,DataTransfer-Out-Bytes,ListAllMyBuckets,,,0.0000012824,,,USD,0.0000000000,0.0000000000,0.0000000000,0.0000000000,$0.000 per GB - data transfer out under the monthly global free tier,,"Amazon Web Services, Inc.",Amazon Simple Storage Service,,,,,,,,,,,,,,US East (N. Virginia),AWS Region,us-east-1,,,,,,,,,,,,,,,,,,,,,,,,,,,,,,Data Transfer,,us-east-1,,AWSDataTransfer,AWS Data Transfer,HQEH3ZWJVT46JHRG,,,,,External,Other,,AWS Outbound,DataTransfer-Out-Bytes,,,,,HQEH3ZWJVT46JHRG.A429C66SYZ.6YS6EN2CT7,448848351048,USD,0.0000001154,0.0900000000,,GB,,,,,,,,,,23742807748,,,,,,,,,,,,,,,
22awo6a3pb74yuzr6kg2vr3w6gt6w4on4bjstk5c5fsesfi3ocza,2026-04-21T08:00:00Z/2026-04-21T09:00:00Z,,"Amazon Web Services, Inc.",AWS,Anniversary,430155298731,2026-04-01T00:00:00Z,2026-05-01T00:00:00Z,430155298731,Usage,2026-04-21T08:00:00Z,2026-04-21T09:00:00Z,AmazonS3,DataTransfer-Out-Bytes,ListAllMyBuckets,,,0.0000007600,,,USD,0.0000000000,0.0000000000,0.0000000000,0.0000000000,$0.000 per GB - data transfer out under the monthly global free tier,,"Amazon Web Services, Inc.",Amazon Simple Storage Service,,,,,,,,,,,,,,US East (N. Virginia),AWS Region,us-east-1,,,,,,,,,,,,,,,,,,,,,,,,,,,,,,Data Transfer,,us-east-1,,AWSDataTransfer,AWS Data Transfer,HQEH3ZWJVT46JHRG,,,,,External,Other,,AWS Outbound,DataTransfer-Out-Bytes,,,,,HQEH3ZWJVT46JHRG.A429C66SYZ.6YS6EN2CT7,448848351048,USD,0.0000000684,0.0900000000,,GB,,,,,,,,,,23742807748,,,,,,,,,,,,,,,
22awo6a3pb74yuzr6kg2vr3w6gt6w4on4bjstk5c5fsesfi3ocza,2026-04-21T11:00:00Z/2026-04-21T12:00:00Z,,"Amazon Web Services, Inc.",AWS,Anniversary,430155298731,2026-04-01T00:00:00Z,2026-05-01T00:00:00Z,430155298731,Usage,2026-04-21T11:00:00Z,2026-04-21T12:00:00Z,AmazonS3,DataTransfer-Out-Bytes,ListAllMyBuckets,,,0.0000003800,,,USD,0.0000000000,0.0000000000,0.0000000000,0.0000000000,$0.000 per GB - data transfer out under the monthly global free tier,,"Amazon Web Services, Inc.",Amazon Simple Storage Service,,,,,,,,,,,,,,US East (N. Virginia),AWS Region,us-east-1,,,,,,,,,,,,,,,,,,,,,,,,,,,,,,Data Transfer,,us-east-1,,AWSDataTransfer,AWS Data Transfer,HQEH3ZWJVT46JHRG,,,,,External,Other,,AWS Outbound,DataTransfer-Out-Bytes,,,,,HQEH3ZWJVT46JHRG.A429C66SYZ.6YS6EN2CT7,448848351048,USD,0.0000000342,0.0900000000,,GB,,,,,,,,,,23742807748,,,,,,,,,,,,,,,
22awo6a3pb74yuzr6kg2vr3w6gt6w4on4bjstk5c5fsesfi3ocza,2026-04-21T12:00:00Z/2026-04-21T13:00:00Z,,"Amazon Web Services, Inc.",AWS,Anniversary,430155298731,2026-04-01T00:00:00Z,2026-05-01T00:00:00Z,430155298731,Usage,2026-04-21T12:00:00Z,2026-04-21T13:00:00Z,AmazonS3,DataTransfer-Out-Bytes,ListAllMyBuckets,,,0.0000088047,,,USD,0.0000000000,0.0000000000,0.0000000000,0.0000000000,$0.000 per GB - data transfer out under the monthly global free tier,,"Amazon Web Services, Inc.",Amazon Simple Storage Service,,,,,,,,,,,,,,US East (N. Virginia),AWS Region,us-east-1,,,,,,,,,,,,,,,,,,,,,,,,,,,,,,Data Transfer,,us-east-1,,AWSDataTransfer,AWS Data Transfer,HQEH3ZWJVT46JHRG,,,,,External,Other,,AWS Outbound,DataTransfer-Out-Bytes,,,,,HQEH3ZWJVT46JHRG.A429C66SYZ.6YS6EN2CT7,448848351048,USD,0.0000007924,0.0900000000,,GB,,,,,,,,,,23742807748,,,,,,,,,,,,,,,
42ycnh6lwdeilbnfmkb72wqzie4wdqguxwo5clnptld5o4ampiea,2026-04-19T20:00:00Z/2026-04-19T21:00:00Z,,"Amazon Web Services, Inc.",AWS,Anniversary,430155298731,2026-04-01T00:00:00Z,2026-05-01T00:00:00Z,430155298731,Usage,2026-04-19T20:00:00Z,2026-04-19T21:00:00Z,AmazonS3,DataTransfer-Out-Bytes,ListBucket,,fincloud-cur-bucket-123,0.0000002878,,,USD,0.0000000000,0.0000000000,0.0000000000,0.0000000000,$0.000 per GB - data transfer out under the monthly global free tier,,"Amazon Web Services, Inc.",Amazon Simple Storage Service,,,,,,,,,,,,,,US East (N. Virginia),AWS Region,us-east-1,,,,,,,,,,,,,,,,,,,,,,,,,,,,,,Data Transfer,,us-east-1,,AWSDataTransfer,AWS Data Transfer,HQEH3ZWJVT46JHRG,,,,,External,Other,,AWS Outbound,DataTransfer-Out-Bytes,,,,,HQEH3ZWJVT46JHRG.A429C66SYZ.6YS6EN2CT7,448848351048,USD,0.0000000259,0.0900000000,,GB,,,,,,,,,,23742807748,,,,,,,,,,,,,,,
42ycnh6lwdeilbnfmkb72wqzie4wdqguxwo5clnptld5o4ampiea,2026-04-19T22:00:00Z/2026-04-19T23:00:00Z,,"Amazon Web Services, Inc.",AWS,Anniversary,430155298731,2026-04-01T00:00:00Z,2026-05-01T00:00:00Z,430155298731,Usage,2026-04-19T22:00:00Z,2026-04-19T23:00:00Z,AmazonS3,DataTransfer-Out-Bytes,ListBucket,,fincloud-cur-bucket-123,0.0000006640,,,USD,0.0000000000,0.0000000000,0.0000000000,0.0000000000,$0.000 per GB - data transfer out under the monthly global free tier,,"Amazon Web Services, Inc.",Amazon Simple Storage Service,,,,,,,,,,,,,,US East (N. Virginia),AWS Region,us-east-1,,,,,,,,,,,,,,,,,,,,,,,,,,,,,,Data Transfer,,us-east-1,,AWSDataTransfer,AWS Data Transfer,HQEH3ZWJVT46JHRG,,,,,External,Other,,AWS Outbound,DataTransfer-Out-Bytes,,,,,HQEH3ZWJVT46JHRG.A429C66SYZ.6YS6EN2CT7,448848351048,USD,0.0000000598,0.0900000000,,GB,,,,,,,,,,23742807748,,,,,,,,,,,,,,,
42ycnh6lwdeilbnfmkb72wqzie4wdqguxwo5clnptld5o4ampiea,2026-04-20T08:00:00Z/2026-04-20T09:00:00Z,,"Amazon Web Services, Inc.",AWS,Anniversary,430155298731,2026-04-01T00:00:00Z,2026-05-01T00:00:00Z,430155298731,Usage,2026-04-20T08:00:00Z,2026-04-20T09:00:00Z,AmazonS3,DataTransfer-Out-Bytes,ListBucket,,fincloud-cur-bucket-123,0.0000180434,,,USD,0.0000000000,0.0000000000,0.0000000000,0.0000000000,$0.000 per GB - data transfer out under the monthly global free tier,,"Amazon Web Services, Inc.",Amazon Simple Storage Service,,,,,,,,,,,,,,US East (N. Virginia),AWS Region,us-east-1,,,,,,,,,,,,,,,,,,,,,,,,,,,,,,Data Transfer,,us-east-1,,AWSDataTransfer,AWS Data Transfer,HQEH3ZWJVT46JHRG,,,,,External,Other,,AWS Outbound,DataTransfer-Out-Bytes,,,,,HQEH3ZWJVT46JHRG.A429C66SYZ.6YS6EN2CT7,448848351048,USD,0.0000016239,0.0900000000,,GB,,,,,,,,,,23742807748,,,,,,,,,,,,,,,
42ycnh6lwdeilbnfmkb72wqzie4wdqguxwo5clnptld5o4ampiea,2026-04-20T20:00:00Z/2026-04-20T21:00:00Z,,"Amazon Web Services, Inc.",AWS,Anniversary,430155298731,2026-04-01T00:00:00Z,2026-05-01T00:00:00Z,430155298731,Usage,2026-04-20T20:00:00Z,2026-04-20T21:00:00Z,AmazonS3,DataTransfer-Out-Bytes,ListBucket,,fincloud-cur-bucket-123,0.0000127191,,,USD,0.0000000000,0.0000000000,0.0000000000,0.0000000000,$0.000 per GB - data transfer out under the monthly global free tier,,"Amazon Web Services, Inc.",Amazon Simple Storage Service,,,,,,,,,,,,,,US East (N. Virginia),AWS Region,us-east-1,,,,,,,,,,,,,,,,,,,,,,,,,,,,,,Data Transfer,,us-east-1,,AWSDataTransfer,AWS Data Transfer,HQEH3ZWJVT46JHRG,,,,,External,Other,,AWS Outbound,DataTransfer-Out-Bytes,,,,,HQEH3ZWJVT46JHRG.A429C66SYZ.6YS6EN2CT7,448848351048,USD,0.0000011447,0.0900000000,,GB,,,,,,,,,,23742807748,,,,,,,,,,,,,,,
ieb5pow52cky75aszxyp6ggznub6ovus3xm6gysr5yunc6pagc5q,2026-04-20T20:00:00Z/2026-04-20T21:00:00Z,,"Amazon Web Services, Inc.",AWS,Anniversary,430155298731,2026-04-01T00:00:00Z,2026-05-01T00:00:00Z,430155298731,Usage,2026-04-20T20:00:00Z,2026-04-20T21:00:00Z,AmazonS3,DataTransfer-Out-Bytes,ListBucket,,fincloud-data-123,0.0000396743,,,USD,0.0000000000,0.0000000000,0.0000000000,0.0000000000,$0.000 per GB - data transfer out under the monthly global free tier,,"Amazon Web Services, Inc.",Amazon Simple Storage Service,,,,,,,,,,,,,,US East (N. Virginia),AWS Region,us-east-1,,,,,,,,,,,,,,,,,,,,,,,,,,,,,,Data Transfer,,us-east-1,,AWSDataTransfer,AWS Data Transfer,HQEH3ZWJVT46JHRG,,,,,External,Other,,AWS Outbound,DataTransfer-Out-Bytes,,,,,HQEH3ZWJVT46JHRG.A429C66SYZ.6YS6EN2CT7,448848351048,USD,0.0000035707,0.0900000000,,GB,,,,,,,,,,23742807748,,,,,,,,,,,,,,,
42ycnh6lwdeilbnfmkb72wqzie4wdqguxwo5clnptld5o4ampiea,2026-04-21T08:00:00Z/2026-04-21T09:00:00Z,,"Amazon Web Services, Inc.",AWS,Anniversary,430155298731,2026-04-01T00:00:00Z,2026-05-01T00:00:00Z,430155298731,Usage,2026-04-21T08:00:00Z,2026-04-21T09:00:00Z,AmazonS3,DataTransfer-Out-Bytes,ListBucket,,fincloud-cur-bucket-123,0.0000096671,,,USD,0.0000000000,0.0000000000,0.0000000000,0.0000000000,$0.000 per GB - data transfer out under the monthly global free tier,,"Amazon Web Services, Inc.",Amazon Simple Storage Service,,,,,,,,,,,,,,US East (N. Virginia),AWS Region,us-east-1,,,,,,,,,,,,,,,,,,,,,,,,,,,,,,Data Transfer,,us-east-1,,AWSDataTransfer,AWS Data Transfer,HQEH3ZWJVT46JHRG,,,,,External,Other,,AWS Outbound,DataTransfer-Out-Bytes,,,,,HQEH3ZWJVT46JHRG.A429C66SYZ.6YS6EN2CT7,448848351048,USD,0.0000008700,0.0900000000,,GB,,,,,,,,,,23742807748,,,,,,,,,,,,,,,
42ycnh6lwdeilbnfmkb72wqzie4wdqguxwo5clnptld5o4ampiea,2026-04-21T11:00:00Z/2026-04-21T12:00:00Z,,"Amazon Web Services, Inc.",AWS,Anniversary,430155298731,2026-04-01T00:00:00Z,2026-05-01T00:00:00Z,430155298731,Usage,2026-04-21T11:00:00Z,2026-04-21T12:00:00Z,AmazonS3,DataTransfer-Out-Bytes,ListBucket,,fincloud-cur-bucket-123,0.0000088708,,,USD,0.0000000000,0.0000000000,0.0000000000,0.0000000000,$0.000 per GB - data transfer out under the monthly global free tier,,"Amazon Web Services, Inc.",Amazon Simple Storage Service,,,,,,,,,,,,,,US East (N. Virginia),AWS Region,us-east-1,,,,,,,,,,,,,,,,,,,,,,,,,,,,,,Data Transfer,,us-east-1,,AWSDataTransfer,AWS Data Transfer,HQEH3ZWJVT46JHRG,,,,,External,Other,,AWS Outbound,DataTransfer-Out-Bytes,,,,,HQEH3ZWJVT46JHRG.A429C66SYZ.6YS6EN2CT7,448848351048,USD,0.0000007984,0.0900000000,,GB,,,,,,,,,,23742807748,,,,,,,,,,,,,,,
42ycnh6lwdeilbnfmkb72wqzie4wdqguxwo5clnptld5o4ampiea,2026-04-21T12:00:00Z/2026-04-21T13:00:00Z,,"Amazon Web Services, Inc.",AWS,Anniversary,430155298731,2026-04-01T00:00:00Z,2026-05-01T00:00:00Z,430155298731,Usage,2026-04-21T12:00:00Z,2026-04-21T13:00:00Z,AmazonS3,DataTransfer-Out-Bytes,ListBucket,,fincloud-cur-bucket-123,0.0000307327,,,USD,0.0000000000,0.0000000000,0.0000000000,0.0000000000,$0.000 per GB - data transfer out under the monthly global free tier,,"Amazon Web Services, Inc.",Amazon Simple Storage Service,,,,,,,,,,,,,,US East (N. Virginia),AWS Region,us-east-1,,,,,,,,,,,,,,,,,,,,,,,,,,,,,,Data Transfer,,us-east-1,,AWSDataTransfer,AWS Data Transfer,HQEH3ZWJVT46JHRG,,,,,External,Other,,AWS Outbound,DataTransfer-Out-Bytes,,,,,HQEH3ZWJVT46JHRG.A429C66SYZ.6YS6EN2CT7,448848351048,USD,0.0000027659,0.0900000000,,GB,,,,,,,,,,23742807748,,,,,,,,,,,,,,,
mj7x3p7viwpgjz67r6jc3wsurk436yp5mkytzfeffwzlrxlfylya,2026-04-16T19:00:00Z/2026-04-16T20:00:00Z,,"Amazon Web Services, Inc.",AWS,Anniversary,430155298731,2026-04-01T00:00:00Z,2026-05-01T00:00:00Z,430155298731,Usage,2026-04-16T19:00:00Z,2026-04-16T20:00:00Z,AmazonS3,DataTransfer-Out-Bytes,ListBucketTags,,,0.0000001481,,,USD,0.0000000000,0.0000000000,0.0000000000,0.0000000000,$0.000 per GB - data transfer out under the monthly global free tier,,"Amazon Web Services, Inc.",Amazon Simple Storage Service,,,,,,,,,,,,,,US East (N. Virginia),AWS Region,us-east-1,,,,,,,,,,,,,,,,,,,,,,,,,,,,,,Data Transfer,,us-east-1,,AWSDataTransfer,AWS Data Transfer,HQEH3ZWJVT46JHRG,,,,,External,Other,,AWS Outbound,DataTransfer-Out-Bytes,,,,,HQEH3ZWJVT46JHRG.A429C66SYZ.6YS6EN2CT7,448848351048,USD,0.0000000133,0.0900000000,,GB,,,,,,,,,,23742807748,,,,,,,,,,,,,,,
mj7x3p7viwpgjz67r6jc3wsurk436yp5mkytzfeffwzlrxlfylya,2026-04-19T20:00:00Z/2026-04-19T21:00:00Z,,"Amazon Web Services, Inc.",AWS,Anniversary,430155298731,2026-04-01T00:00:00Z,2026-05-01T00:00:00Z,430155298731,Usage,2026-04-19T20:00:00Z,2026-04-19T21:00:00Z,AmazonS3,DataTransfer-Out-Bytes,ListBucketTags,,,0.0000001481,,,USD,0.0000000000,0.0000000000,0.0000000000,0.0000000000,$0.000 per GB - data transfer out under the monthly global free tier,,"Amazon Web Services, Inc.",Amazon Simple Storage Service,,,,,,,,,,,,,,US East (N. Virginia),AWS Region,us-east-1,,,,,,,,,,,,,,,,,,,,,,,,,,,,,,Data Transfer,,us-east-1,,AWSDataTransfer,AWS Data Transfer,HQEH3ZWJVT46JHRG,,,,,External,Other,,AWS Outbound,DataTransfer-Out-Bytes,,,,,HQEH3ZWJVT46JHRG.A429C66SYZ.6YS6EN2CT7,448848351048,USD,0.0000000133,0.0900000000,,GB,,,,,,,,,,23742807748,,,,,,,,,,,,,,,
mj7x3p7viwpgjz67r6jc3wsurk436yp5mkytzfeffwzlrxlfylya,2026-04-19T21:00:00Z/2026-04-19T22:00:00Z,,"Amazon Web Services, Inc.",AWS,Anniversary,430155298731,2026-04-01T00:00:00Z,2026-05-01T00:00:00Z,430155298731,Usage,2026-04-19T21:00:00Z,2026-04-19T22:00:00Z,AmazonS3,DataTransfer-Out-Bytes,ListBucketTags,,,0.0000001481,,,USD,0.0000000000,0.0000000000,0.0000000000,0.0000000000,$0.000 per GB - data transfer out under the monthly global free tier,,"Amazon Web Services, Inc.",Amazon Simple Storage Service,,,,,,,,,,,,,,US East (N. Virginia),AWS Region,us-east-1,,,,,,,,,,,,,,,,,,,,,,,,,,,,,,Data Transfer,,us-east-1,,AWSDataTransfer,AWS Data Transfer,HQEH3ZWJVT46JHRG,,,,,External,Other,,AWS Outbound,DataTransfer-Out-Bytes,,,,,HQEH3ZWJVT46JHRG.A429C66SYZ.6YS6EN2CT7,448848351048,USD,0.0000000133,0.0900000000,,GB,,,,,,,,,,23742807748,,,,,,,,,,,,,,,
mj7x3p7viwpgjz67r6jc3wsurk436yp5mkytzfeffwzlrxlfylya,2026-04-20T20:00:00Z/2026-04-20T21:00:00Z,,"Amazon Web Services, Inc.",AWS,Anniversary,430155298731,2026-04-01T00:00:00Z,2026-05-01T00:00:00Z,430155298731,Usage,2026-04-20T20:00:00Z,2026-04-20T21:00:00Z,AmazonS3,DataTransfer-Out-Bytes,ListBucketTags,,,0.0000001481,,,USD,0.0000000000,0.0000000000,0.0000000000,0.0000000000,$0.000 per GB - data transfer out under the monthly global free tier,,"Amazon Web Services, Inc.",Amazon Simple Storage Service,,,,,,,,,,,,,,US East (N. Virginia),AWS Region,us-east-1,,,,,,,,,,,,,,,,,,,,,,,,,,,,,,Data Transfer,,us-east-1,,AWSDataTransfer,AWS Data Transfer,HQEH3ZWJVT46JHRG,,,,,External,Other,,AWS Outbound,DataTransfer-Out-Bytes,,,,,HQEH3ZWJVT46JHRG.A429C66SYZ.6YS6EN2CT7,448848351048,USD,0.0000000133,0.0900000000,,GB,,,,,,,,,,23742807748,,,,,,,,,,,,,,,
z7it5tlowbwf3jun5xrmz7n7odnmlmd2yw25hr2bc3rbmbealgwa,2026-04-20T21:00:00Z/2026-04-20T22:00:00Z,,"Amazon Web Services, Inc.",AWS,Anniversary,430155298731,2026-04-01T00:00:00Z,2026-05-01T00:00:00Z,430155298731,Usage,2026-04-20T21:00:00Z,2026-04-20T22:00:00Z,AmazonS3,DataTransfer-Out-Bytes,ListBucketVersions,,fincloud-data-123,0.0000462439,,,USD,0.0000000000,0.0000000000,0.0000000000,0.0000000000,$0.000 per GB - data transfer out under the monthly global free tier,,"Amazon Web Services, Inc.",Amazon Simple Storage Service,,,,,,,,,,,,,,US East (N. Virginia),AWS Region,us-east-1,,,,,,,,,,,,,,,,,,,,,,,,,,,,,,Data Transfer,,us-east-1,,AWSDataTransfer,AWS Data Transfer,HQEH3ZWJVT46JHRG,,,,,External,Other,,AWS Outbound,DataTransfer-Out-Bytes,,,,,HQEH3ZWJVT46JHRG.A429C66SYZ.6YS6EN2CT7,448848351048,USD,0.0000041620,0.0900000000,,GB,,,,,,,,,,23742807748,,,,,,,,,,,,,,,
abtyl7ssmknr2hul3ykb3xxzuk3hkoyndpzqed5cj4vip2kgn5cq,2026-04-16T22:00:00Z/2026-04-16T23:00:00Z,,"Amazon Web Services, Inc.",AWS,Anniversary,430155298731,2026-04-01T00:00:00Z,2026-05-01T00:00:00Z,430155298731,Usage,2026-04-16T22:00:00Z,2026-04-16T23:00:00Z,AmazonS3,DataTransfer-Out-Bytes,ListMRAPs,,,0.0000000848,,,USD,0.0000000000,0.0000000000,0.0000000000,0.0000000000,$0.000 per GB - data transfer out under the monthly global free tier,,"Amazon Web Services, Inc.",Amazon Simple Storage Service,,,,,,,,,,,,,,US East (N. Virginia),AWS Region,us-east-1,,,,,,,,,,,,,,,,,,,,,,,,,,,,,,Data Transfer,,us-east-1,,AWSDataTransfer,AWS Data Transfer,HQEH3ZWJVT46JHRG,,,,,External,Other,,AWS Outbound,DataTransfer-Out-Bytes,,,,,HQEH3ZWJVT46JHRG.A429C66SYZ.6YS6EN2CT7,448848351048,USD,0.0000000076,0.0900000000,,GB,,,,,,,,,,23742807748,,,,,,,,,,,,,,,
abtyl7ssmknr2hul3ykb3xxzuk3hkoyndpzqed5cj4vip2kgn5cq,2026-04-19T22:00:00Z/2026-04-19T23:00:00Z,,"Amazon Web Services, Inc.",AWS,Anniversary,430155298731,2026-04-01T00:00:00Z,2026-05-01T00:00:00Z,430155298731,Usage,2026-04-19T22:00:00Z,2026-04-19T23:00:00Z,AmazonS3,DataTransfer-Out-Bytes,ListMRAPs,,,0.0000001695,,,USD,0.0000000000,0.0000000000,0.0000000000,0.0000000000,$0.000 per GB - data transfer out under the monthly global free tier,,"Amazon Web Services, Inc.",Amazon Simple Storage Service,,,,,,,,,,,,,,US East (N. Virginia),AWS Region,us-east-1,,,,,,,,,,,,,,,,,,,,,,,,,,,,,,Data Transfer,,us-east-1,,AWSDataTransfer,AWS Data Transfer,HQEH3ZWJVT46JHRG,,,,,External,Other,,AWS Outbound,DataTransfer-Out-Bytes,,,,,HQEH3ZWJVT46JHRG.A429C66SYZ.6YS6EN2CT7,448848351048,USD,0.0000000153,0.0900000000,,GB,,,,,,,,,,23742807748,,,,,,,,,,,,,,,
abtyl7ssmknr2hul3ykb3xxzuk3hkoyndpzqed5cj4vip2kgn5cq,2026-04-20T21:00:00Z/2026-04-20T22:00:00Z,,"Amazon Web Services, Inc.",AWS,Anniversary,430155298731,2026-04-01T00:00:00Z,2026-05-01T00:00:00Z,430155298731,Usage,2026-04-20T21:00:00Z,2026-04-20T22:00:00Z,AmazonS3,DataTransfer-Out-Bytes,ListMRAPs,,,0.0000001695,,,USD,0.0000000000,0.0000000000,0.0000000000,0.0000000000,$0.000 per GB - data transfer out under the monthly global free tier,,"Amazon Web Services, Inc.",Amazon Simple Storage Service,,,,,,,,,,,,,,US East (N. Virginia),AWS Region,us-east-1,,,,,,,,,,,,,,,,,,,,,,,,,,,,,,Data Transfer,,us-east-1,,AWSDataTransfer,AWS Data Transfer,HQEH3ZWJVT46JHRG,,,,,External,Other,,AWS Outbound,DataTransfer-Out-Bytes,,,,,HQEH3ZWJVT46JHRG.A429C66SYZ.6YS6EN2CT7,448848351048,USD,0.0000000153,0.0900000000,,GB,,,,,,,,,,23742807748,,,,,,,,,,,,,,,
luk3gnri2u7sp2i3rv6bkr2xsgk3pckjr42axex24vchxb4rbyeq,2026-04-16T19:00:00Z/2026-04-16T20:00:00Z,,"Amazon Web Services, Inc.",AWS,Anniversary,430155298731,2026-04-01T00:00:00Z,2026-05-01T00:00:00Z,430155298731,Usage,2026-04-16T19:00:00Z,2026-04-16T20:00:00Z,AmazonS3,DataTransfer-Out-Bytes,ReadAccountPublicAccessBlock,,,0.0000003455,,,USD,0.0000000000,0.0000000000,0.0000000000,0.0000000000,$0.000 per GB - data transfer out under the monthly global free tier,,"Amazon Web Services, Inc.",Amazon Simple Storage Service,,,,,,,,,,,,,,US East (N. Virginia),AWS Region,us-east-1,,,,,,,,,,,,,,,,,,,,,,,,,,,,,,Data Transfer,,us-east-1,,AWSDataTransfer,AWS Data Transfer,HQEH3ZWJVT46JHRG,,,,,External,Other,,AWS Outbound,DataTransfer-Out-Bytes,,,,,HQEH3ZWJVT46JHRG.A429C66SYZ.6YS6EN2CT7,448848351048,USD,0.0000000311,0.0900000000,,GB,,,,,,,,,,23742807748,,,,,,,,,,,,,,,
luk3gnri2u7sp2i3rv6bkr2xsgk3pckjr42axex24vchxb4rbyeq,2026-04-19T20:00:00Z/2026-04-19T21:00:00Z,,"Amazon Web Services, Inc.",AWS,Anniversary,430155298731,2026-04-01T00:00:00Z,2026-05-01T00:00:00Z,430155298731,Usage,2026-04-19T20:00:00Z,2026-04-19T21:00:00Z,AmazonS3,DataTransfer-Out-Bytes,ReadAccountPublicAccessBlock,,,0.0000003641,,,USD,0.0000000000,0.0000000000,0.0000000000,0.0000000000,$0.000 per GB - data transfer out under the monthly global free tier,,"Amazon Web Services, Inc.",Amazon Simple Storage Service,,,,,,,,,,,,,,US East (N. Virginia),AWS Region,us-east-1,,,,,,,,,,,,,,,,,,,,,,,,,,,,,,Data Transfer,,us-east-1,,AWSDataTransfer,AWS Data Transfer,HQEH3ZWJVT46JHRG,,,,,External,Other,,AWS Outbound,DataTransfer-Out-Bytes,,,,,HQEH3ZWJVT46JHRG.A429C66SYZ.6YS6EN2CT7,448848351048,USD,0.0000000328,0.0900000000,,GB,,,,,,,,,,23742807748,,,,,,,,,,,,,,,
luk3gnri2u7sp2i3rv6bkr2xsgk3pckjr42axex24vchxb4rbyeq,2026-04-19T21:00:00Z/2026-04-19T22:00:00Z,,"Amazon Web Services, Inc.",AWS,Anniversary,430155298731,2026-04-01T00:00:00Z,2026-05-01T00:00:00Z,430155298731,Usage,2026-04-19T21:00:00Z,2026-04-19T22:00:00Z,AmazonS3,DataTransfer-Out-Bytes,ReadAccountPublicAccessBlock,,,0.0000003455,,,USD,0.0000000000,0.0000000000,0.0000000000,0.0000000000,$0.000 per GB - data transfer out under the monthly global free tier,,"Amazon Web Services, Inc.",Amazon Simple Storage Service,,,,,,,,,,,,,,US East (N. Virginia),AWS Region,us-east-1,,,,,,,,,,,,,,,,,,,,,,,,,,,,,,Data Transfer,,us-east-1,,AWSDataTransfer,AWS Data Transfer,HQEH3ZWJVT46JHRG,,,,,External,Other,,AWS Outbound,DataTransfer-Out-Bytes,,,,,HQEH3ZWJVT46JHRG.A429C66SYZ.6YS6EN2CT7,448848351048,USD,0.0000000311,0.0900000000,,GB,,,,,,,,,,23742807748,,,,,,,,,,,,,,,
luk3gnri2u7sp2i3rv6bkr2xsgk3pckjr42axex24vchxb4rbyeq,2026-04-20T20:00:00Z/2026-04-20T21:00:00Z,,"Amazon Web Services, Inc.",AWS,Anniversary,430155298731,2026-04-01T00:00:00Z,2026-05-01T00:00:00Z,430155298731,Usage,2026-04-20T20:00:00Z,2026-04-20T21:00:00Z,AmazonS3,DataTransfer-Out-Bytes,ReadAccountPublicAccessBlock,,,0.0000003455,,,USD,0.0000000000,0.0000000000,0.0000000000,0.0000000000,$0.000 per GB - data transfer out under the monthly global free tier,,"Amazon Web Services, Inc.",Amazon Simple Storage Service,,,,,,,,,,,,,,US East (N. Virginia),AWS Region,us-east-1,,,,,,,,,,,,,,,,,,,,,,,,,,,,,,Data Transfer,,us-east-1,,AWSDataTransfer,AWS Data Transfer,HQEH3ZWJVT46JHRG,,,,,External,Other,,AWS Outbound,DataTransfer-Out-Bytes,,,,,HQEH3ZWJVT46JHRG.A429C66SYZ.6YS6EN2CT7,448848351048,USD,0.0000000311,0.0900000000,,GB,,,,,,,,,,23742807748,,,,,,,,,,,,,,,
luk3gnri2u7sp2i3rv6bkr2xsgk3pckjr42axex24vchxb4rbyeq,2026-04-21T12:00:00Z/2026-04-21T13:00:00Z,,"Amazon Web Services, Inc.",AWS,Anniversary,430155298731,2026-04-01T00:00:00Z,2026-05-01T00:00:00Z,430155298731,Usage,2026-04-21T12:00:00Z,2026-04-21T13:00:00Z,AmazonS3,DataTransfer-Out-Bytes,ReadAccountPublicAccessBlock,,,0.0000004154,,,USD,0.0000000000,0.0000000000,0.0000000000,0.0000000000,$0.000 per GB - data transfer out under the monthly global free tier,,"Amazon Web Services, Inc.",Amazon Simple Storage Service,,,,,,,,,,,,,,US East (N. Virginia),AWS Region,us-east-1,,,,,,,,,,,,,,,,,,,,,,,,,,,,,,Data Transfer,,us-east-1,,AWSDataTransfer,AWS Data Transfer,HQEH3ZWJVT46JHRG,,,,,External,Other,,AWS Outbound,DataTransfer-Out-Bytes,,,,,HQEH3ZWJVT46JHRG.A429C66SYZ.6YS6EN2CT7,448848351048,USD,0.0000000374,0.0900000000,,GB,,,,,,,,,,23742807748,,,,,,,,,,,,,,,
bgbvetj3dgi57mawqt7q7zgsxrnv3ffahbajgj47ztjs7fm2b6fq,2026-04-21T12:00:00Z/2026-04-21T13:00:00Z,,"Amazon Web Services, Inc.",AWS,Anniversary,430155298731,2026-04-01T00:00:00Z,2026-05-01T00:00:00Z,430155298731,Usage,2026-04-21T12:00:00Z,2026-04-21T13:00:00Z,AmazonS3,DataTransfer-Out-Bytes,ReadBucketObjectLockConfig,,fincloud-cur-bucket-123,0.0000013700,,,USD,0.0000000000,0.0000000000,0.0000000000,0.0000000000,$0.000 per GB - data transfer out under the monthly global free tier,,"Amazon Web Services, Inc.",Amazon Simple Storage Service,,,,,,,,,,,,,,US East (N. Virginia),AWS Region,us-east-1,,,,,,,,,,,,,,,,,,,,,,,,,,,,,,Data Transfer,,us-east-1,,AWSDataTransfer,AWS Data Transfer,HQEH3ZWJVT46JHRG,,,,,External,Other,,AWS Outbound,DataTransfer-Out-Bytes,,,,,HQEH3ZWJVT46JHRG.A429C66SYZ.6YS6EN2CT7,448848351048,USD,0.0000001233,0.0900000000,,GB,,,,,,,,,,23742807748,,,,,,,,,,,,,,,
hucil3a6qop2w2yw4dwbjmwc26ztlk2cuasqt3sp72vvxsencusa,2026-04-19T20:00:00Z/2026-04-19T21:00:00Z,,"Amazon Web Services, Inc.",AWS,Anniversary,430155298731,2026-04-01T00:00:00Z,2026-05-01T00:00:00Z,430155298731,Usage,2026-04-19T20:00:00Z,2026-04-19T21:00:00Z,AmazonS3,DataTransfer-Out-Bytes,ReadBucketOwnershipControls,,fincloud-cur-bucket-123,0.0000003595,,,USD,0.0000000000,0.0000000000,0.0000000000,0.0000000000,$0.000 per GB - data transfer out under the monthly global free tier,,"Amazon Web Services, Inc.",Amazon Simple Storage Service,,,,,,,,,,,,,,US East (N. Virginia),AWS Region,us-east-1,,,,,,,,,,,,,,,,,,,,,,,,,,,,,,Data Transfer,,us-east-1,,AWSDataTransfer,AWS Data Transfer,HQEH3ZWJVT46JHRG,,,,,External,Other,,AWS Outbound,DataTransfer-Out-Bytes,,,,,HQEH3ZWJVT46JHRG.A429C66SYZ.6YS6EN2CT7,448848351048,USD,0.0000000324,0.0900000000,,GB,,,,,,,,,,23742807748,,,,,,,,,,,,,,,
hucil3a6qop2w2yw4dwbjmwc26ztlk2cuasqt3sp72vvxsencusa,2026-04-20T08:00:00Z/2026-04-20T09:00:00Z,,"Amazon Web Services, Inc.",AWS,Anniversary,430155298731,2026-04-01T00:00:00Z,2026-05-01T00:00:00Z,430155298731,Usage,2026-04-20T08:00:00Z,2026-04-20T09:00:00Z,AmazonS3,DataTransfer-Out-Bytes,ReadBucketOwnershipControls,,fincloud-cur-bucket-123,0.0000008987,,,USD,0.0000000000,0.0000000000,0.0000000000,0.0000000000,$0.000 per GB - data transfer out under the monthly global free tier,,"Amazon Web Services, Inc.",Amazon Simple Storage Service,,,,,,,,,,,,,,US East (N. Virginia),AWS Region,us-east-1,,,,,,,,,,,,,,,,,,,,,,,,,,,,,,Data Transfer,,us-east-1,,AWSDataTransfer,AWS Data Transfer,HQEH3ZWJVT46JHRG,,,,,External,Other,,AWS Outbound,DataTransfer-Out-Bytes,,,,,HQEH3ZWJVT46JHRG.A429C66SYZ.6YS6EN2CT7,448848351048,USD,0.0000000809,0.0900000000,,GB,,,,,,,,,,23742807748,,,,,,,,,,,,,,,
hucil3a6qop2w2yw4dwbjmwc26ztlk2cuasqt3sp72vvxsencusa,2026-04-20T20:00:00Z/2026-04-20T21:00:00Z,,"Amazon Web Services, Inc.",AWS,Anniversary,430155298731,2026-04-01T00:00:00Z,2026-05-01T00:00:00Z,430155298731,Usage,2026-04-20T20:00:00Z,2026-04-20T21:00:00Z,AmazonS3,DataTransfer-Out-Bytes,ReadBucketOwnershipControls,,fincloud-cur-bucket-123,0.0000005392,,,USD,0.0000000000,0.0000000000,0.0000000000,0.0000000000,$0.000 per GB - data transfer out under the monthly global free tier,,"Amazon Web Services, Inc.",Amazon Simple Storage Service,,,,,,,,,,,,,,US East (N. Virginia),AWS Region,us-east-1,,,,,,,,,,,,,,,,,,,,,,,,,,,,,,Data Transfer,,us-east-1,,AWSDataTransfer,AWS Data Transfer,HQEH3ZWJVT46JHRG,,,,,External,Other,,AWS Outbound,DataTransfer-Out-Bytes,,,,,HQEH3ZWJVT46JHRG.A429C66SYZ.6YS6EN2CT7,448848351048,USD,0.0000000485,0.0900000000,,GB,,,,,,,,,,23742807748,,,,,,,,,,,,,,,
fmmaeeq3vlw2s22q6iwtohnghcwl7ykv7y5nypmaudkzznbfccma,2026-04-20T20:00:00Z/2026-04-20T21:00:00Z,,"Amazon Web Services, Inc.",AWS,Anniversary,430155298731,2026-04-01T00:00:00Z,2026-05-01T00:00:00Z,430155298731,Usage,2026-04-20T20:00:00Z,2026-04-20T21:00:00Z,AmazonS3,DataTransfer-Out-Bytes,ReadBucketOwnershipControls,,fincloud-data-123,0.0000005392,,,USD,0.0000000000,0.0000000000,0.0000000000,0.0000000000,$0.000 per GB - data transfer out under the monthly global free tier,,"Amazon Web Services, Inc.",Amazon Simple Storage Service,,,,,,,,,,,,,,US East (N. Virginia),AWS Region,us-east-1,,,,,,,,,,,,,,,,,,,,,,,,,,,,,,Data Transfer,,us-east-1,,AWSDataTransfer,AWS Data Transfer,HQEH3ZWJVT46JHRG,,,,,External,Other,,AWS Outbound,DataTransfer-Out-Bytes,,,,,HQEH3ZWJVT46JHRG.A429C66SYZ.6YS6EN2CT7,448848351048,USD,0.0000000485,0.0900000000,,GB,,,,,,,,,,23742807748,,,,,,,,,,,,,,,
hucil3a6qop2w2yw4dwbjmwc26ztlk2cuasqt3sp72vvxsencusa,2026-04-21T08:00:00Z/2026-04-21T09:00:00Z,,"Amazon Web Services, Inc.",AWS,Anniversary,430155298731,2026-04-01T00:00:00Z,2026-05-01T00:00:00Z,430155298731,Usage,2026-04-21T08:00:00Z,2026-04-21T09:00:00Z,AmazonS3,DataTransfer-Out-Bytes,ReadBucketOwnershipControls,,fincloud-cur-bucket-123,0.0000003595,,,USD,0.0000000000,0.0000000000,0.0000000000,0.0000000000,$0.000 per GB - data transfer out under the monthly global free tier,,"Amazon Web Services, Inc.",Amazon Simple Storage Service,,,,,,,,,,,,,,US East (N. Virginia),AWS Region,us-east-1,,,,,,,,,,,,,,,,,,,,,,,,,,,,,,Data Transfer,,us-east-1,,AWSDataTransfer,AWS Data Transfer,HQEH3ZWJVT46JHRG,,,,,External,Other,,AWS Outbound,DataTransfer-Out-Bytes,,,,,HQEH3ZWJVT46JHRG.A429C66SYZ.6YS6EN2CT7,448848351048,USD,0.0000000324,0.0900000000,,GB,,,,,,,,,,23742807748,,,,,,,,,,,,,,,
hucil3a6qop2w2yw4dwbjmwc26ztlk2cuasqt3sp72vvxsencusa,2026-04-21T11:00:00Z/2026-04-21T12:00:00Z,,"Amazon Web Services, Inc.",AWS,Anniversary,430155298731,2026-04-01T00:00:00Z,2026-05-01T00:00:00Z,430155298731,Usage,2026-04-21T11:00:00Z,2026-04-21T12:00:00Z,AmazonS3,DataTransfer-Out-Bytes,ReadBucketOwnershipControls,,fincloud-cur-bucket-123,0.0000001797,,,USD,0.0000000000,0.0000000000,0.0000000000,0.0000000000,$0.000 per GB - data transfer out under the monthly global free tier,,"Amazon Web Services, Inc.",Amazon Simple Storage Service,,,,,,,,,,,,,,US East (N. Virginia),AWS Region,us-east-1,,,,,,,,,,,,,,,,,,,,,,,,,,,,,,Data Transfer,,us-east-1,,AWSDataTransfer,AWS Data Transfer,HQEH3ZWJVT46JHRG,,,,,External,Other,,AWS Outbound,DataTransfer-Out-Bytes,,,,,HQEH3ZWJVT46JHRG.A429C66SYZ.6YS6EN2CT7,448848351048,USD,0.0000000162,0.0900000000,,GB,,,,,,,,,,23742807748,,,,,,,,,,,,,,,
hucil3a6qop2w2yw4dwbjmwc26ztlk2cuasqt3sp72vvxsencusa,2026-04-21T12:00:00Z/2026-04-21T13:00:00Z,,"Amazon Web Services, Inc.",AWS,Anniversary,430155298731,2026-04-01T00:00:00Z,2026-05-01T00:00:00Z,430155298731,Usage,2026-04-21T12:00:00Z,2026-04-21T13:00:00Z,AmazonS3,DataTransfer-Out-Bytes,ReadBucketOwnershipControls,,fincloud-cur-bucket-123,0.0000021821,,,USD,0.0000000000,0.0000000000,0.0000000000,0.0000000000,$0.000 per GB - data transfer out under the monthly global free tier,,"Amazon Web Services, Inc.",Amazon Simple Storage Service,,,,,,,,,,,,,,US East (N. Virginia),AWS Region,us-east-1,,,,,,,,,,,,,,,,,,,,,,,,,,,,,,Data Transfer,,us-east-1,,AWSDataTransfer,AWS Data Transfer,HQEH3ZWJVT46JHRG,,,,,External,Other,,AWS Outbound,DataTransfer-Out-Bytes,,,,,HQEH3ZWJVT46JHRG.A429C66SYZ.6YS6EN2CT7,448848351048,USD,0.0000001964,0.0900000000,,GB,,,,,,,,,,23742807748,,,,,,,,,,,,,,,
penddwe2kq3uijosozypcykmrw2wanyp3kwrcfzmzcnp2w7mr2na,2026-04-20T21:00:00Z/2026-04-20T22:00:00Z,,"Amazon Web Services, Inc.",AWS,Anniversary,430155298731,2026-04-01T00:00:00Z,2026-05-01T00:00:00Z,430155298731,Usage,2026-04-20T21:00:00Z,2026-04-20T22:00:00Z,AmazonS3,DataTransfer-Out-Bytes,ReadBucketPolicy,,fincloud-data-123,0.0000006147,,,USD,0.0000000000,0.0000000000,0.0000000000,0.0000000000,$0.000 per GB - data transfer out under the monthly global free tier,,"Amazon Web Services, Inc.",Amazon Simple Storage Service,,,,,,,,,,,,,,US East (N. Virginia),AWS Region,us-east-1,,,,,,,,,,,,,,,,,,,,,,,,,,,,,,Data Transfer,,us-east-1,,AWSDataTransfer,AWS Data Transfer,HQEH3ZWJVT46JHRG,,,,,External,Other,,AWS Outbound,DataTransfer-Out-Bytes,,,,,HQEH3ZWJVT46JHRG.A429C66SYZ.6YS6EN2CT7,448848351048,USD,0.0000000553,0.0900000000,,GB,,,,,,,,,,23742807748,,,,,,,,,,,,,,,
4napsl7b5mrjukbl73kjvkqj4a5pcubb4l3dbcxz2q5pd7uqfb7q,2026-04-19T20:00:00Z/2026-04-19T21:00:00Z,,"Amazon Web Services, Inc.",AWS,Anniversary,430155298731,2026-04-01T00:00:00Z,2026-05-01T00:00:00Z,430155298731,Usage,2026-04-19T20:00:00Z,2026-04-19T21:00:00Z,AmazonS3,DataTransfer-Out-Bytes,ReadBucketPublicAccessBlock,,fincloud-cur-bucket-123,0.0000003036,,,USD,0.0000000000,0.0000000000,0.0000000000,0.0000000000,$0.000 per GB - data transfer out under the monthly global free tier,,"Amazon Web Services, Inc.",Amazon Simple Storage Service,,,,,,,,,,,,,,US East (N. Virginia),AWS Region,us-east-1,,,,,,,,,,,,,,,,,,,,,,,,,,,,,,Data Transfer,,us-east-1,,AWSDataTransfer,AWS Data Transfer,HQEH3ZWJVT46JHRG,,,,,External,Other,,AWS Outbound,DataTransfer-Out-Bytes,,,,,HQEH3ZWJVT46JHRG.A429C66SYZ.6YS6EN2CT7,448848351048,USD,0.0000000273,0.0900000000,,GB,,,,,,,,,,23742807748,,,,,,,,,,,,,,,
fwstv5ey5vyl75ztoxykgjypfvmjhoiiukjzmhjrzpmskzc6zegq,2026-04-20T20:00:00Z/2026-04-20T21:00:00Z,,"Amazon Web Services, Inc.",AWS,Anniversary,430155298731,2026-04-01T00:00:00Z,2026-05-01T00:00:00Z,430155298731,Usage,2026-04-20T20:00:00Z,2026-04-20T21:00:00Z,AmazonS3,DataTransfer-Out-Bytes,ReadBucketPublicAccessBlock,,fincloud-data-123,0.0000003036,,,USD,0.0000000000,0.0000000000,0.0000000000,0.0000000000,$0.000 per GB - data transfer out under the monthly global free tier,,"Amazon Web Services, Inc.",Amazon Simple Storage Service,,,,,,,,,,,,,,US East (N. Virginia),AWS Region,us-east-1,,,,,,,,,,,,,,,,,,,,,,,,,,,,,,Data Transfer,,us-east-1,,AWSDataTransfer,AWS Data Transfer,HQEH3ZWJVT46JHRG,,,,,External,Other,,AWS Outbound,DataTransfer-Out-Bytes,,,,,HQEH3ZWJVT46JHRG.A429C66SYZ.6YS6EN2CT7,448848351048,USD,0.0000000273,0.0900000000,,GB,,,,,,,,,,23742807748,,,,,,,,,,,,,,,
rbd7zjcyeogipxsng6fviiqsfzaonmob6seg7tqpbnchpcva4sga,2026-04-19T20:00:00Z/2026-04-19T21:00:00Z,,"Amazon Web Services, Inc.",AWS,Anniversary,430155298731,2026-04-01T00:00:00Z,2026-05-01T00:00:00Z,430155298731,Usage,2026-04-19T20:00:00Z,2026-04-19T21:00:00Z,AmazonS3,DataTransfer-Out-Bytes,ReadBucketServerSideEncryption,,fincloud-cur-bucket-123,0.0000003790,,,USD,0.0000000000,0.0000000000,0.0000000000,0.0000000000,$0.000 per GB - data transfer out under the monthly global free tier,,"Amazon Web Services, Inc.",Amazon Simple Storage Service,,,,,,,,,,,,,,US East (N. Virginia),AWS Region,us-east-1,,,,,,,,,,,,,,,,,,,,,,,,,,,,,,Data Transfer,,us-east-1,,AWSDataTransfer,AWS Data Transfer,HQEH3ZWJVT46JHRG,,,,,External,Other,,AWS Outbound,DataTransfer-Out-Bytes,,,,,HQEH3ZWJVT46JHRG.A429C66SYZ.6YS6EN2CT7,448848351048,USD,0.0000000341,0.0900000000,,GB,,,,,,,,,,23742807748,,,,,,,,,,,,,,,
ez6kuwyztt4xq7fftvz5qsr4ynsceodqxbyes53lwkudavisatqq,2026-04-20T20:00:00Z/2026-04-20T21:00:00Z,,"Amazon Web Services, Inc.",AWS,Anniversary,430155298731,2026-04-01T00:00:00Z,2026-05-01T00:00:00Z,430155298731,Usage,2026-04-20T20:00:00Z,2026-04-20T21:00:00Z,AmazonS3,DataTransfer-Out-Bytes,ReadBucketServerSideEncryption,,fincloud-data-123,0.0000015162,,,USD,0.0000000000,0.0000000000,0.0000000000,0.0000000000,$0.000 per GB - data transfer out under the monthly global free tier,,"Amazon Web Services, Inc.",Amazon Simple Storage Service,,,,,,,,,,,,,,US East (N. Virginia),AWS Region,us-east-1,,,,,,,,,,,,,,,,,,,,,,,,,,,,,,Data Transfer,,us-east-1,,AWSDataTransfer,AWS Data Transfer,HQEH3ZWJVT46JHRG,,,,,External,Other,,AWS Outbound,DataTransfer-Out-Bytes,,,,,HQEH3ZWJVT46JHRG.A429C66SYZ.6YS6EN2CT7,448848351048,USD,0.0000001365,0.0900000000,,GB,,,,,,,,,,23742807748,,,,,,,,,,,,,,,
d2wmnpsnhf7alur7b6rhxr6nbdxqpivfatj34cnmrscxgtx5jyfq,2026-04-20T08:00:00Z/2026-04-20T09:00:00Z,,"Amazon Web Services, Inc.",AWS,Anniversary,430155298731,2026-04-01T00:00:00Z,2026-05-01T00:00:00Z,430155298731,Usage,2026-04-20T08:00:00Z,2026-04-20T09:00:00Z,AmazonS3,DataTransfer-Out-Bytes,ReadObjectTagging,,fincloud-cur-bucket-123,0.0000003213,,,USD,0.0000000000,0.0000000000,0.0000000000,0.0000000000,$0.000 per GB - data transfer out under the monthly global free tier,,"Amazon Web Services, Inc.",Amazon Simple Storage Service,,,,,,,,,,,,,,US East (N. Virginia),AWS Region,us-east-1,,,,,,,,,,,,,,,,,,,,,,,,,,,,,,Data Transfer,,us-east-1,,AWSDataTransfer,AWS Data Transfer,HQEH3ZWJVT46JHRG,,,,,External,Other,,AWS Outbound,DataTransfer-Out-Bytes,,,,,HQEH3ZWJVT46JHRG.A429C66SYZ.6YS6EN2CT7,448848351048,USD,0.0000000289,0.0900000000,,GB,,,,,,,,,,23742807748,,,,,,,,,,,,,,,
d2wmnpsnhf7alur7b6rhxr6nbdxqpivfatj34cnmrscxgtx5jyfq,2026-04-20T20:00:00Z/2026-04-20T21:00:00Z,,"Amazon Web Services, Inc.",AWS,Anniversary,430155298731,2026-04-01T00:00:00Z,2026-05-01T00:00:00Z,430155298731,Usage,2026-04-20T20:00:00Z,2026-04-20T21:00:00Z,AmazonS3,DataTransfer-Out-Bytes,ReadObjectTagging,,fincloud-cur-bucket-123,0.0000002142,,,USD,0.0000000000,0.0000000000,0.0000000000,0.0000000000,$0.000 per GB - data transfer out under the monthly global free tier,,"Amazon Web Services, Inc.",Amazon Simple Storage Service,,,,,,,,,,,,,,US East (N. Virginia),AWS Region,us-east-1,,,,,,,,,,,,,,,,,,,,,,,,,,,,,,Data Transfer,,us-east-1,,AWSDataTransfer,AWS Data Transfer,HQEH3ZWJVT46JHRG,,,,,External,Other,,AWS Outbound,DataTransfer-Out-Bytes,,,,,HQEH3ZWJVT46JHRG.A429C66SYZ.6YS6EN2CT7,448848351048,USD,0.0000000193,0.0900000000,,GB,,,,,,,,,,23742807748,,,,,,,,,,,,,,,
d2wmnpsnhf7alur7b6rhxr6nbdxqpivfatj34cnmrscxgtx5jyfq,2026-04-21T08:00:00Z/2026-04-21T09:00:00Z,,"Amazon Web Services, Inc.",AWS,Anniversary,430155298731,2026-04-01T00:00:00Z,2026-05-01T00:00:00Z,430155298731,Usage,2026-04-21T08:00:00Z,2026-04-21T09:00:00Z,AmazonS3,DataTransfer-Out-Bytes,ReadObjectTagging,,fincloud-cur-bucket-123,0.0000001071,,,USD,0.0000000000,0.0000000000,0.0000000000,0.0000000000,$0.000 per GB - data transfer out under the monthly global free tier,,"Amazon Web Services, Inc.",Amazon Simple Storage Service,,,,,,,,,,,,,,US East (N. Virginia),AWS Region,us-east-1,,,,,,,,,,,,,,,,,,,,,,,,,,,,,,Data Transfer,,us-east-1,,AWSDataTransfer,AWS Data Transfer,HQEH3ZWJVT46JHRG,,,,,External,Other,,AWS Outbound,DataTransfer-Out-Bytes,,,,,HQEH3ZWJVT46JHRG.A429C66SYZ.6YS6EN2CT7,448848351048,USD,0.0000000096,0.0900000000,,GB,,,,,,,,,,23742807748,,,,,,,,,,,,,,,
d2wmnpsnhf7alur7b6rhxr6nbdxqpivfatj34cnmrscxgtx5jyfq,2026-04-21T12:00:00Z/2026-04-21T13:00:00Z,,"Amazon Web Services, Inc.",AWS,Anniversary,430155298731,2026-04-01T00:00:00Z,2026-05-01T00:00:00Z,430155298731,Usage,2026-04-21T12:00:00Z,2026-04-21T13:00:00Z,AmazonS3,DataTransfer-Out-Bytes,ReadObjectTagging,,fincloud-cur-bucket-123,0.0000015246,,,USD,0.0000000000,0.0000000000,0.0000000000,0.0000000000,$0.000 per GB - data transfer out under the monthly global free tier,,"Amazon Web Services, Inc.",Amazon Simple Storage Service,,,,,,,,,,,,,,US East (N. Virginia),AWS Region,us-east-1,,,,,,,,,,,,,,,,,,,,,,,,,,,,,,Data Transfer,,us-east-1,,AWSDataTransfer,AWS Data Transfer,HQEH3ZWJVT46JHRG,,,,,External,Other,,AWS Outbound,DataTransfer-Out-Bytes,,,,,HQEH3ZWJVT46JHRG.A429C66SYZ.6YS6EN2CT7,448848351048,USD,0.0000001372,0.0900000000,,GB,,,,,,,,,,23742807748,,,,,,,,,,,,,,,
5b4xnanfvgkg7cchvc7c6onqgvmxn5qwna4r6p7phsksth3pkd3a,2026-04-19T20:00:00Z/2026-04-19T21:00:00Z,,"Amazon Web Services, Inc.",AWS,Anniversary,430155298731,2026-04-01T00:00:00Z,2026-05-01T00:00:00Z,430155298731,Usage,2026-04-19T20:00:00Z,2026-04-19T21:00:00Z,AmazonS3,DataTransfer-Out-Bytes,ReadVersioningProps,,fincloud-cur-bucket-123,0.0000002105,,,USD,0.0000000000,0.0000000000,0.0000000000,0.0000000000,$0.000 per GB - data transfer out under the monthly global free tier,,"Amazon Web Services, Inc.",Amazon Simple Storage Service,,,,,,,,,,,,,,US East (N. Virginia),AWS Region,us-east-1,,,,,,,,,,,,,,,,,,,,,,,,,,,,,,Data Transfer,,us-east-1,,AWSDataTransfer,AWS Data Transfer,HQEH3ZWJVT46JHRG,,,,,External,Other,,AWS Outbound,DataTransfer-Out-Bytes,,,,,HQEH3ZWJVT46JHRG.A429C66SYZ.6YS6EN2CT7,448848351048,USD,0.0000000189,0.0900000000,,GB,,,,,,,,,,23742807748,,,,,,,,,,,,,,,
5b4xnanfvgkg7cchvc7c6onqgvmxn5qwna4r6p7phsksth3pkd3a,2026-04-19T22:00:00Z/2026-04-19T23:00:00Z,,"Amazon Web Services, Inc.",AWS,Anniversary,430155298731,2026-04-01T00:00:00Z,2026-05-01T00:00:00Z,430155298731,Usage,2026-04-19T22:00:00Z,2026-04-19T23:00:00Z,AmazonS3,DataTransfer-Out-Bytes,ReadVersioningProps,,fincloud-cur-bucket-123,0.0000001052,,,USD,0.0000000000,0.0000000000,0.0000000000,0.0000000000,$0.000 per GB - data transfer out under the monthly global free tier,,"Amazon Web Services, Inc.",Amazon Simple Storage Service,,,,,,,,,,,,,,US East (N. Virginia),AWS Region,us-east-1,,,,,,,,,,,,,,,,,,,,,,,,,,,,,,Data Transfer,,us-east-1,,AWSDataTransfer,AWS Data Transfer,HQEH3ZWJVT46JHRG,,,,,External,Other,,AWS Outbound,DataTransfer-Out-Bytes,,,,,HQEH3ZWJVT46JHRG.A429C66SYZ.6YS6EN2CT7,448848351048,USD,0.0000000095,0.0900000000,,GB,,,,,,,,,,23742807748,,,,,,,,,,,,,,,
5b4xnanfvgkg7cchvc7c6onqgvmxn5qwna4r6p7phsksth3pkd3a,2026-04-20T08:00:00Z/2026-04-20T09:00:00Z,,"Amazon Web Services, Inc.",AWS,Anniversary,430155298731,2026-04-01T00:00:00Z,2026-05-01T00:00:00Z,430155298731,Usage,2026-04-20T08:00:00Z,2026-04-20T09:00:00Z,AmazonS3,DataTransfer-Out-Bytes,ReadVersioningProps,,fincloud-cur-bucket-123,0.0000007367,,,USD,0.0000000000,0.0000000000,0.0000000000,0.0000000000,$0.000 per GB - data transfer out under the monthly global free tier,,"Amazon Web Services, Inc.",Amazon Simple Storage Service,,,,,,,,,,,,,,US East (N. Virginia),AWS Region,us-east-1,,,,,,,,,,,,,,,,,,,,,,,,,,,,,,Data Transfer,,us-east-1,,AWSDataTransfer,AWS Data Transfer,HQEH3ZWJVT46JHRG,,,,,External,Other,,AWS Outbound,DataTransfer-Out-Bytes,,,,,HQEH3ZWJVT46JHRG.A429C66SYZ.6YS6EN2CT7,448848351048,USD,0.0000000663,0.0900000000,,GB,,,,,,,,,,23742807748,,,,,,,,,,,,,,,
5b4xnanfvgkg7cchvc7c6onqgvmxn5qwna4r6p7phsksth3pkd3a,2026-04-20T20:00:00Z/2026-04-20T21:00:00Z,,"Amazon Web Services, Inc.",AWS,Anniversary,430155298731,2026-04-01T00:00:00Z,2026-05-01T00:00:00Z,430155298731,Usage,2026-04-20T20:00:00Z,2026-04-20T21:00:00Z,AmazonS3,DataTransfer-Out-Bytes,ReadVersioningProps,,fincloud-cur-bucket-123,0.0000006035,,,USD,0.0000000000,0.0000000000,0.0000000000,0.0000000000,$0.000 per GB - data transfer out under the monthly global free tier,,"Amazon Web Services, Inc.",Amazon Simple Storage Service,,,,,,,,,,,,,,US East (N. Virginia),AWS Region,us-east-1,,,,,,,,,,,,,,,,,,,,,,,,,,,,,,Data Transfer,,us-east-1,,AWSDataTransfer,AWS Data Transfer,HQEH3ZWJVT46JHRG,,,,,External,Other,,AWS Outbound,DataTransfer-Out-Bytes,,,,,HQEH3ZWJVT46JHRG.A429C66SYZ.6YS6EN2CT7,448848351048,USD,0.0000000543,0.0900000000,,GB,,,,,,,,,,23742807748,,,,,,,,,,,,,,,
vko74d7cxm72fm7c3ckizyxmirpehuzxlmox6kzsog77ksxc7bhq,2026-04-20T20:00:00Z/2026-04-20T21:00:00Z,,"Amazon Web Services, Inc.",AWS,Anniversary,430155298731,2026-04-01T00:00:00Z,2026-05-01T00:00:00Z,430155298731,Usage,2026-04-20T20:00:00Z,2026-04-20T21:00:00Z,AmazonS3,DataTransfer-Out-Bytes,ReadVersioningProps,,fincloud-data-123,0.0000006314,,,USD,0.0000000000,0.0000000000,0.0000000000,0.0000000000,$0.000 per GB - data transfer out under the monthly global free tier,,"Amazon Web Services, Inc.",Amazon Simple Storage Service,,,,,,,,,,,,,,US East (N. Virginia),AWS Region,us-east-1,,,,,,,,,,,,,,,,,,,,,,,,,,,,,,Data Transfer,,us-east-1,,AWSDataTransfer,AWS Data Transfer,HQEH3ZWJVT46JHRG,,,,,External,Other,,AWS Outbound,DataTransfer-Out-Bytes,,,,,HQEH3ZWJVT46JHRG.A429C66SYZ.6YS6EN2CT7,448848351048,USD,0.0000000568,0.0900000000,,GB,,,,,,,,,,23742807748,,,,,,,,,,,,,,,
vko74d7cxm72fm7c3ckizyxmirpehuzxlmox6kzsog77ksxc7bhq,2026-04-20T21:00:00Z/2026-04-20T22:00:00Z,,"Amazon Web Services, Inc.",AWS,Anniversary,430155298731,2026-04-01T00:00:00Z,2026-05-01T00:00:00Z,430155298731,Usage,2026-04-20T21:00:00Z,2026-04-20T22:00:00Z,AmazonS3,DataTransfer-Out-Bytes,ReadVersioningProps,,fincloud-data-123,0.0000001052,,,USD,0.0000000000,0.0000000000,0.0000000000,0.0000000000,$0.000 per GB - data transfer out under the monthly global free tier,,"Amazon Web Services, Inc.",Amazon Simple Storage Service,,,,,,,,,,,,,,US East (N. Virginia),AWS Region,us-east-1,,,,,,,,,,,,,,,,,,,,,,,,,,,,,,Data Transfer,,us-east-1,,AWSDataTransfer,AWS Data Transfer,HQEH3ZWJVT46JHRG,,,,,External,Other,,AWS Outbound,DataTransfer-Out-Bytes,,,,,HQEH3ZWJVT46JHRG.A429C66SYZ.6YS6EN2CT7,448848351048,USD,0.0000000095,0.0900000000,,GB,,,,,,,,,,23742807748,,,,,,,,,,,,,,,
5b4xnanfvgkg7cchvc7c6onqgvmxn5qwna4r6p7phsksth3pkd3a,2026-04-21T08:00:00Z/2026-04-21T09:00:00Z,,"Amazon Web Services, Inc.",AWS,Anniversary,430155298731,2026-04-01T00:00:00Z,2026-05-01T00:00:00Z,430155298731,Usage,2026-04-21T08:00:00Z,2026-04-21T09:00:00Z,AmazonS3,DataTransfer-Out-Bytes,ReadVersioningProps,,fincloud-cur-bucket-123,0.0000003017,,,USD,0.0000000000,0.0000000000,0.0000000000,0.0000000000,$0.000 per GB - data transfer out under the monthly global free tier,,"Amazon Web Services, Inc.",Amazon Simple Storage Service,,,,,,,,,,,,,,US East (N. Virginia),AWS Region,us-east-1,,,,,,,,,,,,,,,,,,,,,,,,,,,,,,Data Transfer,,us-east-1,,AWSDataTransfer,AWS Data Transfer,HQEH3ZWJVT46JHRG,,,,,External,Other,,AWS Outbound,DataTransfer-Out-Bytes,,,,,HQEH3ZWJVT46JHRG.A429C66SYZ.6YS6EN2CT7,448848351048,USD,0.0000000272,0.0900000000,,GB,,,,,,,,,,23742807748,,,,,,,,,,,,,,,
5b4xnanfvgkg7cchvc7c6onqgvmxn5qwna4r6p7phsksth3pkd3a,2026-04-21T11:00:00Z/2026-04-21T12:00:00Z,,"Amazon Web Services, Inc.",AWS,Anniversary,430155298731,2026-04-01T00:00:00Z,2026-05-01T00:00:00Z,430155298731,Usage,2026-04-21T11:00:00Z,2026-04-21T12:00:00Z,AmazonS3,DataTransfer-Out-Bytes,ReadVersioningProps,,fincloud-cur-bucket-123,0.0000001509,,,USD,0.0000000000,0.0000000000,0.0000000000,0.0000000000,$0.000 per GB - data transfer out under the monthly global free tier,,"Amazon Web Services, Inc.",Amazon Simple Storage Service,,,,,,,,,,,,,,US East (N. Virginia),AWS Region,us-east-1,,,,,,,,,,,,,,,,,,,,,,,,,,,,,,Data Transfer,,us-east-1,,AWSDataTransfer,AWS Data Transfer,HQEH3ZWJVT46JHRG,,,,,External,Other,,AWS Outbound,DataTransfer-Out-Bytes,,,,,HQEH3ZWJVT46JHRG.A429C66SYZ.6YS6EN2CT7,448848351048,USD,0.0000000136,0.0900000000,,GB,,,,,,,,,,23742807748,,,,,,,,,,,,,,,
5b4xnanfvgkg7cchvc7c6onqgvmxn5qwna4r6p7phsksth3pkd3a,2026-04-21T12:00:00Z/2026-04-21T13:00:00Z,,"Amazon Web Services, Inc.",AWS,Anniversary,430155298731,2026-04-01T00:00:00Z,2026-05-01T00:00:00Z,430155298731,Usage,2026-04-21T12:00:00Z,2026-04-21T13:00:00Z,AmazonS3,DataTransfer-Out-Bytes,ReadVersioningProps,,fincloud-cur-bucket-123,0.0000036042,,,USD,0.0000000000,0.0000000000,0.0000000000,0.0000000000,$0.000 per GB - data transfer out under the monthly global free tier,,"Amazon Web Services, Inc.",Amazon Simple Storage Service,,,,,,,,,,,,,,US East (N. Virginia),AWS Region,us-east-1,,,,,,,,,,,,,,,,,,,,,,,,,,,,,,Data Transfer,,us-east-1,,AWSDataTransfer,AWS Data Transfer,HQEH3ZWJVT46JHRG,,,,,External,Other,,AWS Outbound,DataTransfer-Out-Bytes,,,,,HQEH3ZWJVT46JHRG.A429C66SYZ.6YS6EN2CT7,448848351048,USD,0.0000003244,0.0900000000,,GB,,,,,,,,,,23742807748,,,,,,,,,,,,,,,
ahsbw3y7izegh7ejybro4anspgi454bfpvvkylb27jm7keoqys6a,2026-04-20T20:00:00Z/2026-04-20T21:00:00Z,,"Amazon Web Services, Inc.",AWS,Anniversary,430155298731,2026-04-01T00:00:00Z,2026-05-01T00:00:00Z,430155298731,Usage,2026-04-20T20:00:00Z,2026-04-20T21:00:00Z,AmazonEC2,DataTransfer-Out-Bytes,RunInstances,,i-0f0a8072e7526e7a0,0.0000008326,,,USD,0.0000000000,0.0000000000,0.0000000000,0.0000000000,$0.000 per GB - data transfer out under the monthly global free tier,,"Amazon Web Services, Inc.",Amazon Elastic Compute Cloud,,,,,,,,,,,,,,US East (N. Virginia),AWS Region,us-east-1,,,,,,,,,,,,,,,,,,,,,,,,,,,,,,Data Transfer,,us-east-1,,AWSDataTransfer,AWS Data Transfer,HQEH3ZWJVT46JHRG,,,,,External,Other,,AWS Outbound,DataTransfer-Out-Bytes,,,,,HQEH3ZWJVT46JHRG.A429C66SYZ.6YS6EN2CT7,448848351048,USD,0.0000000749,0.0900000000,,GB,,,,,,,,,,23742807748,,,,,,,,,,,,,,,
ll24qdcmcmse7msadjokw6enn4xiwaufqqej3m7be4rolsbgtxca,2026-04-20T20:00:00Z/2026-04-20T21:00:00Z,,"Amazon Web Services, Inc.",AWS,Anniversary,430155298731,2026-04-01T00:00:00Z,2026-05-01T00:00:00Z,430155298731,Usage,2026-04-20T20:00:00Z,2026-04-20T21:00:00Z,AmazonEC2,DataTransfer-Out-Bytes,RunInstances,,i-0f0a8072e7526e7a0,0.0000032187,,,USD,0.0000000000,0.0000000000,0.0000000000,0.0000000000,$0.000 per GB - data transfer out under the monthly global free tier,,"Amazon Web Services, Inc.",Amazon Elastic Compute Cloud,,,,,,,,,,,,,,US East (N. Virginia),AWS Region,us-east-1,,,,,,,,,,,,,,,,,,,,,,,,,,,,,,Data Transfer,,us-east-1,,AWSDataTransfer,AWS Data Transfer,HQEH3ZWJVT46JHRG,,,,,External,Other,,AWS Outbound,DataTransfer-Out-Bytes,,,,,HQEH3ZWJVT46JHRG.A429C66SYZ.6YS6EN2CT7,448848351048,USD,0.0000002897,0.0900000000,,GB,,,,,,,,,,23742807748,,,,,,,,,,,,,,,
ll24qdcmcmse7msadjokw6enn4xiwaufqqej3m7be4rolsbgtxca,2026-04-20T21:00:00Z/2026-04-20T22:00:00Z,,"Amazon Web Services, Inc.",AWS,Anniversary,430155298731,2026-04-01T00:00:00Z,2026-05-01T00:00:00Z,430155298731,Usage,2026-04-20T21:00:00Z,2026-04-20T22:00:00Z,AmazonEC2,DataTransfer-Out-Bytes,RunInstances,,i-0f0a8072e7526e7a0,0.0000003912,,,USD,0.0000000000,0.0000000000,0.0000000000,0.0000000000,$0.000 per GB - data transfer out under the monthly global free tier,,"Amazon Web Services, Inc.",Amazon Elastic Compute Cloud,,,,,,,,,,,,,,US East (N. Virginia),AWS Region,us-east-1,,,,,,,,,,,,,,,,,,,,,,,,,,,,,,Data Transfer,,us-east-1,,AWSDataTransfer,AWS Data Transfer,HQEH3ZWJVT46JHRG,,,,,External,Other,,AWS Outbound,DataTransfer-Out-Bytes,,,,,HQEH3ZWJVT46JHRG.A429C66SYZ.6YS6EN2CT7,448848351048,USD,0.0000000352,0.0900000000,,GB,,,,,,,,,,23742807748,,,,,,,,,,,,,,,
df3zv63sqih7xczr7dbner2maoh6sadcfvdtj6b7utkwvvtajjga,2026-04-21T08:00:00Z/2026-04-21T09:00:00Z,,"Amazon Web Services, Inc.",AWS,Anniversary,430155298731,2026-04-01T00:00:00Z,2026-05-01T00:00:00Z,430155298731,Usage,2026-04-21T08:00:00Z,2026-04-21T09:00:00Z,AmazonEC2,DataTransfer-Out-Bytes,RunInstances,,i-05f8fe07033f60d40,0.0000020247,,,USD,0.0000000000,0.0000000000,0.0000000000,0.0000000000,$0.000 per GB - data transfer out under the monthly global free tier,,"Amazon Web Services, Inc.",Amazon Elastic Compute Cloud,,,,,,,,,,,,,,US East (N. Virginia),AWS Region,us-east-1,,,,,,,,,,,,,,,,,,,,,,,,,,,,,,Data Transfer,,us-east-1,,AWSDataTransfer,AWS Data Transfer,HQEH3ZWJVT46JHRG,,,,,External,Other,,AWS Outbound,DataTransfer-Out-Bytes,,,,,HQEH3ZWJVT46JHRG.A429C66SYZ.6YS6EN2CT7,448848351048,USD,0.0000001822,0.0900000000,,GB,,,,,,,,,,23742807748,,,,,,,,,,,,,,,
rq3vzopixcq2pchyapsd65um7difpwcm5rdem6sf5m4d33rgpb6q,2026-04-21T08:00:00Z/2026-04-21T09:00:00Z,,"Amazon Web Services, Inc.",AWS,Anniversary,430155298731,2026-04-01T00:00:00Z,2026-05-01T00:00:00Z,430155298731,Usage,2026-04-21T08:00:00Z,2026-04-21T09:00:00Z,AmazonEC2,DataTransfer-Out-Bytes,RunInstances,,i-05f8fe07033f60d40,0.0000011325,,,USD,0.0000000000,0.0000000000,0.0000000000,0.0000000000,$0.000 per GB - data transfer out under the monthly global free tier,,"Amazon Web Services, Inc.",Amazon Elastic Compute Cloud,,,,,,,,,,,,,,US East (N. Virginia),AWS Region,us-east-1,,,,,,,,,,,,,,,,,,,,,,,,,,,,,,Data Transfer,,us-east-1,,AWSDataTransfer,AWS Data Transfer,HQEH3ZWJVT46JHRG,,,,,External,Other,,AWS Outbound,DataTransfer-Out-Bytes,,,,,HQEH3ZWJVT46JHRG.A429C66SYZ.6YS6EN2CT7,448848351048,USD,0.0000001019,0.0900000000,,GB,,,,,,,,,,23742807748,,,,,,,,,,,,,,,
rq3vzopixcq2pchyapsd65um7difpwcm5rdem6sf5m4d33rgpb6q,2026-04-21T09:00:00Z/2026-04-21T10:00:00Z,,"Amazon Web Services, Inc.",AWS,Anniversary,430155298731,2026-04-01T00:00:00Z,2026-05-01T00:00:00Z,430155298731,Usage,2026-04-21T09:00:00Z,2026-04-21T10:00:00Z,AmazonEC2,DataTransfer-Out-Bytes,RunInstances,,i-05f8fe07033f60d40,0.0000007339,,,USD,0.0000000000,0.0000000000,0.0000000000,0.0000000000,$0.000 per GB - data transfer out under the monthly global free tier,,"Amazon Web Services, Inc.",Amazon Elastic Compute Cloud,,,,,,,,,,,,,,US East (N. Virginia),AWS Region,us-east-1,,,,,,,,,,,,,,,,,,,,,,,,,,,,,,Data Transfer,,us-east-1,,AWSDataTransfer,AWS Data Transfer,HQEH3ZWJVT46JHRG,,,,,External,Other,,AWS Outbound,DataTransfer-Out-Bytes,,,,,HQEH3ZWJVT46JHRG.A429C66SYZ.6YS6EN2CT7,448848351048,USD,0.0000000661,0.0900000000,,GB,,,,,,,,,,23742807748,,,,,,,,,,,,,,,
rq3vzopixcq2pchyapsd65um7difpwcm5rdem6sf5m4d33rgpb6q,2026-04-21T10:00:00Z/2026-04-21T11:00:00Z,,"Amazon Web Services, Inc.",AWS,Anniversary,430155298731,2026-04-01T00:00:00Z,2026-05-01T00:00:00Z,430155298731,Usage,2026-04-21T10:00:00Z,2026-04-21T11:00:00Z,AmazonEC2,DataTransfer-Out-Bytes,RunInstances,,i-05f8fe07033f60d40,0.0000002868,,,USD,0.0000000000,0.0000000000,0.0000000000,0.0000000000,$0.000 per GB - data transfer out under the monthly global free tier,,"Amazon Web Services, Inc.",Amazon Elastic Compute Cloud,,,,,,,,,,,,,,US East (N. Virginia),AWS Region,us-east-1,,,,,,,,,,,,,,,,,,,,,,,,,,,,,,Data Transfer,,us-east-1,,AWSDataTransfer,AWS Data Transfer,HQEH3ZWJVT46JHRG,,,,,External,Other,,AWS Outbound,DataTransfer-Out-Bytes,,,,,HQEH3ZWJVT46JHRG.A429C66SYZ.6YS6EN2CT7,448848351048,USD,0.0000000258,0.0900000000,,GB,,,,,,,,,,23742807748,,,,,,,,,,,,,,,
wlw4cl6livs45vvaeyp52k4baygkvdmdbexmnx5hbqbdrdayc55a,2026-04-21T10:00:00Z/2026-04-21T11:00:00Z,,"Amazon Web Services, Inc.",AWS,Anniversary,430155298731,2026-04-01T00:00:00Z,2026-05-01T00:00:00Z,430155298731,Usage,2026-04-21T10:00:00Z,2026-04-21T11:00:00Z,AmazonEC2,DataTransfer-Out-Bytes,RunInstances,,i-05f8fe07033f60d40,0.0000022473,,,USD,0.0000000000,0.0000000000,0.0000000000,0.0000000000,$0.000 per GB - data transfer out under the monthly global free tier,,"Amazon Web Services, Inc.",Amazon Elastic Compute Cloud,,,,,,,,,,,,,,US East (N. Virginia),AWS Region,us-east-1,,,,,,,,,,,,,,,,,,,,,,,,,,,,,,Data Transfer,,us-east-1,,AWSDataTransfer,AWS Data Transfer,HQEH3ZWJVT46JHRG,,,,,External,Other,,AWS Outbound,DataTransfer-Out-Bytes,,,,,HQEH3ZWJVT46JHRG.A429C66SYZ.6YS6EN2CT7,448848351048,USD,0.0000002023,0.0900000000,,GB,,,,,,,,,,23742807748,,,,,,,,,,,,,,,
rq3vzopixcq2pchyapsd65um7difpwcm5rdem6sf5m4d33rgpb6q,2026-04-21T11:00:00Z/2026-04-21T12:00:00Z,,"Amazon Web Services, Inc.",AWS,Anniversary,430155298731,2026-04-01T00:00:00Z,2026-05-01T00:00:00Z,430155298731,Usage,2026-04-21T11:00:00Z,2026-04-21T12:00:00Z,AmazonEC2,DataTransfer-Out-Bytes,RunInstances,,i-05f8fe07033f60d40,0.0000002207,,,USD,0.0000000000,0.0000000000,0.0000000000,0.0000000000,$0.000 per GB - data transfer out under the monthly global free tier,,"Amazon Web Services, Inc.",Amazon Elastic Compute Cloud,,,,,,,,,,,,,,US East (N. Virginia),AWS Region,us-east-1,,,,,,,,,,,,,,,,,,,,,,,,,,,,,,Data Transfer,,us-east-1,,AWSDataTransfer,AWS Data Transfer,HQEH3ZWJVT46JHRG,,,,,External,Other,,AWS Outbound,DataTransfer-Out-Bytes,,,,,HQEH3ZWJVT46JHRG.A429C66SYZ.6YS6EN2CT7,448848351048,USD,0.0000000199,0.0900000000,,GB,,,,,,,,,,23742807748,,,,,,,,,,,,,,,
mkmdbyhiu65hdmqrk626lzvs6xyqidtpjs3ul5jyosdx7f5rucza,2026-04-20T20:00:00Z/2026-04-20T21:00:00Z,,"Amazon Web Services, Inc.",AWS,Anniversary,430155298731,2026-04-01T00:00:00Z,2026-05-01T00:00:00Z,430155298731,Usage,2026-04-20T20:00:00Z,2026-04-20T21:00:00Z,AmazonEC2,DataTransfer-Regional-Bytes,PublicIP-In,,i-0f0a8072e7526e7a0,0.0000078566,,,USD,0.0000000000,0.0000000000,0.0000000000,0.0000000000,$0.000 per GB - regional data transfer under the monthly global free tier,,"Amazon Web Services, Inc.",Amazon Elastic Compute Cloud,,,,,,,,,,,,,,US East (N. Virginia),AWS Region,us-east-1,,,,,,,,,,,,,,,,,,,,,,,,,,,,,,Data Transfer,,us-east-1,,AWSDataTransfer,AWS Data Transfer,PNUBVW4CPC8XA46W,,,,,US East (N. Virginia),AWS Region,us-east-1,IntraRegion,DataTransfer-Regional-Bytes,,,,,PNUBVW4CPC8XA46W.A429C66SYZ.6YS6EN2CT7,448848351189,USD,0.0000000786,0.0100000000,,GB,,,,,,,,,,23742807748,,,,,,,,,,,,,,,
mkmdbyhiu65hdmqrk626lzvs6xyqidtpjs3ul5jyosdx7f5rucza,2026-04-20T21:00:00Z/2026-04-20T22:00:00Z,,"Amazon Web Services, Inc.",AWS,Anniversary,430155298731,2026-04-01T00:00:00Z,2026-05-01T00:00:00Z,430155298731,Usage,2026-04-20T21:00:00Z,2026-04-20T22:00:00Z,AmazonEC2,DataTransfer-Regional-Bytes,PublicIP-In,,i-0f0a8072e7526e7a0,0.0000051670,,,USD,0.0000000000,0.0000000000,0.0000000000,0.0000000000,$0.000 per GB - regional data transfer under the monthly global free tier,,"Amazon Web Services, Inc.",Amazon Elastic Compute Cloud,,,,,,,,,,,,,,US East (N. Virginia),AWS Region,us-east-1,,,,,,,,,,,,,,,,,,,,,,,,,,,,,,Data Transfer,,us-east-1,,AWSDataTransfer,AWS Data Transfer,PNUBVW4CPC8XA46W,,,,,US East (N. Virginia),AWS Region,us-east-1,IntraRegion,DataTransfer-Regional-Bytes,,,,,PNUBVW4CPC8XA46W.A429C66SYZ.6YS6EN2CT7,448848351189,USD,0.0000000517,0.0100000000,,GB,,,,,,,,,,23742807748,,,,,,,,,,,,,,,
z4533xmzvgribezs7uep7bhvb2j2yflyz4lcmxreef2ibbj7le7a,2026-04-21T08:00:00Z/2026-04-21T09:00:00Z,,"Amazon Web Services, Inc.",AWS,Anniversary,430155298731,2026-04-01T00:00:00Z,2026-05-01T00:00:00Z,430155298731,Usage,2026-04-21T08:00:00Z,2026-04-21T09:00:00Z,AmazonEC2,DataTransfer-Regional-Bytes,PublicIP-In,,i-05f8fe07033f60d40,0.0000092722,,,USD,0.0000000000,0.0000000000,0.0000000000,0.0000000000,$0.000 per GB - regional data transfer under the monthly global free tier,,"Amazon Web Services, Inc.",Amazon Elastic Compute Cloud,,,,,,,,,,,,,,US East (N. Virginia),AWS Region,us-east-1,,,,,,,,,,,,,,,,,,,,,,,,,,,,,,Data Transfer,,us-east-1,,AWSDataTransfer,AWS Data Transfer,PNUBVW4CPC8XA46W,,,,,US East (N. Virginia),AWS Region,us-east-1,IntraRegion,DataTransfer-Regional-Bytes,,,,,PNUBVW4CPC8XA46W.A429C66SYZ.6YS6EN2CT7,448848351189,USD,0.0000000927,0.0100000000,,GB,,,,,,,,,,23742807748,,,,,,,,,,,,,,,
z4533xmzvgribezs7uep7bhvb2j2yflyz4lcmxreef2ibbj7le7a,2026-04-21T09:00:00Z/2026-04-21T10:00:00Z,,"Amazon Web Services, Inc.",AWS,Anniversary,430155298731,2026-04-01T00:00:00Z,2026-05-01T00:00:00Z,430155298731,Usage,2026-04-21T09:00:00Z,2026-04-21T10:00:00Z,AmazonEC2,DataTransfer-Regional-Bytes,PublicIP-In,,i-05f8fe07033f60d40,0.0000048839,,,USD,0.0000000000,0.0000000000,0.0000000000,0.0000000000,$0.000 per GB - regional data transfer under the monthly global free tier,,"Amazon Web Services, Inc.",Amazon Elastic Compute Cloud,,,,,,,,,,,,,,US East (N. Virginia),AWS Region,us-east-1,,,,,,,,,,,,,,,,,,,,,,,,,,,,,,Data Transfer,,us-east-1,,AWSDataTransfer,AWS Data Transfer,PNUBVW4CPC8XA46W,,,,,US East (N. Virginia),AWS Region,us-east-1,IntraRegion,DataTransfer-Regional-Bytes,,,,,PNUBVW4CPC8XA46W.A429C66SYZ.6YS6EN2CT7,448848351189,USD,0.0000000488,0.0100000000,,GB,,,,,,,,,,23742807748,,,,,,,,,,,,,,,
z4533xmzvgribezs7uep7bhvb2j2yflyz4lcmxreef2ibbj7le7a,2026-04-21T10:00:00Z/2026-04-21T11:00:00Z,,"Amazon Web Services, Inc.",AWS,Anniversary,430155298731,2026-04-01T00:00:00Z,2026-05-01T00:00:00Z,430155298731,Usage,2026-04-21T10:00:00Z,2026-04-21T11:00:00Z,AmazonEC2,DataTransfer-Regional-Bytes,PublicIP-In,,i-05f8fe07033f60d40,0.0000049546,,,USD,0.0000000000,0.0000000000,0.0000000000,0.0000000000,$0.000 per GB - regional data transfer under the monthly global free tier,,"Amazon Web Services, Inc.",Amazon Elastic Compute Cloud,,,,,,,,,,,,,,US East (N. Virginia),AWS Region,us-east-1,,,,,,,,,,,,,,,,,,,,,,,,,,,,,,Data Transfer,,us-east-1,,AWSDataTransfer,AWS Data Transfer,PNUBVW4CPC8XA46W,,,,,US East (N. Virginia),AWS Region,us-east-1,IntraRegion,DataTransfer-Regional-Bytes,,,,,PNUBVW4CPC8XA46W.A429C66SYZ.6YS6EN2CT7,448848351189,USD,0.0000000495,0.0100000000,,GB,,,,,,,,,,23742807748,,,,,,,,,,,,,,,
z4533xmzvgribezs7uep7bhvb2j2yflyz4lcmxreef2ibbj7le7a,2026-04-21T11:00:00Z/2026-04-21T12:00:00Z,,"Amazon Web Services, Inc.",AWS,Anniversary,430155298731,2026-04-01T00:00:00Z,2026-05-01T00:00:00Z,430155298731,Usage,2026-04-21T11:00:00Z,2026-04-21T12:00:00Z,AmazonEC2,DataTransfer-Regional-Bytes,PublicIP-In,,i-05f8fe07033f60d40,0.0000016987,,,USD,0.0000000000,0.0000000000,0.0000000000,0.0000000000,$0.000 per GB - regional data transfer under the monthly global free tier,,"Amazon Web Services, Inc.",Amazon Elastic Compute Cloud,,,,,,,,,,,,,,US East (N. Virginia),AWS Region,us-east-1,,,,,,,,,,,,,,,,,,,,,,,,,,,,,,Data Transfer,,us-east-1,,AWSDataTransfer,AWS Data Transfer,PNUBVW4CPC8XA46W,,,,,US East (N. Virginia),AWS Region,us-east-1,IntraRegion,DataTransfer-Regional-Bytes,,,,,PNUBVW4CPC8XA46W.A429C66SYZ.6YS6EN2CT7,448848351189,USD,0.0000000170,0.0100000000,,GB,,,,,,,,,,23742807748,,,,,,,,,,,,,,,
r4gdqmnmm2f2riqmvgnou2zn6sd3vi3pimoxtcjtepai6wq2pquq,2026-04-20T20:00:00Z/2026-04-20T21:00:00Z,,"Amazon Web Services, Inc.",AWS,Anniversary,430155298731,2026-04-01T00:00:00Z,2026-05-01T00:00:00Z,430155298731,Usage,2026-04-20T20:00:00Z,2026-04-20T21:00:00Z,AmazonEC2,DataTransfer-Regional-Bytes,PublicIP-Out,,i-0f0a8072e7526e7a0,0.0000078566,,,USD,0.0000000000,0.0000000000,0.0000000000,0.0000000000,$0.000 per GB - regional data transfer under the monthly global free tier,,"Amazon Web Services, Inc.",Amazon Elastic Compute Cloud,,,,,,,,,,,,,,US East (N. Virginia),AWS Region,us-east-1,,,,,,,,,,,,,,,,,,,,,,,,,,,,,,Data Transfer,,us-east-1,,AWSDataTransfer,AWS Data Transfer,PNUBVW4CPC8XA46W,,,,,US East (N. Virginia),AWS Region,us-east-1,IntraRegion,DataTransfer-Regional-Bytes,,,,,PNUBVW4CPC8XA46W.A429C66SYZ.6YS6EN2CT7,448848351189,USD,0.0000000786,0.0100000000,,GB,,,,,,,,,,23742807748,,,,,,,,,,,,,,,
r4gdqmnmm2f2riqmvgnou2zn6sd3vi3pimoxtcjtepai6wq2pquq,2026-04-20T21:00:00Z/2026-04-20T22:00:00Z,,"Amazon Web Services, Inc.",AWS,Anniversary,430155298731,2026-04-01T00:00:00Z,2026-05-01T00:00:00Z,430155298731,Usage,2026-04-20T21:00:00Z,2026-04-20T22:00:00Z,AmazonEC2,DataTransfer-Regional-Bytes,PublicIP-Out,,i-0f0a8072e7526e7a0,0.0000051670,,,USD,0.0000000000,0.0000000000,0.0000000000,0.0000000000,$0.000 per GB - regional data transfer under the monthly global free tier,,"Amazon Web Services, Inc.",Amazon Elastic Compute Cloud,,,,,,,,,,,,,,US East (N. Virginia),AWS Region,us-east-1,,,,,,,,,,,,,,,,,,,,,,,,,,,,,,Data Transfer,,us-east-1,,AWSDataTransfer,AWS Data Transfer,PNUBVW4CPC8XA46W,,,,,US East (N. Virginia),AWS Region,us-east-1,IntraRegion,DataTransfer-Regional-Bytes,,,,,PNUBVW4CPC8XA46W.A429C66SYZ.6YS6EN2CT7,448848351189,USD,0.0000000517,0.0100000000,,GB,,,,,,,,,,23742807748,,,,,,,,,,,,,,,
gh2eodn265iheo6pfu5i7qelboaya6ff4ep2eju37yefzvrca2ja,2026-04-21T08:00:00Z/2026-04-21T09:00:00Z,,"Amazon Web Services, Inc.",AWS,Anniversary,430155298731,2026-04-01T00:00:00Z,2026-05-01T00:00:00Z,430155298731,Usage,2026-04-21T08:00:00Z,2026-04-21T09:00:00Z,AmazonEC2,DataTransfer-Regional-Bytes,PublicIP-Out,,i-05f8fe07033f60d40,0.0000092722,,,USD,0.0000000000,0.0000000000,0.0000000000,0.0000000000,$0.000 per GB - regional data transfer under the monthly global free tier,,"Amazon Web Services, Inc.",Amazon Elastic Compute Cloud,,,,,,,,,,,,,,US East (N. Virginia),AWS Region,us-east-1,,,,,,,,,,,,,,,,,,,,,,,,,,,,,,Data Transfer,,us-east-1,,AWSDataTransfer,AWS Data Transfer,PNUBVW4CPC8XA46W,,,,,US East (N. Virginia),AWS Region,us-east-1,IntraRegion,DataTransfer-Regional-Bytes,,,,,PNUBVW4CPC8XA46W.A429C66SYZ.6YS6EN2CT7,448848351189,USD,0.0000000927,0.0100000000,,GB,,,,,,,,,,23742807748,,,,,,,,,,,,,,,
gh2eodn265iheo6pfu5i7qelboaya6ff4ep2eju37yefzvrca2ja,2026-04-21T09:00:00Z/2026-04-21T10:00:00Z,,"Amazon Web Services, Inc.",AWS,Anniversary,430155298731,2026-04-01T00:00:00Z,2026-05-01T00:00:00Z,430155298731,Usage,2026-04-21T09:00:00Z,2026-04-21T10:00:00Z,AmazonEC2,DataTransfer-Regional-Bytes,PublicIP-Out,,i-05f8fe07033f60d40,0.0000048839,,,USD,0.0000000000,0.0000000000,0.0000000000,0.0000000000,$0.000 per GB - regional data transfer under the monthly global free tier,,"Amazon Web Services, Inc.",Amazon Elastic Compute Cloud,,,,,,,,,,,,,,US East (N. Virginia),AWS Region,us-east-1,,,,,,,,,,,,,,,,,,,,,,,,,,,,,,Data Transfer,,us-east-1,,AWSDataTransfer,AWS Data Transfer,PNUBVW4CPC8XA46W,,,,,US East (N. Virginia),AWS Region,us-east-1,IntraRegion,DataTransfer-Regional-Bytes,,,,,PNUBVW4CPC8XA46W.A429C66SYZ.6YS6EN2CT7,448848351189,USD,0.0000000488,0.0100000000,,GB,,,,,,,,,,23742807748,,,,,,,,,,,,,,,
gh2eodn265iheo6pfu5i7qelboaya6ff4ep2eju37yefzvrca2ja,2026-04-21T10:00:00Z/2026-04-21T11:00:00Z,,"Amazon Web Services, Inc.",AWS,Anniversary,430155298731,2026-04-01T00:00:00Z,2026-05-01T00:00:00Z,430155298731,Usage,2026-04-21T10:00:00Z,2026-04-21T11:00:00Z,AmazonEC2,DataTransfer-Regional-Bytes,PublicIP-Out,,i-05f8fe07033f60d40,0.0000049546,,,USD,0.0000000000,0.0000000000,0.0000000000,0.0000000000,$0.000 per GB - regional data transfer under the monthly global free tier,,"Amazon Web Services, Inc.",Amazon Elastic Compute Cloud,,,,,,,,,,,,,,US East (N. Virginia),AWS Region,us-east-1,,,,,,,,,,,,,,,,,,,,,,,,,,,,,,Data Transfer,,us-east-1,,AWSDataTransfer,AWS Data Transfer,PNUBVW4CPC8XA46W,,,,,US East (N. Virginia),AWS Region,us-east-1,IntraRegion,DataTransfer-Regional-Bytes,,,,,PNUBVW4CPC8XA46W.A429C66SYZ.6YS6EN2CT7,448848351189,USD,0.0000000495,0.0100000000,,GB,,,,,,,,,,23742807748,,,,,,,,,,,,,,,
gh2eodn265iheo6pfu5i7qelboaya6ff4ep2eju37yefzvrca2ja,2026-04-21T11:00:00Z/2026-04-21T12:00:00Z,,"Amazon Web Services, Inc.",AWS,Anniversary,430155298731,2026-04-01T00:00:00Z,2026-05-01T00:00:00Z,430155298731,Usage,2026-04-21T11:00:00Z,2026-04-21T12:00:00Z,AmazonEC2,DataTransfer-Regional-Bytes,PublicIP-Out,,i-05f8fe07033f60d40,0.0000016987,,,USD,0.0000000000,0.0000000000,0.0000000000,0.0000000000,$0.000 per GB - regional data transfer under the monthly global free tier,,"Amazon Web Services, Inc.",Amazon Elastic Compute Cloud,,,,,,,,,,,,,,US East (N. Virginia),AWS Region,us-east-1,,,,,,,,,,,,,,,,,,,,,,,,,,,,,,Data Transfer,,us-east-1,,AWSDataTransfer,AWS Data Transfer,PNUBVW4CPC8XA46W,,,,,US East (N. Virginia),AWS Region,us-east-1,IntraRegion,DataTransfer-Regional-Bytes,,,,,PNUBVW4CPC8XA46W.A429C66SYZ.6YS6EN2CT7,448848351189,USD,0.0000000170,0.0100000000,,GB,,,,,,,,,,23742807748,,,,,,,,,,,,,,,
v2mcuy5lyy3p6rpsjwzgm4ebiyg4jzdnwgmtzvj27dsyrfkgapfa,2026-04-19T22:00:00Z/2026-04-19T23:00:00Z,,"Amazon Web Services, Inc.",AWS,Anniversary,430155298731,2026-04-01T00:00:00Z,2026-05-01T00:00:00Z,430155298731,Usage,2026-04-19T22:00:00Z,2026-04-19T23:00:00Z,AmazonEC2,EUN1-CloudFront-In-Bytes,RunInstances,,i-0e7a97edd820a1d28,0.0079244096,,,USD,0.0000000000,0.0000000000,0.0000000000,0.0000000000,USD 0.0 per GB for CloudFront-In-Bytes in EU (Stockholm),,"Amazon Web Services, Inc.",Amazon Elastic Compute Cloud,,,,,,,,,,,,,,EU (Stockholm),AWS Region,eu-north-1,,,,,,,,,,,,,,,,,,,,,,,,,,,,,,Data Transfer,,eu-north-1,,AWSDataTransfer,AWS Data Transfer,Z6N3HPZH6VSS83RD,,,,,Amazon CloudFront,AWS Edge Location,,InterRegion Inbound,EUN1-CloudFront-In-Bytes,,,,,Z6N3HPZH6VSS83RD.JRTCKXETXF.6YS6EN2CT7,448848902321,USD,0.0000000000,0.0000000000,OnDemand,GB,,,,,,,,,,23742807748,,,,,,,,,,,,,,,
glii6o6wi2mwycahvx3qz6s2qaamkc6xkvm6e2pdigji3awcxhna,2026-04-19T22:00:00Z/2026-04-19T23:00:00Z,,"Amazon Web Services, Inc.",AWS,Anniversary,430155298731,2026-04-01T00:00:00Z,2026-05-01T00:00:00Z,430155298731,Usage,2026-04-19T22:00:00Z,2026-04-19T23:00:00Z,AmazonEC2,EUN1-CloudFront-Out-Bytes,RunInstances,,i-0e7a97edd820a1d28,0.0000714920,,,USD,0.0000000000,0.0000000000,0.0000000000,0.0000000000,USD 0.0 per GB for CloudFront-Out-Bytes in EU (Stockholm),,"Amazon Web Services, Inc.",Amazon Elastic Compute Cloud,,,,,,,,,,,,,,EU (Stockholm),AWS Region,eu-north-1,,,,,,,,,,,,,,,,,,,,,,,,,,,,,,Data Transfer,,eu-north-1,,AWSDataTransfer,AWS Data Transfer,BGME7MH2NPKKTQSK,,,,,Amazon CloudFront,AWS Edge Location,,InterRegion Outbound,EUN1-CloudFront-Out-Bytes,,,,,BGME7MH2NPKKTQSK.JRTCKXETXF.6YS6EN2CT7,448848899661,USD,0.0000000000,0.0000000000,OnDemand,GB,,,,,,,,,,23742807748,,,,,,,,,,,,,,,
ug237qt4zqazndnivdjjolx5ajkok24eqig53log6shfybhxbedq,2026-04-16T19:00:00Z/2026-04-16T20:00:00Z,,"Amazon Web Services, Inc.",AWS,Anniversary,430155298731,2026-04-01T00:00:00Z,2026-05-01T00:00:00Z,430155298731,Usage,2026-04-16T19:00:00Z,2026-04-16T20:00:00Z,AmazonS3,EUN1-DataTransfer-In-Bytes,CompleteMultipartUpload,,fincloud-s3-demo,0.0000003790,,,USD,0.0000000000,0.0000000000,0.0000000000,0.0000000000,USD 0.0 per GB for DataTransfer-In-Bytes in EU (Stockholm),,"Amazon Web Services, Inc.",Amazon Simple Storage Service,,,,,,,,,,,,,,External,Other,,,,,,,,,,,,,,,,,,,,,,,,,,,,,,,Data Transfer,,eu-north-1,,AWSDataTransfer,AWS Data Transfer,SX8GVDSYFRMFRK9T,,,,,EU (Stockholm),AWS Region,eu-north-1,AWS Inbound,EUN1-DataTransfer-In-Bytes,,,,,SX8GVDSYFRMFRK9T.JRTCKXETXF.6YS6EN2CT7,448848892619,USD,0.0000000000,0.0000000000,OnDemand,GB,,,,,,,,,,23742807748,,,,,,,,,,,,,,,
nrujb7twba4te5qrn2fro6euk2oybiwlwoyjrho2pi22a3ltcd3q,2026-04-19T21:00:00Z/2026-04-19T22:00:00Z,,"Amazon Web Services, Inc.",AWS,Anniversary,430155298731,2026-04-01T00:00:00Z,2026-05-01T00:00:00Z,430155298731,Usage,2026-04-19T21:00:00Z,2026-04-19T22:00:00Z,AmazonS3,EUN1-DataTransfer-In-Bytes,CompleteMultipartUpload,,fincloud-data-xyz,0.0000006305,,,USD,0.0000000000,0.0000000000,0.0000000000,0.0000000000,USD 0.0 per GB for DataTransfer-In-Bytes in EU (Stockholm),,"Amazon Web Services, Inc.",Amazon Simple Storage Service,,,,,,,,,,,,,,External,Other,,,,,,,,,,,,,,,,,,,,,,,,,,,,,,,Data Transfer,,eu-north-1,,AWSDataTransfer,AWS Data Transfer,SX8GVDSYFRMFRK9T,,,,,EU (Stockholm),AWS Region,eu-north-1,AWS Inbound,EUN1-DataTransfer-In-Bytes,,,,,SX8GVDSYFRMFRK9T.JRTCKXETXF.6YS6EN2CT7,448848892619,USD,0.0000000000,0.0000000000,OnDemand,GB,,,,,,,,,,23742807748,,,,,,,,,,,,,,,
nrujb7twba4te5qrn2fro6euk2oybiwlwoyjrho2pi22a3ltcd3q,2026-04-19T22:00:00Z/2026-04-19T23:00:00Z,,"Amazon Web Services, Inc.",AWS,Anniversary,430155298731,2026-04-01T00:00:00Z,2026-05-01T00:00:00Z,430155298731,Usage,2026-04-19T22:00:00Z,2026-04-19T23:00:00Z,AmazonS3,EUN1-DataTransfer-In-Bytes,CompleteMultipartUpload,,fincloud-data-xyz,0.0000012629,,,USD,0.0000000000,0.0000000000,0.0000000000,0.0000000000,USD 0.0 per GB for DataTransfer-In-Bytes in EU (Stockholm),,"Amazon Web Services, Inc.",Amazon Simple Storage Service,,,,,,,,,,,,,,External,Other,,,,,,,,,,,,,,,,,,,,,,,,,,,,,,,Data Transfer,,eu-north-1,,AWSDataTransfer,AWS Data Transfer,SX8GVDSYFRMFRK9T,,,,,EU (Stockholm),AWS Region,eu-north-1,AWS Inbound,EUN1-DataTransfer-In-Bytes,,,,,SX8GVDSYFRMFRK9T.JRTCKXETXF.6YS6EN2CT7,448848892619,USD,0.0000000000,0.0000000000,OnDemand,GB,,,,,,,,,,23742807748,,,,,,,,,,,,,,,
swcbworrktg45vf4yask724mkc2kbswnl6e7k6c4uccsul7wdh6a,2026-04-16T19:00:00Z/2026-04-16T20:00:00Z,,"Amazon Web Services, Inc.",AWS,Anniversary,430155298731,2026-04-01T00:00:00Z,2026-05-01T00:00:00Z,430155298731,Usage,2026-04-16T19:00:00Z,2026-04-16T20:00:00Z,AmazonS3,EUN1-DataTransfer-In-Bytes,PutObject,,fincloud-s3-demo,0.0039778510,,,USD,0.0000000000,0.0000000000,0.0000000000,0.0000000000,USD 0.0 per GB for DataTransfer-In-Bytes in EU (Stockholm),,"Amazon Web Services, Inc.",Amazon Simple Storage Service,,,,,,,,,,,,,,External,Other,,,,,,,,,,,,,,,,,,,,,,,,,,,,,,,Data Transfer,,eu-north-1,,AWSDataTransfer,AWS Data Transfer,SX8GVDSYFRMFRK9T,,,,,EU (Stockholm),AWS Region,eu-north-1,AWS Inbound,EUN1-DataTransfer-In-Bytes,,,,,SX8GVDSYFRMFRK9T.JRTCKXETXF.6YS6EN2CT7,448848892619,USD,0.0000000000,0.0000000000,OnDemand,GB,,,,,,,,,,23742807748,,,,,,,,,,,,,,,
e7vncdeqvjssxqni6ygzgzcthhu6sxlmbla3twi3fsyb6sh6tleq,2026-04-19T21:00:00Z/2026-04-19T22:00:00Z,,"Amazon Web Services, Inc.",AWS,Anniversary,430155298731,2026-04-01T00:00:00Z,2026-05-01T00:00:00Z,430155298731,Usage,2026-04-19T21:00:00Z,2026-04-19T22:00:00Z,AmazonS3,EUN1-DataTransfer-In-Bytes,PutObject,,fincloud-data-xyz,0.0000754921,,,USD,0.0000000000,0.0000000000,0.0000000000,0.0000000000,USD 0.0 per GB for DataTransfer-In-Bytes in EU (Stockholm),,"Amazon Web Services, Inc.",Amazon Simple Storage Service,,,,,,,,,,,,,,External,Other,,,,,,,,,,,,,,,,,,,,,,,,,,,,,,,Data Transfer,,eu-north-1,,AWSDataTransfer,AWS Data Transfer,SX8GVDSYFRMFRK9T,,,,,EU (Stockholm),AWS Region,eu-north-1,AWS Inbound,EUN1-DataTransfer-In-Bytes,,,,,SX8GVDSYFRMFRK9T.JRTCKXETXF.6YS6EN2CT7,448848892619,USD,0.0000000000,0.0000000000,OnDemand,GB,,,,,,,,,,23742807748,,,,,,,,,,,,,,,
e7vncdeqvjssxqni6ygzgzcthhu6sxlmbla3twi3fsyb6sh6tleq,2026-04-19T22:00:00Z/2026-04-19T23:00:00Z,,"Amazon Web Services, Inc.",AWS,Anniversary,430155298731,2026-04-01T00:00:00Z,2026-05-01T00:00:00Z,430155298731,Usage,2026-04-19T22:00:00Z,2026-04-19T23:00:00Z,AmazonS3,EUN1-DataTransfer-In-Bytes,PutObject,,fincloud-data-xyz,0.0501390668,,,USD,0.0000000000,0.0000000000,0.0000000000,0.0000000000,USD 0.0 per GB for DataTransfer-In-Bytes in EU (Stockholm),,"Amazon Web Services, Inc.",Amazon Simple Storage Service,,,,,,,,,,,,,,External,Other,,,,,,,,,,,,,,,,,,,,,,,,,,,,,,,Data Transfer,,eu-north-1,,AWSDataTransfer,AWS Data Transfer,SX8GVDSYFRMFRK9T,,,,,EU (Stockholm),AWS Region,eu-north-1,AWS Inbound,EUN1-DataTransfer-In-Bytes,,,,,SX8GVDSYFRMFRK9T.JRTCKXETXF.6YS6EN2CT7,448848892619,USD,0.0000000000,0.0000000000,OnDemand,GB,,,,,,,,,,23742807748,,,,,,,,,,,,,,,
4nx4o27bino7wxvzxfkdjcii6shklkottljb5berqssci2de4eia,2026-04-16T20:00:00Z/2026-04-16T21:00:00Z,,"Amazon Web Services, Inc.",AWS,Anniversary,430155298731,2026-04-01T00:00:00Z,2026-05-01T00:00:00Z,430155298731,Usage,2026-04-16T20:00:00Z,2026-04-16T21:00:00Z,AmazonEC2,EUN1-DataTransfer-In-Bytes,RunInstances,,i-099a28da00871efc7,0.0000000484,,,USD,0.0000000000,0.0000000000,0.0000000000,0.0000000000,USD 0.0 per GB for DataTransfer-In-Bytes in EU (Stockholm),,"Amazon Web Services, Inc.",Amazon Elastic Compute Cloud,,,,,,,,,,,,,,External,Other,,,,,,,,,,,,,,,,,,,,,,,,,,,,,,,Data Transfer,,eu-north-1,,AWSDataTransfer,AWS Data Transfer,SX8GVDSYFRMFRK9T,,,,,EU (Stockholm),AWS Region,eu-north-1,AWS Inbound,EUN1-DataTransfer-In-Bytes,,,,,SX8GVDSYFRMFRK9T.JRTCKXETXF.6YS6EN2CT7,448848892619,USD,0.0000000000,0.0000000000,OnDemand,GB,,,,,,,,,,23742807748,,,,,,,,,,,,,,,
esg4pnxtp6xxpoymwbzo6y75blki53x3t3yngjji6hwe3fea36kq,2026-04-16T20:00:00Z/2026-04-16T21:00:00Z,,"Amazon Web Services, Inc.",AWS,Anniversary,430155298731,2026-04-01T00:00:00Z,2026-05-01T00:00:00Z,430155298731,Usage,2026-04-16T20:00:00Z,2026-04-16T21:00:00Z,AmazonEC2,EUN1-DataTransfer-In-Bytes,RunInstances,,i-099a28da00871efc7,0.0000017136,,,USD,0.0000000000,0.0000000000,0.0000000000,0.0000000000,USD 0.0 per GB for DataTransfer-In-Bytes in EU (Stockholm),,"Amazon Web Services, Inc.",Amazon Elastic Compute Cloud,,,,,,,,,,,,,,External,Other,,,,,,,,,,,,,,,,,,,,,,,,,,,,,,,Data Transfer,,eu-north-1,,AWSDataTransfer,AWS Data Transfer,SX8GVDSYFRMFRK9T,,,,,EU (Stockholm),AWS Region,eu-north-1,AWS Inbound,EUN1-DataTransfer-In-Bytes,,,,,SX8GVDSYFRMFRK9T.JRTCKXETXF.6YS6EN2CT7,448848892619,USD,0.0000000000,0.0000000000,OnDemand,GB,,,,,,,,,,23742807748,,,,,,,,,,,,,,,
ipbo5aldh4tv2ybpdwm7ep5gdlhtfqmvgw24s4rfkani7lsjlkca,2026-04-16T20:00:00Z/2026-04-16T21:00:00Z,,"Amazon Web Services, Inc.",AWS,Anniversary,430155298731,2026-04-01T00:00:00Z,2026-05-01T00:00:00Z,430155298731,Usage,2026-04-16T20:00:00Z,2026-04-16T21:00:00Z,AmazonEC2,EUN1-DataTransfer-In-Bytes,RunInstances,,i-099a28da00871efc7,0.0000041351,,,USD,0.0000000000,0.0000000000,0.0000000000,0.0000000000,USD 0.0 per GB for DataTransfer-In-Bytes in EU (Stockholm),,"Amazon Web Services, Inc.",Amazon Elastic Compute Cloud,,,,,,,,,,,,,,External,Other,,,,,,,,,,,,,,,,,,,,,,,,,,,,,,,Data Transfer,,eu-north-1,,AWSDataTransfer,AWS Data Transfer,SX8GVDSYFRMFRK9T,,,,,EU (Stockholm),AWS Region,eu-north-1,AWS Inbound,EUN1-DataTransfer-In-Bytes,,,,,SX8GVDSYFRMFRK9T.JRTCKXETXF.6YS6EN2CT7,448848892619,USD,0.0000000000,0.0000000000,OnDemand,GB,,,,,,,,,,23742807748,,,,,,,,,,,,,,,
esg4pnxtp6xxpoymwbzo6y75blki53x3t3yngjji6hwe3fea36kq,2026-04-16T21:00:00Z/2026-04-16T22:00:00Z,,"Amazon Web Services, Inc.",AWS,Anniversary,430155298731,2026-04-01T00:00:00Z,2026-05-01T00:00:00Z,430155298731,Usage,2026-04-16T21:00:00Z,2026-04-16T22:00:00Z,AmazonEC2,EUN1-DataTransfer-In-Bytes,RunInstances,,i-099a28da00871efc7,0.0000001714,,,USD,0.0000000000,0.0000000000,0.0000000000,0.0000000000,USD 0.0 per GB for DataTransfer-In-Bytes in EU (Stockholm),,"Amazon Web Services, Inc.",Amazon Elastic Compute Cloud,,,,,,,,,,,,,,External,Other,,,,,,,,,,,,,,,,,,,,,,,,,,,,,,,Data Transfer,,eu-north-1,,AWSDataTransfer,AWS Data Transfer,SX8GVDSYFRMFRK9T,,,,,EU (Stockholm),AWS Region,eu-north-1,AWS Inbound,EUN1-DataTransfer-In-Bytes,,,,,SX8GVDSYFRMFRK9T.JRTCKXETXF.6YS6EN2CT7,448848892619,USD,0.0000000000,0.0000000000,OnDemand,GB,,,,,,,,,,23742807748,,,,,,,,,,,,,,,
fh2eo2strgfcpqwirvvzrptnevsy2x6fci4xruufearmqcle6raa,2026-04-19T21:00:00Z/2026-04-19T22:00:00Z,,"Amazon Web Services, Inc.",AWS,Anniversary,430155298731,2026-04-01T00:00:00Z,2026-05-01T00:00:00Z,430155298731,Usage,2026-04-19T21:00:00Z,2026-04-19T22:00:00Z,AmazonEC2,EUN1-DataTransfer-In-Bytes,RunInstances,,i-0e7a97edd820a1d28,0.0000010338,,,USD,0.0000000000,0.0000000000,0.0000000000,0.0000000000,USD 0.0 per GB for DataTransfer-In-Bytes in EU (Stockholm),,"Amazon Web Services, Inc.",Amazon Elastic Compute Cloud,,,,,,,,,,,,,,External,Other,,,,,,,,,,,,,,,,,,,,,,,,,,,,,,,Data Transfer,,eu-north-1,,AWSDataTransfer,AWS Data Transfer,SX8GVDSYFRMFRK9T,,,,,EU (Stockholm),AWS Region,eu-north-1,AWS Inbound,EUN1-DataTransfer-In-Bytes,,,,,SX8GVDSYFRMFRK9T.JRTCKXETXF.6YS6EN2CT7,448848892619,USD,0.0000000000,0.0000000000,OnDemand,GB,,,,,,,,,,23742807748,,,,,,,,,,,,,,,
n4sjp4g65aiaese2hfypollu5ig5uzrvyt6g63ts5xesjbdn3i3a,2026-04-19T21:00:00Z/2026-04-19T22:00:00Z,,"Amazon Web Services, Inc.",AWS,Anniversary,430155298731,2026-04-01T00:00:00Z,2026-05-01T00:00:00Z,430155298731,Usage,2026-04-19T21:00:00Z,2026-04-19T22:00:00Z,AmazonEC2,EUN1-DataTransfer-In-Bytes,RunInstances,,i-0e7a97edd820a1d28,0.0000007823,,,USD,0.0000000000,0.0000000000,0.0000000000,0.0000000000,USD 0.0 per GB for DataTransfer-In-Bytes in EU (Stockholm),,"Amazon Web Services, Inc.",Amazon Elastic Compute Cloud,,,,,,,,,,,,,,External,Other,,,,,,,,,,,,,,,,,,,,,,,,,,,,,,,Data Transfer,,eu-north-1,,AWSDataTransfer,AWS Data Transfer,SX8GVDSYFRMFRK9T,,,,,EU (Stockholm),AWS Region,eu-north-1,AWS Inbound,EUN1-DataTransfer-In-Bytes,,,,,SX8GVDSYFRMFRK9T.JRTCKXETXF.6YS6EN2CT7,448848892619,USD,0.0000000000,0.0000000000,OnDemand,GB,,,,,,,,,,23742807748,,,,,,,,,,,,,,,
6x46xww23c2r5wioey2horkvhb3d5zhlkuwmk6bmt2ovhnxxo57q,2026-04-19T22:00:00Z/2026-04-19T23:00:00Z,,"Amazon Web Services, Inc.",AWS,Anniversary,430155298731,2026-04-01T00:00:00Z,2026-05-01T00:00:00Z,430155298731,Usage,2026-04-19T22:00:00Z,2026-04-19T23:00:00Z,AmazonEC2,EUN1-DataTransfer-In-Bytes,RunInstances,,i-0e7a97edd820a1d28,0.0000000410,,,USD,0.0000000000,0.0000000000,0.0000000000,0.0000000000,USD 0.0 per GB for DataTransfer-In-Bytes in EU (Stockholm),,"Amazon Web Services, Inc.",Amazon Elastic Compute Cloud,,,,,,,,,,,,,,External,Other,,,,,,,,,,,,,,,,,,,,,,,,,,,,,,,Data Transfer,,eu-north-1,,AWSDataTransfer,AWS Data Transfer,SX8GVDSYFRMFRK9T,,,,,EU (Stockholm),AWS Region,eu-north-1,AWS Inbound,EUN1-DataTransfer-In-Bytes,,,,,SX8GVDSYFRMFRK9T.JRTCKXETXF.6YS6EN2CT7,448848892619,USD,0.0000000000,0.0000000000,OnDemand,GB,,,,,,,,,,23742807748,,,,,,,,,,,,,,,
n4sjp4g65aiaese2hfypollu5ig5uzrvyt6g63ts5xesjbdn3i3a,2026-04-19T22:00:00Z/2026-04-19T23:00:00Z,,"Amazon Web Services, Inc.",AWS,Anniversary,430155298731,2026-04-01T00:00:00Z,2026-05-01T00:00:00Z,430155298731,Usage,2026-04-19T22:00:00Z,2026-04-19T23:00:00Z,AmazonEC2,EUN1-DataTransfer-In-Bytes,RunInstances,,i-0e7a97edd820a1d28,0.0000000373,,,USD,0.0000000000,0.0000000000,0.0000000000,0.0000000000,USD 0.0 per GB for DataTransfer-In-Bytes in EU (Stockholm),,"Amazon Web Services, Inc.",Amazon Elastic Compute Cloud,,,,,,,,,,,,,,External,Other,,,,,,,,,,,,,,,,,,,,,,,,,,,,,,,Data Transfer,,eu-north-1,,AWSDataTransfer,AWS Data Transfer,SX8GVDSYFRMFRK9T,,,,,EU (Stockholm),AWS Region,eu-north-1,AWS Inbound,EUN1-DataTransfer-In-Bytes,,,,,SX8GVDSYFRMFRK9T.JRTCKXETXF.6YS6EN2CT7,448848892619,USD,0.0000000000,0.0000000000,OnDemand,GB,,,,,,,,,,23742807748,,,,,,,,,,,,,,,
pc2dj24p2ldpek773bxtokcmz6ifokwyttt3rhocmif4hnemtmzq,2026-04-16T19:00:00Z/2026-04-16T20:00:00Z,,"Amazon Web Services, Inc.",AWS,Anniversary,430155298731,2026-04-01T00:00:00Z,2026-05-01T00:00:00Z,430155298731,Usage,2026-04-16T19:00:00Z,2026-04-16T20:00:00Z,AmazonS3,EUN1-DataTransfer-In-Bytes,UploadPart,,fincloud-s3-demo,0.0287175393,,,USD,0.0000000000,0.0000000000,0.0000000000,0.0000000000,USD 0.0 per GB for DataTransfer-In-Bytes in EU (Stockholm),,"Amazon Web Services, Inc.",Amazon Simple Storage Service,,,,,,,,,,,,,,External,Other,,,,,,,,,,,,,,,,,,,,,,,,,,,,,,,Data Transfer,,eu-north-1,,AWSDataTransfer,AWS Data Transfer,SX8GVDSYFRMFRK9T,,,,,EU (Stockholm),AWS Region,eu-north-1,AWS Inbound,EUN1-DataTransfer-In-Bytes,,,,,SX8GVDSYFRMFRK9T.JRTCKXETXF.6YS6EN2CT7,448848892619,USD,0.0000000000,0.0000000000,OnDemand,GB,,,,,,,,,,23742807748,,,,,,,,,,,,,,,
d4kzq7huuz6oeiyqjcn2fiipyoliioapdrbktqogvkikfnqt6vxq,2026-04-19T21:00:00Z/2026-04-19T22:00:00Z,,"Amazon Web Services, Inc.",AWS,Anniversary,430155298731,2026-04-01T00:00:00Z,2026-05-01T00:00:00Z,430155298731,Usage,2026-04-19T21:00:00Z,2026-04-19T22:00:00Z,AmazonS3,EUN1-DataTransfer-In-Bytes,UploadPart,,fincloud-data-xyz,0.0572090987,,,USD,0.0000000000,0.0000000000,0.0000000000,0.0000000000,USD 0.0 per GB for DataTransfer-In-Bytes in EU (Stockholm),,"Amazon Web Services, Inc.",Amazon Simple Storage Service,,,,,,,,,,,,,,External,Other,,,,,,,,,,,,,,,,,,,,,,,,,,,,,,,Data Transfer,,eu-north-1,,AWSDataTransfer,AWS Data Transfer,SX8GVDSYFRMFRK9T,,,,,EU (Stockholm),AWS Region,eu-north-1,AWS Inbound,EUN1-DataTransfer-In-Bytes,,,,,SX8GVDSYFRMFRK9T.JRTCKXETXF.6YS6EN2CT7,448848892619,USD,0.0000000000,0.0000000000,OnDemand,GB,,,,,,,,,,23742807748,,,,,,,,,,,,,,,
d4kzq7huuz6oeiyqjcn2fiipyoliioapdrbktqogvkikfnqt6vxq,2026-04-19T22:00:00Z/2026-04-19T23:00:00Z,,"Amazon Web Services, Inc.",AWS,Anniversary,430155298731,2026-04-01T00:00:00Z,2026-05-01T00:00:00Z,430155298731,Usage,2026-04-19T22:00:00Z,2026-04-19T23:00:00Z,AmazonS3,EUN1-DataTransfer-In-Bytes,UploadPart,,fincloud-data-xyz,0.0906547597,,,USD,0.0000000000,0.0000000000,0.0000000000,0.0000000000,USD 0.0 per GB for DataTransfer-In-Bytes in EU (Stockholm),,"Amazon Web Services, Inc.",Amazon Simple Storage Service,,,,,,,,,,,,,,External,Other,,,,,,,,,,,,,,,,,,,,,,,,,,,,,,,Data Transfer,,eu-north-1,,AWSDataTransfer,AWS Data Transfer,SX8GVDSYFRMFRK9T,,,,,EU (Stockholm),AWS Region,eu-north-1,AWS Inbound,EUN1-DataTransfer-In-Bytes,,,,,SX8GVDSYFRMFRK9T.JRTCKXETXF.6YS6EN2CT7,448848892619,USD,0.0000000000,0.0000000000,OnDemand,GB,,,,,,,,,,23742807748,,,,,,,,,,,,,,,
oy7uw65jt7lpwvcr4svewqxn3xzeaxivu3aosmf5qs2enezwvpra,2026-04-16T19:00:00Z/2026-04-16T20:00:00Z,,"Amazon Web Services, Inc.",AWS,Anniversary,430155298731,2026-04-01T00:00:00Z,2026-05-01T00:00:00Z,430155298731,Usage,2026-04-16T19:00:00Z,2026-04-16T20:00:00Z,AmazonS3,EUN1-DataTransfer-In-Bytes,WriteBucketServerSideEncryption,,fincloud-s3-demo,0.0000002971,,,USD,0.0000000000,0.0000000000,0.0000000000,0.0000000000,USD 0.0 per GB for DataTransfer-In-Bytes in EU (Stockholm),,"Amazon Web Services, Inc.",Amazon Simple Storage Service,,,,,,,,,,,,,,External,Other,,,,,,,,,,,,,,,,,,,,,,,,,,,,,,,Data Transfer,,eu-north-1,,AWSDataTransfer,AWS Data Transfer,SX8GVDSYFRMFRK9T,,,,,EU (Stockholm),AWS Region,eu-north-1,AWS Inbound,EUN1-DataTransfer-In-Bytes,,,,,SX8GVDSYFRMFRK9T.JRTCKXETXF.6YS6EN2CT7,448848892619,USD,0.0000000000,0.0000000000,OnDemand,GB,,,,,,,,,,23742807748,,,,,,,,,,,,,,,
2s5zxag3gk6wd6c74qo62mf56eskwluesbilrphgh3dz4q6tzxxa,2026-04-19T21:00:00Z/2026-04-19T22:00:00Z,,"Amazon Web Services, Inc.",AWS,Anniversary,430155298731,2026-04-01T00:00:00Z,2026-05-01T00:00:00Z,430155298731,Usage,2026-04-19T21:00:00Z,2026-04-19T22:00:00Z,AmazonS3,EUN1-DataTransfer-In-Bytes,WriteBucketServerSideEncryption,,fincloud-data-xyz,0.0000002971,,,USD,0.0000000000,0.0000000000,0.0000000000,0.0000000000,USD 0.0 per GB for DataTransfer-In-Bytes in EU (Stockholm),,"Amazon Web Services, Inc.",Amazon Simple Storage Service,,,,,,,,,,,,,,External,Other,,,,,,,,,,,,,,,,,,,,,,,,,,,,,,,Data Transfer,,eu-north-1,,AWSDataTransfer,AWS Data Transfer,SX8GVDSYFRMFRK9T,,,,,EU (Stockholm),AWS Region,eu-north-1,AWS Inbound,EUN1-DataTransfer-In-Bytes,,,,,SX8GVDSYFRMFRK9T.JRTCKXETXF.6YS6EN2CT7,448848892619,USD,0.0000000000,0.0000000000,OnDemand,GB,,,,,,,,,,23742807748,,,,,,,,,,,,,,,
vhwklfjxuvcxxc32rknlm6oaj6skp6u4wwvla7eu32dqhwrr7rjq,2026-04-16T19:00:00Z/2026-04-16T20:00:00Z,,"Amazon Web Services, Inc.",AWS,Anniversary,430155298731,2026-04-01T00:00:00Z,2026-05-01T00:00:00Z,430155298731,Usage,2026-04-16T19:00:00Z,2026-04-16T20:00:00Z,AmazonS3,EUN1-DataTransfer-Out-Bytes,CompleteMultipartUpload,,fincloud-s3-demo,0.0000003939,,,USD,0.0000000000,0.0000000000,0.0000000000,0.0000000000,USD 0.0 per GB for DataTransfer-Out-Bytes in EU (Stockholm),,"Amazon Web Services, Inc.",Amazon Simple Storage Service,,,,,,,,,,,,,,EU (Stockholm),AWS Region,eu-north-1,,,,,,,,,,,,,,,,,,,,,,,,,,,,,,Data Transfer,,eu-north-1,,AWSDataTransfer,AWS Data Transfer,DRTM7T5YA7E492Z3,,,,,External,Other,,AWS Outbound,EUN1-DataTransfer-Out-Bytes,,,,,DRTM7T5YA7E492Z3.A429C66SYZ.6YS6EN2CT7,448848351163,USD,0.0000000355,0.0900000000,,GB,,,,,,,,,,23742807748,,,,,,,,,,,,,,,
5bul6p6if5asde7b62frm4ycv5yrs7e7c5lufkt4xmku6zokbujq,2026-04-19T21:00:00Z/2026-04-19T22:00:00Z,,"Amazon Web Services, Inc.",AWS,Anniversary,430155298731,2026-04-01T00:00:00Z,2026-05-01T00:00:00Z,430155298731,Usage,2026-04-19T21:00:00Z,2026-04-19T22:00:00Z,AmazonS3,EUN1-DataTransfer-Out-Bytes,CompleteMultipartUpload,,fincloud-data-xyz,0.0000004256,,,USD,0.0000000000,0.0000000000,0.0000000000,0.0000000000,USD 0.0 per GB for DataTransfer-Out-Bytes in EU (Stockholm),,"Amazon Web Services, Inc.",Amazon Simple Storage Service,,,,,,,,,,,,,,EU (Stockholm),AWS Region,eu-north-1,,,,,,,,,,,,,,,,,,,,,,,,,,,,,,Data Transfer,,eu-north-1,,AWSDataTransfer,AWS Data Transfer,DRTM7T5YA7E492Z3,,,,,External,Other,,AWS Outbound,EUN1-DataTransfer-Out-Bytes,,,,,DRTM7T5YA7E492Z3.A429C66SYZ.6YS6EN2CT7,448848351163,USD,0.0000000383,0.0900000000,,GB,,,,,,,,,,23742807748,,,,,,,,,,,,,,,
5bul6p6if5asde7b62frm4ycv5yrs7e7c5lufkt4xmku6zokbujq,2026-04-19T22:00:00Z/2026-04-19T23:00:00Z,,"Amazon Web Services, Inc.",AWS,Anniversary,430155298731,2026-04-01T00:00:00Z,2026-05-01T00:00:00Z,430155298731,Usage,2026-04-19T22:00:00Z,2026-04-19T23:00:00Z,AmazonS3,EUN1-DataTransfer-Out-Bytes,CompleteMultipartUpload,,fincloud-data-xyz,0.0000012638,,,USD,0.0000000000,0.0000000000,0.0000000000,0.0000000000,USD 0.0 per GB for DataTransfer-Out-Bytes in EU (Stockholm),,"Amazon Web Services, Inc.",Amazon Simple Storage Service,,,,,,,,,,,,,,EU (Stockholm),AWS Region,eu-north-1,,,,,,,,,,,,,,,,,,,,,,,,,,,,,,Data Transfer,,eu-north-1,,AWSDataTransfer,AWS Data Transfer,DRTM7T5YA7E492Z3,,,,,External,Other,,AWS Outbound,EUN1-DataTransfer-Out-Bytes,,,,,DRTM7T5YA7E492Z3.A429C66SYZ.6YS6EN2CT7,448848351163,USD,0.0000001137,0.0900000000,,GB,,,,,,,,,,23742807748,,,,,,,,,,,,,,,
acwqgd7bipnwgbvb5smkoskh4ymxzmawhh5lf77rjcfvr6gsqjqa,2026-04-16T19:00:00Z/2026-04-16T20:00:00Z,,"Amazon Web Services, Inc.",AWS,Anniversary,430155298731,2026-04-01T00:00:00Z,2026-05-01T00:00:00Z,430155298731,Usage,2026-04-16T19:00:00Z,2026-04-16T20:00:00Z,AmazonS3,EUN1-DataTransfer-Out-Bytes,InitiateMultipartUpload,,fincloud-s3-demo,0.0000003073,,,USD,0.0000000000,0.0000000000,0.0000000000,0.0000000000,USD 0.0 per GB for DataTransfer-Out-Bytes in EU (Stockholm),,"Amazon Web Services, Inc.",Amazon Simple Storage Service,,,,,,,,,,,,,,EU (Stockholm),AWS Region,eu-north-1,,,,,,,,,,,,,,,,,,,,,,,,,,,,,,Data Transfer,,eu-north-1,,AWSDataTransfer,AWS Data Transfer,DRTM7T5YA7E492Z3,,,,,External,Other,,AWS Outbound,EUN1-DataTransfer-Out-Bytes,,,,,DRTM7T5YA7E492Z3.A429C66SYZ.6YS6EN2CT7,448848351163,USD,0.0000000277,0.0900000000,,GB,,,,,,,,,,23742807748,,,,,,,,,,,,,,,
yoxg47vgoheb2ofqliu5c3cokv3ff23ambd3zjxulnhq2zhrwyta,2026-04-19T21:00:00Z/2026-04-19T22:00:00Z,,"Amazon Web Services, Inc.",AWS,Anniversary,430155298731,2026-04-01T00:00:00Z,2026-05-01T00:00:00Z,430155298731,Usage,2026-04-19T21:00:00Z,2026-04-19T22:00:00Z,AmazonS3,EUN1-DataTransfer-Out-Bytes,InitiateMultipartUpload,,fincloud-data-xyz,0.0000003232,,,USD,0.0000000000,0.0000000000,0.0000000000,0.0000000000,USD 0.0 per GB for DataTransfer-Out-Bytes in EU (Stockholm),,"Amazon Web Services, Inc.",Amazon Simple Storage Service,,,,,,,,,,,,,,EU (Stockholm),AWS Region,eu-north-1,,,,,,,,,,,,,,,,,,,,,,,,,,,,,,Data Transfer,,eu-north-1,,AWSDataTransfer,AWS Data Transfer,DRTM7T5YA7E492Z3,,,,,External,Other,,AWS Outbound,EUN1-DataTransfer-Out-Bytes,,,,,DRTM7T5YA7E492Z3.A429C66SYZ.6YS6EN2CT7,448848351163,USD,0.0000000291,0.0900000000,,GB,,,,,,,,,,23742807748,,,,,,,,,,,,,,,
yoxg47vgoheb2ofqliu5c3cokv3ff23ambd3zjxulnhq2zhrwyta,2026-04-19T22:00:00Z/2026-04-19T23:00:00Z,,"Amazon Web Services, Inc.",AWS,Anniversary,430155298731,2026-04-01T00:00:00Z,2026-05-01T00:00:00Z,430155298731,Usage,2026-04-19T22:00:00Z,2026-04-19T23:00:00Z,AmazonS3,EUN1-DataTransfer-Out-Bytes,InitiateMultipartUpload,,fincloud-data-xyz,0.0000009611,,,USD,0.0000000000,0.0000000000,0.0000000000,0.0000000000,USD 0.0 per GB for DataTransfer-Out-Bytes in EU (Stockholm),,"Amazon Web Services, Inc.",Amazon Simple Storage Service,,,,,,,,,,,,,,EU (Stockholm),AWS Region,eu-north-1,,,,,,,,,,,,,,,,,,,,,,,,,,,,,,Data Transfer,,eu-north-1,,AWSDataTransfer,AWS Data Transfer,DRTM7T5YA7E492Z3,,,,,External,Other,,AWS Outbound,EUN1-DataTransfer-Out-Bytes,,,,,DRTM7T5YA7E492Z3.A429C66SYZ.6YS6EN2CT7,448848351163,USD,0.0000000865,0.0900000000,,GB,,,,,,,,,,23742807748,,,,,,,,,,,,,,,
lx7cjvmsxhqqugscnby6fbeegfzq7odikqtk2xlmopvivashtg7q,2026-04-16T19:00:00Z/2026-04-16T20:00:00Z,,"Amazon Web Services, Inc.",AWS,Anniversary,430155298731,2026-04-01T00:00:00Z,2026-05-01T00:00:00Z,430155298731,Usage,2026-04-16T19:00:00Z,2026-04-16T20:00:00Z,AmazonS3,EUN1-DataTransfer-Out-Bytes,ListBucket,,fincloud-s3-demo,0.0000002813,,,USD,0.0000000000,0.0000000000,0.0000000000,0.0000000000,USD 0.0 per GB for DataTransfer-Out-Bytes in EU (Stockholm),,"Amazon Web Services, Inc.",Amazon Simple Storage Service,,,,,,,,,,,,,,EU (Stockholm),AWS Region,eu-north-1,,,,,,,,,,,,,,,,,,,,,,,,,,,,,,Data Transfer,,eu-north-1,,AWSDataTransfer,AWS Data Transfer,DRTM7T5YA7E492Z3,,,,,External,Other,,AWS Outbound,EUN1-DataTransfer-Out-Bytes,,,,,DRTM7T5YA7E492Z3.A429C66SYZ.6YS6EN2CT7,448848351163,USD,0.0000000253,0.0900000000,,GB,,,,,,,,,,23742807748,,,,,,,,,,,,,,,
lx7cjvmsxhqqugscnby6fbeegfzq7odikqtk2xlmopvivashtg7q,2026-04-16T22:00:00Z/2026-04-16T23:00:00Z,,"Amazon Web Services, Inc.",AWS,Anniversary,430155298731,2026-04-01T00:00:00Z,2026-05-01T00:00:00Z,430155298731,Usage,2026-04-16T22:00:00Z,2026-04-16T23:00:00Z,AmazonS3,EUN1-DataTransfer-Out-Bytes,ListBucket,,fincloud-s3-demo,0.0000020470,,,USD,0.0000000000,0.0000000000,0.0000000000,0.0000000000,USD 0.0 per GB for DataTransfer-Out-Bytes in EU (Stockholm),,"Amazon Web Services, Inc.",Amazon Simple Storage Service,,,,,,,,,,,,,,EU (Stockholm),AWS Region,eu-north-1,,,,,,,,,,,,,,,,,,,,,,,,,,,,,,Data Transfer,,eu-north-1,,AWSDataTransfer,AWS Data Transfer,DRTM7T5YA7E492Z3,,,,,External,Other,,AWS Outbound,EUN1-DataTransfer-Out-Bytes,,,,,DRTM7T5YA7E492Z3.A429C66SYZ.6YS6EN2CT7,448848351163,USD,0.0000001842,0.0900000000,,GB,,,,,,,,,,23742807748,,,,,,,,,,,,,,,
o6iqpqabbuigmb7avilhzt43jmv4bggrhj4cq23gwjlbedbttj3q,2026-04-19T21:00:00Z/2026-04-19T22:00:00Z,,"Amazon Web Services, Inc.",AWS,Anniversary,430155298731,2026-04-01T00:00:00Z,2026-05-01T00:00:00Z,430155298731,Usage,2026-04-19T21:00:00Z,2026-04-19T22:00:00Z,AmazonS3,EUN1-DataTransfer-Out-Bytes,ListBucket,,fincloud-data-xyz,0.0000002822,,,USD,0.0000000000,0.0000000000,0.0000000000,0.0000000000,USD 0.0 per GB for DataTransfer-Out-Bytes in EU (Stockholm),,"Amazon Web Services, Inc.",Amazon Simple Storage Service,,,,,,,,,,,,,,EU (Stockholm),AWS Region,eu-north-1,,,,,,,,,,,,,,,,,,,,,,,,,,,,,,Data Transfer,,eu-north-1,,AWSDataTransfer,AWS Data Transfer,DRTM7T5YA7E492Z3,,,,,External,Other,,AWS Outbound,EUN1-DataTransfer-Out-Bytes,,,,,DRTM7T5YA7E492Z3.A429C66SYZ.6YS6EN2CT7,448848351163,USD,0.0000000254,0.0900000000,,GB,,,,,,,,,,23742807748,,,,,,,,,,,,,,,
o6iqpqabbuigmb7avilhzt43jmv4bggrhj4cq23gwjlbedbttj3q,2026-04-19T22:00:00Z/2026-04-19T23:00:00Z,,"Amazon Web Services, Inc.",AWS,Anniversary,430155298731,2026-04-01T00:00:00Z,2026-05-01T00:00:00Z,430155298731,Usage,2026-04-19T22:00:00Z,2026-04-19T23:00:00Z,AmazonS3,EUN1-DataTransfer-Out-Bytes,ListBucket,,fincloud-data-xyz,0.0000818558,,,USD,0.0000000000,0.0000000000,0.0000000000,0.0000000000,USD 0.0 per GB for DataTransfer-Out-Bytes in EU (Stockholm),,"Amazon Web Services, Inc.",Amazon Simple Storage Service,,,,,,,,,,,,,,EU (Stockholm),AWS Region,eu-north-1,,,,,,,,,,,,,,,,,,,,,,,,,,,,,,Data Transfer,,eu-north-1,,AWSDataTransfer,AWS Data Transfer,DRTM7T5YA7E492Z3,,,,,External,Other,,AWS Outbound,EUN1-DataTransfer-Out-Bytes,,,,,DRTM7T5YA7E492Z3.A429C66SYZ.6YS6EN2CT7,448848351163,USD,0.0000073670,0.0900000000,,GB,,,,,,,,,,23742807748,,,,,,,,,,,,,,,
xliwjgjfmhbkhmyub4gs6c3mxrhyes67yt3awsr4i2amtxvhijma,2026-04-16T22:00:00Z/2026-04-16T23:00:00Z,,"Amazon Web Services, Inc.",AWS,Anniversary,430155298731,2026-04-01T00:00:00Z,2026-05-01T00:00:00Z,430155298731,Usage,2026-04-16T22:00:00Z,2026-04-16T23:00:00Z,AmazonS3,EUN1-DataTransfer-Out-Bytes,ListBucketVersions,,fincloud-s3-demo,0.0000003157,,,USD,0.0000000000,0.0000000000,0.0000000000,0.0000000000,USD 0.0 per GB for DataTransfer-Out-Bytes in EU (Stockholm),,"Amazon Web Services, Inc.",Amazon Simple Storage Service,,,,,,,,,,,,,,EU (Stockholm),AWS Region,eu-north-1,,,,,,,,,,,,,,,,,,,,,,,,,,,,,,Data Transfer,,eu-north-1,,AWSDataTransfer,AWS Data Transfer,DRTM7T5YA7E492Z3,,,,,External,Other,,AWS Outbound,EUN1-DataTransfer-Out-Bytes,,,,,DRTM7T5YA7E492Z3.A429C66SYZ.6YS6EN2CT7,448848351163,USD,0.0000000284,0.0900000000,,GB,,,,,,,,,,23742807748,,,,,,,,,,,,,,,
w7lie2swdtciwqzxemr7tbcs777tce6nrhav2rm5445seci4o3rq,2026-04-19T22:00:00Z/2026-04-19T23:00:00Z,,"Amazon Web Services, Inc.",AWS,Anniversary,430155298731,2026-04-01T00:00:00Z,2026-05-01T00:00:00Z,430155298731,Usage,2026-04-19T22:00:00Z,2026-04-19T23:00:00Z,AmazonS3,EUN1-DataTransfer-Out-Bytes,ListBucketVersions,,fincloud-data-xyz,0.0000003166,,,USD,0.0000000000,0.0000000000,0.0000000000,0.0000000000,USD 0.0 per GB for DataTransfer-Out-Bytes in EU (Stockholm),,"Amazon Web Services, Inc.",Amazon Simple Storage Service,,,,,,,,,,,,,,EU (Stockholm),AWS Region,eu-north-1,,,,,,,,,,,,,,,,,,,,,,,,,,,,,,Data Transfer,,eu-north-1,,AWSDataTransfer,AWS Data Transfer,DRTM7T5YA7E492Z3,,,,,External,Other,,AWS Outbound,EUN1-DataTransfer-Out-Bytes,,,,,DRTM7T5YA7E492Z3.A429C66SYZ.6YS6EN2CT7,448848351163,USD,0.0000000285,0.0900000000,,GB,,,,,,,,,,23742807748,,,,,,,,,,,,,,,
eddfb3obrnhedld5eyvyretddxbrc4xqsltrfqybr4mpys3jkn3q,2026-04-16T19:00:00Z/2026-04-16T20:00:00Z,,"Amazon Web Services, Inc.",AWS,Anniversary,430155298731,2026-04-01T00:00:00Z,2026-05-01T00:00:00Z,430155298731,Usage,2026-04-16T19:00:00Z,2026-04-16T20:00:00Z,AmazonS3,EUN1-DataTransfer-Out-Bytes,ReadBucketOwnershipControls,,fincloud-s3-demo,0.0000003595,,,USD,0.0000000000,0.0000000000,0.0000000000,0.0000000000,USD 0.0 per GB for DataTransfer-Out-Bytes in EU (Stockholm),,"Amazon Web Services, Inc.",Amazon Simple Storage Service,,,,,,,,,,,,,,EU (Stockholm),AWS Region,eu-north-1,,,,,,,,,,,,,,,,,,,,,,,,,,,,,,Data Transfer,,eu-north-1,,AWSDataTransfer,AWS Data Transfer,DRTM7T5YA7E492Z3,,,,,External,Other,,AWS Outbound,EUN1-DataTransfer-Out-Bytes,,,,,DRTM7T5YA7E492Z3.A429C66SYZ.6YS6EN2CT7,448848351163,USD,0.0000000324,0.0900000000,,GB,,,,,,,,,,23742807748,,,,,,,,,,,,,,,
eddfb3obrnhedld5eyvyretddxbrc4xqsltrfqybr4mpys3jkn3q,2026-04-16T22:00:00Z/2026-04-16T23:00:00Z,,"Amazon Web Services, Inc.",AWS,Anniversary,430155298731,2026-04-01T00:00:00Z,2026-05-01T00:00:00Z,430155298731,Usage,2026-04-16T22:00:00Z,2026-04-16T23:00:00Z,AmazonS3,EUN1-DataTransfer-Out-Bytes,ReadBucketOwnershipControls,,fincloud-s3-demo,0.0000001797,,,USD,0.0000000000,0.0000000000,0.0000000000,0.0000000000,USD 0.0 per GB for DataTransfer-Out-Bytes in EU (Stockholm),,"Amazon Web Services, Inc.",Amazon Simple Storage Service,,,,,,,,,,,,,,EU (Stockholm),AWS Region,eu-north-1,,,,,,,,,,,,,,,,,,,,,,,,,,,,,,Data Transfer,,eu-north-1,,AWSDataTransfer,AWS Data Transfer,DRTM7T5YA7E492Z3,,,,,External,Other,,AWS Outbound,EUN1-DataTransfer-Out-Bytes,,,,,DRTM7T5YA7E492Z3.A429C66SYZ.6YS6EN2CT7,448848351163,USD,0.0000000162,0.0900000000,,GB,,,,,,,,,,23742807748,,,,,,,,,,,,,,,
du7kaykpyxmtbjk3sczadj5t3bav4l5cinga6hxcug5zk2hythnq,2026-04-19T21:00:00Z/2026-04-19T22:00:00Z,,"Amazon Web Services, Inc.",AWS,Anniversary,430155298731,2026-04-01T00:00:00Z,2026-05-01T00:00:00Z,430155298731,Usage,2026-04-19T21:00:00Z,2026-04-19T22:00:00Z,AmazonS3,EUN1-DataTransfer-Out-Bytes,ReadBucketOwnershipControls,,fincloud-data-xyz,0.0000003595,,,USD,0.0000000000,0.0000000000,0.0000000000,0.0000000000,USD 0.0 per GB for DataTransfer-Out-Bytes in EU (Stockholm),,"Amazon Web Services, Inc.",Amazon Simple Storage Service,,,,,,,,,,,,,,EU (Stockholm),AWS Region,eu-north-1,,,,,,,,,,,,,,,,,,,,,,,,,,,,,,Data Transfer,,eu-north-1,,AWSDataTransfer,AWS Data Transfer,DRTM7T5YA7E492Z3,,,,,External,Other,,AWS Outbound,EUN1-DataTransfer-Out-Bytes,,,,,DRTM7T5YA7E492Z3.A429C66SYZ.6YS6EN2CT7,448848351163,USD,0.0000000324,0.0900000000,,GB,,,,,,,,,,23742807748,,,,,,,,,,,,,,,
du7kaykpyxmtbjk3sczadj5t3bav4l5cinga6hxcug5zk2hythnq,2026-04-19T22:00:00Z/2026-04-19T23:00:00Z,,"Amazon Web Services, Inc.",AWS,Anniversary,430155298731,2026-04-01T00:00:00Z,2026-05-01T00:00:00Z,430155298731,Usage,2026-04-19T22:00:00Z,2026-04-19T23:00:00Z,AmazonS3,EUN1-DataTransfer-Out-Bytes,ReadBucketOwnershipControls,,fincloud-data-xyz,0.0000003595,,,USD,0.0000000000,0.0000000000,0.0000000000,0.0000000000,USD 0.0 per GB for DataTransfer-Out-Bytes in EU (Stockholm),,"Amazon Web Services, Inc.",Amazon Simple Storage Service,,,,,,,,,,,,,,EU (Stockholm),AWS Region,eu-north-1,,,,,,,,,,,,,,,,,,,,,,,,,,,,,,Data Transfer,,eu-north-1,,AWSDataTransfer,AWS Data Transfer,DRTM7T5YA7E492Z3,,,,,External,Other,,AWS Outbound,EUN1-DataTransfer-Out-Bytes,,,,,DRTM7T5YA7E492Z3.A429C66SYZ.6YS6EN2CT7,448848351163,USD,0.0000000324,0.0900000000,,GB,,,,,,,,,,23742807748,,,,,,,,,,,,,,,
ihmjkenn6m6mqkrfbgqgyakmkyicfpmknyfx3mf2g3ywzydbyeoq,2026-04-16T22:00:00Z/2026-04-16T23:00:00Z,,"Amazon Web Services, Inc.",AWS,Anniversary,430155298731,2026-04-01T00:00:00Z,2026-05-01T00:00:00Z,430155298731,Usage,2026-04-16T22:00:00Z,2026-04-16T23:00:00Z,AmazonS3,EUN1-DataTransfer-Out-Bytes,ReadBucketPolicy,,fincloud-s3-demo,0.0000003064,,,USD,0.0000000000,0.0000000000,0.0000000000,0.0000000000,USD 0.0 per GB for DataTransfer-Out-Bytes in EU (Stockholm),,"Amazon Web Services, Inc.",Amazon Simple Storage Service,,,,,,,,,,,,,,EU (Stockholm),AWS Region,eu-north-1,,,,,,,,,,,,,,,,,,,,,,,,,,,,,,Data Transfer,,eu-north-1,,AWSDataTransfer,AWS Data Transfer,DRTM7T5YA7E492Z3,,,,,External,Other,,AWS Outbound,EUN1-DataTransfer-Out-Bytes,,,,,DRTM7T5YA7E492Z3.A429C66SYZ.6YS6EN2CT7,448848351163,USD,0.0000000276,0.0900000000,,GB,,,,,,,,,,23742807748,,,,,,,,,,,,,,,
ofgccjdxjhssjzhwgafurpikmqvsegkivclcu4ehqtrnxn4pmhiq,2026-04-19T22:00:00Z/2026-04-19T23:00:00Z,,"Amazon Web Services, Inc.",AWS,Anniversary,430155298731,2026-04-01T00:00:00Z,2026-05-01T00:00:00Z,430155298731,Usage,2026-04-19T22:00:00Z,2026-04-19T23:00:00Z,AmazonS3,EUN1-DataTransfer-Out-Bytes,ReadBucketPolicy,,fincloud-data-xyz,0.0000002887,,,USD,0.0000000000,0.0000000000,0.0000000000,0.0000000000,USD 0.0 per GB for DataTransfer-Out-Bytes in EU (Stockholm),,"Amazon Web Services, Inc.",Amazon Simple Storage Service,,,,,,,,,,,,,,EU (Stockholm),AWS Region,eu-north-1,,,,,,,,,,,,,,,,,,,,,,,,,,,,,,Data Transfer,,eu-north-1,,AWSDataTransfer,AWS Data Transfer,DRTM7T5YA7E492Z3,,,,,External,Other,,AWS Outbound,EUN1-DataTransfer-Out-Bytes,,,,,DRTM7T5YA7E492Z3.A429C66SYZ.6YS6EN2CT7,448848351163,USD,0.0000000260,0.0900000000,,GB,,,,,,,,,,23742807748,,,,,,,,,,,,,,,
jbyzmwvrwxwbq22mtcxcibw5i5syyit5vopf4cfonfnsnya2xeta,2026-04-16T19:00:00Z/2026-04-16T20:00:00Z,,"Amazon Web Services, Inc.",AWS,Anniversary,430155298731,2026-04-01T00:00:00Z,2026-05-01T00:00:00Z,430155298731,Usage,2026-04-16T19:00:00Z,2026-04-16T20:00:00Z,AmazonS3,EUN1-DataTransfer-Out-Bytes,ReadBucketPublicAccessBlock,,fincloud-s3-demo,0.0000003036,,,USD,0.0000000000,0.0000000000,0.0000000000,0.0000000000,USD 0.0 per GB for DataTransfer-Out-Bytes in EU (Stockholm),,"Amazon Web Services, Inc.",Amazon Simple Storage Service,,,,,,,,,,,,,,EU (Stockholm),AWS Region,eu-north-1,,,,,,,,,,,,,,,,,,,,,,,,,,,,,,Data Transfer,,eu-north-1,,AWSDataTransfer,AWS Data Transfer,DRTM7T5YA7E492Z3,,,,,External,Other,,AWS Outbound,EUN1-DataTransfer-Out-Bytes,,,,,DRTM7T5YA7E492Z3.A429C66SYZ.6YS6EN2CT7,448848351163,USD,0.0000000273,0.0900000000,,GB,,,,,,,,,,23742807748,,,,,,,,,,,,,,,
nkxxgfllhbaxijuxbaomhso6jx43q2l4z4v56cqxdfiybee42cbq,2026-04-19T21:00:00Z/2026-04-19T22:00:00Z,,"Amazon Web Services, Inc.",AWS,Anniversary,430155298731,2026-04-01T00:00:00Z,2026-05-01T00:00:00Z,430155298731,Usage,2026-04-19T21:00:00Z,2026-04-19T22:00:00Z,AmazonS3,EUN1-DataTransfer-Out-Bytes,ReadBucketPublicAccessBlock,,fincloud-data-xyz,0.0000003036,,,USD,0.0000000000,0.0000000000,0.0000000000,0.0000000000,USD 0.0 per GB for DataTransfer-Out-Bytes in EU (Stockholm),,"Amazon Web Services, Inc.",Amazon Simple Storage Service,,,,,,,,,,,,,,EU (Stockholm),AWS Region,eu-north-1,,,,,,,,,,,,,,,,,,,,,,,,,,,,,,Data Transfer,,eu-north-1,,AWSDataTransfer,AWS Data Transfer,DRTM7T5YA7E492Z3,,,,,External,Other,,AWS Outbound,EUN1-DataTransfer-Out-Bytes,,,,,DRTM7T5YA7E492Z3.A429C66SYZ.6YS6EN2CT7,448848351163,USD,0.0000000273,0.0900000000,,GB,,,,,,,,,,23742807748,,,,,,,,,,,,,,,
sut3dsklehv2iqlfb6yxyuxkqdy3jevcxlngtazlcrbqif2lurla,2026-04-16T19:00:00Z/2026-04-16T20:00:00Z,,"Amazon Web Services, Inc.",AWS,Anniversary,430155298731,2026-04-01T00:00:00Z,2026-05-01T00:00:00Z,430155298731,Usage,2026-04-16T19:00:00Z,2026-04-16T20:00:00Z,AmazonS3,EUN1-DataTransfer-Out-Bytes,ReadBucketServerSideEncryption,,fincloud-s3-demo,0.0000007581,,,USD,0.0000000000,0.0000000000,0.0000000000,0.0000000000,USD 0.0 per GB for DataTransfer-Out-Bytes in EU (Stockholm),,"Amazon Web Services, Inc.",Amazon Simple Storage Service,,,,,,,,,,,,,,EU (Stockholm),AWS Region,eu-north-1,,,,,,,,,,,,,,,,,,,,,,,,,,,,,,Data Transfer,,eu-north-1,,AWSDataTransfer,AWS Data Transfer,DRTM7T5YA7E492Z3,,,,,External,Other,,AWS Outbound,EUN1-DataTransfer-Out-Bytes,,,,,DRTM7T5YA7E492Z3.A429C66SYZ.6YS6EN2CT7,448848351163,USD,0.0000000682,0.0900000000,,GB,,,,,,,,,,23742807748,,,,,,,,,,,,,,,
afvhpyfih3i646mdgx7j7pl6nonz3b64p76uz4p6sgifv6ztmykq,2026-04-19T21:00:00Z/2026-04-19T22:00:00Z,,"Amazon Web Services, Inc.",AWS,Anniversary,430155298731,2026-04-01T00:00:00Z,2026-05-01T00:00:00Z,430155298731,Usage,2026-04-19T21:00:00Z,2026-04-19T22:00:00Z,AmazonS3,EUN1-DataTransfer-Out-Bytes,ReadBucketServerSideEncryption,,fincloud-data-xyz,0.0000007581,,,USD,0.0000000000,0.0000000000,0.0000000000,0.0000000000,USD 0.0 per GB for DataTransfer-Out-Bytes in EU (Stockholm),,"Amazon Web Services, Inc.",Amazon Simple Storage Service,,,,,,,,,,,,,,EU (Stockholm),AWS Region,eu-north-1,,,,,,,,,,,,,,,,,,,,,,,,,,,,,,Data Transfer,,eu-north-1,,AWSDataTransfer,AWS Data Transfer,DRTM7T5YA7E492Z3,,,,,External,Other,,AWS Outbound,EUN1-DataTransfer-Out-Bytes,,,,,DRTM7T5YA7E492Z3.A429C66SYZ.6YS6EN2CT7,448848351163,USD,0.0000000682,0.0900000000,,GB,,,,,,,,,,23742807748,,,,,,,,,,,,,,,
afvhpyfih3i646mdgx7j7pl6nonz3b64p76uz4p6sgifv6ztmykq,2026-04-19T22:00:00Z/2026-04-19T23:00:00Z,,"Amazon Web Services, Inc.",AWS,Anniversary,430155298731,2026-04-01T00:00:00Z,2026-05-01T00:00:00Z,430155298731,Usage,2026-04-19T22:00:00Z,2026-04-19T23:00:00Z,AmazonS3,EUN1-DataTransfer-Out-Bytes,ReadBucketServerSideEncryption,,fincloud-data-xyz,0.0000007581,,,USD,0.0000000000,0.0000000000,0.0000000000,0.0000000000,USD 0.0 per GB for DataTransfer-Out-Bytes in EU (Stockholm),,"Amazon Web Services, Inc.",Amazon Simple Storage Service,,,,,,,,,,,,,,EU (Stockholm),AWS Region,eu-north-1,,,,,,,,,,,,,,,,,,,,,,,,,,,,,,Data Transfer,,eu-north-1,,AWSDataTransfer,AWS Data Transfer,DRTM7T5YA7E492Z3,,,,,External,Other,,AWS Outbound,EUN1-DataTransfer-Out-Bytes,,,,,DRTM7T5YA7E492Z3.A429C66SYZ.6YS6EN2CT7,448848351163,USD,0.0000000682,0.0900000000,,GB,,,,,,,,,,23742807748,,,,,,,,,,,,,,,
gjotyrp47iw6yscjqlhknggqjvdm4hguobbftf47wopnceiiymeq,2026-04-19T22:00:00Z/2026-04-19T23:00:00Z,,"Amazon Web Services, Inc.",AWS,Anniversary,430155298731,2026-04-01T00:00:00Z,2026-05-01T00:00:00Z,430155298731,Usage,2026-04-19T22:00:00Z,2026-04-19T23:00:00Z,AmazonS3,EUN1-DataTransfer-Out-Bytes,ReadObjectTagging,,fincloud-data-xyz,0.0000001071,,,USD,0.0000000000,0.0000000000,0.0000000000,0.0000000000,USD 0.0 per GB for DataTransfer-Out-Bytes in EU (Stockholm),,"Amazon Web Services, Inc.",Amazon Simple Storage Service,,,,,,,,,,,,,,EU (Stockholm),AWS Region,eu-north-1,,,,,,,,,,,,,,,,,,,,,,,,,,,,,,Data Transfer,,eu-north-1,,AWSDataTransfer,AWS Data Transfer,DRTM7T5YA7E492Z3,,,,,External,Other,,AWS Outbound,EUN1-DataTransfer-Out-Bytes,,,,,DRTM7T5YA7E492Z3.A429C66SYZ.6YS6EN2CT7,448848351163,USD,0.0000000096,0.0900000000,,GB,,,,,,,,,,23742807748,,,,,,,,,,,,,,,
w3jylykorddgc7a375ainvy67dvgwcdza2panvuf44wss5srfqpa,2026-04-16T19:00:00Z/2026-04-16T20:00:00Z,,"Amazon Web Services, Inc.",AWS,Anniversary,430155298731,2026-04-01T00:00:00Z,2026-05-01T00:00:00Z,430155298731,Usage,2026-04-16T19:00:00Z,2026-04-16T20:00:00Z,AmazonS3,EUN1-DataTransfer-Out-Bytes,ReadVersioningProps,,fincloud-s3-demo,0.0000003157,,,USD,0.0000000000,0.0000000000,0.0000000000,0.0000000000,USD 0.0 per GB for DataTransfer-Out-Bytes in EU (Stockholm),,"Amazon Web Services, Inc.",Amazon Simple Storage Service,,,,,,,,,,,,,,EU (Stockholm),AWS Region,eu-north-1,,,,,,,,,,,,,,,,,,,,,,,,,,,,,,Data Transfer,,eu-north-1,,AWSDataTransfer,AWS Data Transfer,DRTM7T5YA7E492Z3,,,,,External,Other,,AWS Outbound,EUN1-DataTransfer-Out-Bytes,,,,,DRTM7T5YA7E492Z3.A429C66SYZ.6YS6EN2CT7,448848351163,USD,0.0000000284,0.0900000000,,GB,,,,,,,,,,23742807748,,,,,,,,,,,,,,,
w3jylykorddgc7a375ainvy67dvgwcdza2panvuf44wss5srfqpa,2026-04-16T22:00:00Z/2026-04-16T23:00:00Z,,"Amazon Web Services, Inc.",AWS,Anniversary,430155298731,2026-04-01T00:00:00Z,2026-05-01T00:00:00Z,430155298731,Usage,2026-04-16T22:00:00Z,2026-04-16T23:00:00Z,AmazonS3,EUN1-DataTransfer-Out-Bytes,ReadVersioningProps,,fincloud-s3-demo,0.0000007367,,,USD,0.0000000000,0.0000000000,0.0000000000,0.0000000000,USD 0.0 per GB for DataTransfer-Out-Bytes in EU (Stockholm),,"Amazon Web Services, Inc.",Amazon Simple Storage Service,,,,,,,,,,,,,,EU (Stockholm),AWS Region,eu-north-1,,,,,,,,,,,,,,,,,,,,,,,,,,,,,,Data Transfer,,eu-north-1,,AWSDataTransfer,AWS Data Transfer,DRTM7T5YA7E492Z3,,,,,External,Other,,AWS Outbound,EUN1-DataTransfer-Out-Bytes,,,,,DRTM7T5YA7E492Z3.A429C66SYZ.6YS6EN2CT7,448848351163,USD,0.0000000663,0.0900000000,,GB,,,,,,,,,,23742807748,,,,,,,,,,,,,,,
ic24aguahxa45erluuege2g6wqj2vom5ihc5iyeue4mykobtmaza,2026-04-19T21:00:00Z/2026-04-19T22:00:00Z,,"Amazon Web Services, Inc.",AWS,Anniversary,430155298731,2026-04-01T00:00:00Z,2026-05-01T00:00:00Z,430155298731,Usage,2026-04-19T21:00:00Z,2026-04-19T22:00:00Z,AmazonS3,EUN1-DataTransfer-Out-Bytes,ReadVersioningProps,,fincloud-data-xyz,0.0000003157,,,USD,0.0000000000,0.0000000000,0.0000000000,0.0000000000,USD 0.0 per GB for DataTransfer-Out-Bytes in EU (Stockholm),,"Amazon Web Services, Inc.",Amazon Simple Storage Service,,,,,,,,,,,,,,EU (Stockholm),AWS Region,eu-north-1,,,,,,,,,,,,,,,,,,,,,,,,,,,,,,Data Transfer,,eu-north-1,,AWSDataTransfer,AWS Data Transfer,DRTM7T5YA7E492Z3,,,,,External,Other,,AWS Outbound,EUN1-DataTransfer-Out-Bytes,,,,,DRTM7T5YA7E492Z3.A429C66SYZ.6YS6EN2CT7,448848351163,USD,0.0000000284,0.0900000000,,GB,,,,,,,,,,23742807748,,,,,,,,,,,,,,,
ic24aguahxa45erluuege2g6wqj2vom5ihc5iyeue4mykobtmaza,2026-04-19T22:00:00Z/2026-04-19T23:00:00Z,,"Amazon Web Services, Inc.",AWS,Anniversary,430155298731,2026-04-01T00:00:00Z,2026-05-01T00:00:00Z,430155298731,Usage,2026-04-19T22:00:00Z,2026-04-19T23:00:00Z,AmazonS3,EUN1-DataTransfer-Out-Bytes,ReadVersioningProps,,fincloud-data-xyz,0.0000011576,,,USD,0.0000000000,0.0000000000,0.0000000000,0.0000000000,USD 0.0 per GB for DataTransfer-Out-Bytes in EU (Stockholm),,"Amazon Web Services, Inc.",Amazon Simple Storage Service,,,,,,,,,,,,,,EU (Stockholm),AWS Region,eu-north-1,,,,,,,,,,,,,,,,,,,,,,,,,,,,,,Data Transfer,,eu-north-1,,AWSDataTransfer,AWS Data Transfer,DRTM7T5YA7E492Z3,,,,,External,Other,,AWS Outbound,EUN1-DataTransfer-Out-Bytes,,,,,DRTM7T5YA7E492Z3.A429C66SYZ.6YS6EN2CT7,448848351163,USD,0.0000001042,0.0900000000,,GB,,,,,,,,,,23742807748,,,,,,,,,,,,,,,
2eykaz6stus6vzokxe3mtovkyfeyp6exlaxfapq7gohekivja2ea,2026-04-16T20:00:00Z/2026-04-16T21:00:00Z,,"Amazon Web Services, Inc.",AWS,Anniversary,430155298731,2026-04-01T00:00:00Z,2026-05-01T00:00:00Z,430155298731,Usage,2026-04-16T20:00:00Z,2026-04-16T21:00:00Z,AmazonEC2,EUN1-DataTransfer-Out-Bytes,RunInstances,,i-099a28da00871efc7,0.0000018515,,,USD,0.0000000000,0.0000000000,0.0000000000,0.0000000000,USD 0.0 per GB for DataTransfer-Out-Bytes in EU (Stockholm),,"Amazon Web Services, Inc.",Amazon Elastic Compute Cloud,,,,,,,,,,,,,,EU (Stockholm),AWS Region,eu-north-1,,,,,,,,,,,,,,,,,,,,,,,,,,,,,,Data Transfer,,eu-north-1,,AWSDataTransfer,AWS Data Transfer,DRTM7T5YA7E492Z3,,,,,External,Other,,AWS Outbound,EUN1-DataTransfer-Out-Bytes,,,,,DRTM7T5YA7E492Z3.A429C66SYZ.6YS6EN2CT7,448848351163,USD,0.0000001666,0.0900000000,,GB,,,,,,,,,,23742807748,,,,,,,,,,,,,,,
acnx3i2cvidw47hl2pj5gl6iyzqa3weqstyoeo7nr6a7khklodca,2026-04-16T20:00:00Z/2026-04-16T21:00:00Z,,"Amazon Web Services, Inc.",AWS,Anniversary,430155298731,2026-04-01T00:00:00Z,2026-05-01T00:00:00Z,430155298731,Usage,2026-04-16T20:00:00Z,2026-04-16T21:00:00Z,AmazonEC2,EUN1-DataTransfer-Out-Bytes,RunInstances,,i-099a28da00871efc7,0.0000002906,,,USD,0.0000000000,0.0000000000,0.0000000000,0.0000000000,USD 0.0 per GB for DataTransfer-Out-Bytes in EU (Stockholm),,"Amazon Web Services, Inc.",Amazon Elastic Compute Cloud,,,,,,,,,,,,,,EU (Stockholm),AWS Region,eu-north-1,,,,,,,,,,,,,,,,,,,,,,,,,,,,,,Data Transfer,,eu-north-1,,AWSDataTransfer,AWS Data Transfer,DRTM7T5YA7E492Z3,,,,,External,Other,,AWS Outbound,EUN1-DataTransfer-Out-Bytes,,,,,DRTM7T5YA7E492Z3.A429C66SYZ.6YS6EN2CT7,448848351163,USD,0.0000000262,0.0900000000,,GB,,,,,,,,,,23742807748,,,,,,,,,,,,,,,
vtwzplbzb7f5ldn744zgkq2gb6lsf22zzy2dixwrhmad327ve6va,2026-04-16T20:00:00Z/2026-04-16T21:00:00Z,,"Amazon Web Services, Inc.",AWS,Anniversary,430155298731,2026-04-01T00:00:00Z,2026-05-01T00:00:00Z,430155298731,Usage,2026-04-16T20:00:00Z,2026-04-16T21:00:00Z,AmazonEC2,EUN1-DataTransfer-Out-Bytes,RunInstances,,i-099a28da00871efc7,0.0000016652,,,USD,0.0000000000,0.0000000000,0.0000000000,0.0000000000,USD 0.0 per GB for DataTransfer-Out-Bytes in EU (Stockholm),,"Amazon Web Services, Inc.",Amazon Elastic Compute Cloud,,,,,,,,,,,,,,EU (Stockholm),AWS Region,eu-north-1,,,,,,,,,,,,,,,,,,,,,,,,,,,,,,Data Transfer,,eu-north-1,,AWSDataTransfer,AWS Data Transfer,DRTM7T5YA7E492Z3,,,,,External,Other,,AWS Outbound,EUN1-DataTransfer-Out-Bytes,,,,,DRTM7T5YA7E492Z3.A429C66SYZ.6YS6EN2CT7,448848351163,USD,0.0000001499,0.0900000000,,GB,,,,,,,,,,23742807748,,,,,,,,,,,,,,,
2eykaz6stus6vzokxe3mtovkyfeyp6exlaxfapq7gohekivja2ea,2026-04-16T21:00:00Z/2026-04-16T22:00:00Z,,"Amazon Web Services, Inc.",AWS,Anniversary,430155298731,2026-04-01T00:00:00Z,2026-05-01T00:00:00Z,430155298731,Usage,2026-04-16T21:00:00Z,2026-04-16T22:00:00Z,AmazonEC2,EUN1-DataTransfer-Out-Bytes,RunInstances,,i-099a28da00871efc7,0.0000010729,,,USD,0.0000000000,0.0000000000,0.0000000000,0.0000000000,USD 0.0 per GB for DataTransfer-Out-Bytes in EU (Stockholm),,"Amazon Web Services, Inc.",Amazon Elastic Compute Cloud,,,,,,,,,,,,,,EU (Stockholm),AWS Region,eu-north-1,,,,,,,,,,,,,,,,,,,,,,,,,,,,,,Data Transfer,,eu-north-1,,AWSDataTransfer,AWS Data Transfer,DRTM7T5YA7E492Z3,,,,,External,Other,,AWS Outbound,EUN1-DataTransfer-Out-Bytes,,,,,DRTM7T5YA7E492Z3.A429C66SYZ.6YS6EN2CT7,448848351163,USD,0.0000000966,0.0900000000,,GB,,,,,,,,,,23742807748,,,,,,,,,,,,,,,
77j6nzxmjlhyphfdjpqn7wjqmcajieiyrfig5z4bvicemy3f2ouq,2026-04-19T21:00:00Z/2026-04-19T22:00:00Z,,"Amazon Web Services, Inc.",AWS,Anniversary,430155298731,2026-04-01T00:00:00Z,2026-05-01T00:00:00Z,430155298731,Usage,2026-04-19T21:00:00Z,2026-04-19T22:00:00Z,AmazonEC2,EUN1-DataTransfer-Out-Bytes,RunInstances,,i-0e7a97edd820a1d28,0.0000007823,,,USD,0.0000000000,0.0000000000,0.0000000000,0.0000000000,USD 0.0 per GB for DataTransfer-Out-Bytes in EU (Stockholm),,"Amazon Web Services, Inc.",Amazon Elastic Compute Cloud,,,,,,,,,,,,,,EU (Stockholm),AWS Region,eu-north-1,,,,,,,,,,,,,,,,,,,,,,,,,,,,,,Data Transfer,,eu-north-1,,AWSDataTransfer,AWS Data Transfer,DRTM7T5YA7E492Z3,,,,,External,Other,,AWS Outbound,EUN1-DataTransfer-Out-Bytes,,,,,DRTM7T5YA7E492Z3.A429C66SYZ.6YS6EN2CT7,448848351163,USD,0.0000000704,0.0900000000,,GB,,,,,,,,,,23742807748,,,,,,,,,,,,,,,
kduordrr7vfpmxpm5sx5uf5pmvryspg2rwoge2qmodjxfgv2jzba,2026-04-19T21:00:00Z/2026-04-19T22:00:00Z,,"Amazon Web Services, Inc.",AWS,Anniversary,430155298731,2026-04-01T00:00:00Z,2026-05-01T00:00:00Z,430155298731,Usage,2026-04-19T21:00:00Z,2026-04-19T22:00:00Z,AmazonEC2,EUN1-DataTransfer-Out-Bytes,RunInstances,,i-0e7a97edd820a1d28,0.0000004163,,,USD,0.0000000000,0.0000000000,0.0000000000,0.0000000000,USD 0.0 per GB for DataTransfer-Out-Bytes in EU (Stockholm),,"Amazon Web Services, Inc.",Amazon Elastic Compute Cloud,,,,,,,,,,,,,,EU (Stockholm),AWS Region,eu-north-1,,,,,,,,,,,,,,,,,,,,,,,,,,,,,,Data Transfer,,eu-north-1,,AWSDataTransfer,AWS Data Transfer,DRTM7T5YA7E492Z3,,,,,External,Other,,AWS Outbound,EUN1-DataTransfer-Out-Bytes,,,,,DRTM7T5YA7E492Z3.A429C66SYZ.6YS6EN2CT7,448848351163,USD,0.0000000375,0.0900000000,,GB,,,,,,,,,,23742807748,,,,,,,,,,,,,,,
77j6nzxmjlhyphfdjpqn7wjqmcajieiyrfig5z4bvicemy3f2ouq,2026-04-19T22:00:00Z/2026-04-19T23:00:00Z,,"Amazon Web Services, Inc.",AWS,Anniversary,430155298731,2026-04-01T00:00:00Z,2026-05-01T00:00:00Z,430155298731,Usage,2026-04-19T22:00:00Z,2026-04-19T23:00:00Z,AmazonEC2,EUN1-DataTransfer-Out-Bytes,RunInstances,,i-0e7a97edd820a1d28,0.0000002459,,,USD,0.0000000000,0.0000000000,0.0000000000,0.0000000000,USD 0.0 per GB for DataTransfer-Out-Bytes in EU (Stockholm),,"Amazon Web Services, Inc.",Amazon Elastic Compute Cloud,,,,,,,,,,,,,,EU (Stockholm),AWS Region,eu-north-1,,,,,,,,,,,,,,,,,,,,,,,,,,,,,,Data Transfer,,eu-north-1,,AWSDataTransfer,AWS Data Transfer,DRTM7T5YA7E492Z3,,,,,External,Other,,AWS Outbound,EUN1-DataTransfer-Out-Bytes,,,,,DRTM7T5YA7E492Z3.A429C66SYZ.6YS6EN2CT7,448848351163,USD,0.0000000221,0.0900000000,,GB,,,,,,,,,,23742807748,,,,,,,,,,,,,,,
shyupgkzyggnd36g73dpdrezcmmulb3lsk2w7v7iestzkglwcv2q,2026-04-19T22:00:00Z/2026-04-19T23:00:00Z,,"Amazon Web Services, Inc.",AWS,Anniversary,430155298731,2026-04-01T00:00:00Z,2026-05-01T00:00:00Z,430155298731,Usage,2026-04-19T22:00:00Z,2026-04-19T23:00:00Z,AmazonEC2,EUN1-DataTransfer-Out-Bytes,RunInstances,,i-0e7a97edd820a1d28,0.0000002459,,,USD,0.0000000000,0.0000000000,0.0000000000,0.0000000000,USD 0.0 per GB for DataTransfer-Out-Bytes in EU (Stockholm),,"Amazon Web Services, Inc.",Amazon Elastic Compute Cloud,,,,,,,,,,,,,,EU (Stockholm),AWS Region,eu-north-1,,,,,,,,,,,,,,,,,,,,,,,,,,,,,,Data Transfer,,eu-north-1,,AWSDataTransfer,AWS Data Transfer,DRTM7T5YA7E492Z3,,,,,External,Other,,AWS Outbound,EUN1-DataTransfer-Out-Bytes,,,,,DRTM7T5YA7E492Z3.A429C66SYZ.6YS6EN2CT7,448848351163,USD,0.0000000221,0.0900000000,,GB,,,,,,,,,,23742807748,,,,,,,,,,,,,,,
xnbhmmyevobsiiq53jdqtm2shq6opb63dwy2ly65azxvcejbgd3q,2026-04-16T19:00:00Z/2026-04-16T20:00:00Z,,"Amazon Web Services, Inc.",AWS,Anniversary,430155298731,2026-04-01T00:00:00Z,2026-05-01T00:00:00Z,430155298731,Usage,2026-04-16T19:00:00Z,2026-04-16T20:00:00Z,AmazonEC2,EUN1-EUW2-AWS-In-Bytes,PublicIP-In,,i-099a28da00871efc7,0.0000026189,,,USD,0.0000000000,0.0000000000,0.0000000000,0.0000000000,USD 0.0 per GB for EUW2-AWS-In-Bytes in EU (Stockholm),,"Amazon Web Services, Inc.",Amazon Elastic Compute Cloud,,,,,,,,,,,,,,EU (Stockholm),AWS Region,eu-north-1,,,,,,,,,,,,,,,,,,,,,,,,,,,,,,Data Transfer,,eu-north-1,,AWSDataTransfer,AWS Data Transfer,K529V5S25FWRKUPE,,,,,EU (London),AWS Region,eu-west-2,InterRegion Inbound,EUN1-EUW2-AWS-In-Bytes,,,,,K529V5S25FWRKUPE.JRTCKXETXF.6YS6EN2CT7,448848897971,USD,0.0000000000,0.0000000000,OnDemand,GB,,,,,,,,,,23742807748,,,,,,,,,,,,,,,
lzo4dg6kk4vjk625omj7tkrffoxqy2cgju55ittsntkhs5b4ys3q,2026-04-16T20:00:00Z/2026-04-16T21:00:00Z,,"Amazon Web Services, Inc.",AWS,Anniversary,430155298731,2026-04-01T00:00:00Z,2026-05-01T00:00:00Z,430155298731,Usage,2026-04-16T20:00:00Z,2026-04-16T21:00:00Z,AmazonEC2,EUN1-EUW2-AWS-In-Bytes,PublicIP-In,,i-01e8e62decd3fe77a,0.0000011325,,,USD,0.0000000000,0.0000000000,0.0000000000,0.0000000000,USD 0.0 per GB for EUW2-AWS-In-Bytes in EU (Stockholm),,"Amazon Web Services, Inc.",Amazon Elastic Compute Cloud,,,,,,,,,,,,,,EU (Stockholm),AWS Region,eu-north-1,,,,,,,,,,,,,,,,,,,,,,,,,,,,,,Data Transfer,,eu-north-1,,AWSDataTransfer,AWS Data Transfer,K529V5S25FWRKUPE,,,,,EU (London),AWS Region,eu-west-2,InterRegion Inbound,EUN1-EUW2-AWS-In-Bytes,,,,,K529V5S25FWRKUPE.JRTCKXETXF.6YS6EN2CT7,448848897971,USD,0.0000000000,0.0000000000,OnDemand,GB,,,,,,,,,,23742807748,,,,,,,,,,,,,,,
xnbhmmyevobsiiq53jdqtm2shq6opb63dwy2ly65azxvcejbgd3q,2026-04-16T20:00:00Z/2026-04-16T21:00:00Z,,"Amazon Web Services, Inc.",AWS,Anniversary,430155298731,2026-04-01T00:00:00Z,2026-05-01T00:00:00Z,430155298731,Usage,2026-04-16T20:00:00Z,2026-04-16T21:00:00Z,AmazonEC2,EUN1-EUW2-AWS-In-Bytes,PublicIP-In,,i-099a28da00871efc7,0.0000061579,,,USD,0.0000000000,0.0000000000,0.0000000000,0.0000000000,USD 0.0 per GB for EUW2-AWS-In-Bytes in EU (Stockholm),,"Amazon Web Services, Inc.",Amazon Elastic Compute Cloud,,,,,,,,,,,,,,EU (Stockholm),AWS Region,eu-north-1,,,,,,,,,,,,,,,,,,,,,,,,,,,,,,Data Transfer,,eu-north-1,,AWSDataTransfer,AWS Data Transfer,K529V5S25FWRKUPE,,,,,EU (London),AWS Region,eu-west-2,InterRegion Inbound,EUN1-EUW2-AWS-In-Bytes,,,,,K529V5S25FWRKUPE.JRTCKXETXF.6YS6EN2CT7,448848897971,USD,0.0000000000,0.0000000000,OnDemand,GB,,,,,,,,,,23742807748,,,,,,,,,,,,,,,
xnbhmmyevobsiiq53jdqtm2shq6opb63dwy2ly65azxvcejbgd3q,2026-04-16T21:00:00Z/2026-04-16T22:00:00Z,,"Amazon Web Services, Inc.",AWS,Anniversary,430155298731,2026-04-01T00:00:00Z,2026-05-01T00:00:00Z,430155298731,Usage,2026-04-16T21:00:00Z,2026-04-16T22:00:00Z,AmazonEC2,EUN1-EUW2-AWS-In-Bytes,PublicIP-In,,i-099a28da00871efc7,0.0000012033,,,USD,0.0000000000,0.0000000000,0.0000000000,0.0000000000,USD 0.0 per GB for EUW2-AWS-In-Bytes in EU (Stockholm),,"Amazon Web Services, Inc.",Amazon Elastic Compute Cloud,,,,,,,,,,,,,,EU (Stockholm),AWS Region,eu-north-1,,,,,,,,,,,,,,,,,,,,,,,,,,,,,,Data Transfer,,eu-north-1,,AWSDataTransfer,AWS Data Transfer,K529V5S25FWRKUPE,,,,,EU (London),AWS Region,eu-west-2,InterRegion Inbound,EUN1-EUW2-AWS-In-Bytes,,,,,K529V5S25FWRKUPE.JRTCKXETXF.6YS6EN2CT7,448848897971,USD,0.0000000000,0.0000000000,OnDemand,GB,,,,,,,,,,23742807748,,,,,,,,,,,,,,,
gtjnzxi6vyg4yqttazihxeij5bhjhsil42ef3vjeijl6za57ejkq,2026-04-19T21:00:00Z/2026-04-19T22:00:00Z,,"Amazon Web Services, Inc.",AWS,Anniversary,430155298731,2026-04-01T00:00:00Z,2026-05-01T00:00:00Z,430155298731,Usage,2026-04-19T21:00:00Z,2026-04-19T22:00:00Z,AmazonEC2,EUN1-EUW2-AWS-In-Bytes,PublicIP-In,,i-0e7a97edd820a1d28,0.0000062287,,,USD,0.0000000000,0.0000000000,0.0000000000,0.0000000000,USD 0.0 per GB for EUW2-AWS-In-Bytes in EU (Stockholm),,"Amazon Web Services, Inc.",Amazon Elastic Compute Cloud,,,,,,,,,,,,,,EU (Stockholm),AWS Region,eu-north-1,,,,,,,,,,,,,,,,,,,,,,,,,,,,,,Data Transfer,,eu-north-1,,AWSDataTransfer,AWS Data Transfer,K529V5S25FWRKUPE,,,,,EU (London),AWS Region,eu-west-2,InterRegion Inbound,EUN1-EUW2-AWS-In-Bytes,,,,,K529V5S25FWRKUPE.JRTCKXETXF.6YS6EN2CT7,448848897971,USD,0.0000000000,0.0000000000,OnDemand,GB,,,,,,,,,,23742807748,,,,,,,,,,,,,,,
gtjnzxi6vyg4yqttazihxeij5bhjhsil42ef3vjeijl6za57ejkq,2026-04-19T22:00:00Z/2026-04-19T23:00:00Z,,"Amazon Web Services, Inc.",AWS,Anniversary,430155298731,2026-04-01T00:00:00Z,2026-05-01T00:00:00Z,430155298731,Usage,2026-04-19T22:00:00Z,2026-04-19T23:00:00Z,AmazonEC2,EUN1-EUW2-AWS-In-Bytes,PublicIP-In,,i-0e7a97edd820a1d28,0.0000025481,,,USD,0.0000000000,0.0000000000,0.0000000000,0.0000000000,USD 0.0 per GB for EUW2-AWS-In-Bytes in EU (Stockholm),,"Amazon Web Services, Inc.",Amazon Elastic Compute Cloud,,,,,,,,,,,,,,EU (Stockholm),AWS Region,eu-north-1,,,,,,,,,,,,,,,,,,,,,,,,,,,,,,Data Transfer,,eu-north-1,,AWSDataTransfer,AWS Data Transfer,K529V5S25FWRKUPE,,,,,EU (London),AWS Region,eu-west-2,InterRegion Inbound,EUN1-EUW2-AWS-In-Bytes,,,,,K529V5S25FWRKUPE.JRTCKXETXF.6YS6EN2CT7,448848897971,USD,0.0000000000,0.0000000000,OnDemand,GB,,,,,,,,,,23742807748,,,,,,,,,,,,,,,
4n5wwkt2gbkqeamcr2yotuxkrdbq7s7fygkrfiqz7xcwf4aeiykq,2026-04-16T16:00:00Z/2026-04-16T17:00:00Z,,"Amazon Web Services, Inc.",AWS,Anniversary,430155298731,2026-04-01T00:00:00Z,2026-05-01T00:00:00Z,430155298731,Usage,2026-04-16T16:00:00Z,2026-04-16T17:00:00Z,AmazonS3,USE1-EUN1-AWS-Out-Bytes,ListAccessPoints,,,0.0000000671,,,USD,0.0200000000,0.0000000013,0.0200000000,0.0000000013,USD 0.02 per GB for EUN1-AWS-Out-Bytes in EU (Stockholm),,"Amazon Web Services, Inc.",Amazon Simple Storage Service,,,,,,,,,,,,,,US East (N. Virginia),AWS Region,us-east-1,,,,,,,,,,,,,,,,,,,,,,,,,,,,,,Data Transfer,,us-east-1,,AWSDataTransfer,AWS Data Transfer,RCJZ7PSFBQHVM8R8,,,,,EU (Stockholm),AWS Region,eu-north-1,InterRegion Outbound,USE1-EUN1-AWS-Out-Bytes,,,,,RCJZ7PSFBQHVM8R8.JRTCKXETXF.6YS6EN2CT7,448848862633,USD,0.0000000013,0.0200000000,OnDemand,GB,,,,,,,,,,23742807748,,,,,,,,,,,,,,,
4n5wwkt2gbkqeamcr2yotuxkrdbq7s7fygkrfiqz7xcwf4aeiykq,2026-04-16T17:00:00Z/2026-04-16T18:00:00Z,,"Amazon Web Services, Inc.",AWS,Anniversary,430155298731,2026-04-01T00:00:00Z,2026-05-01T00:00:00Z,430155298731,Usage,2026-04-16T17:00:00Z,2026-04-16T18:00:00Z,AmazonS3,USE1-EUN1-AWS-Out-Bytes,ListAccessPoints,,,0.0000000671,,,USD,0.0200000000,0.0000000013,0.0200000000,0.0000000013,USD 0.02 per GB for EUN1-AWS-Out-Bytes in EU (Stockholm),,"Amazon Web Services, Inc.",Amazon Simple Storage Service,,,,,,,,,,,,,,US East (N. Virginia),AWS Region,us-east-1,,,,,,,,,,,,,,,,,,,,,,,,,,,,,,Data Transfer,,us-east-1,,AWSDataTransfer,AWS Data Transfer,RCJZ7PSFBQHVM8R8,,,,,EU (Stockholm),AWS Region,eu-north-1,InterRegion Outbound,USE1-EUN1-AWS-Out-Bytes,,,,,RCJZ7PSFBQHVM8R8.JRTCKXETXF.6YS6EN2CT7,448848862633,USD,0.0000000013,0.0200000000,OnDemand,GB,,,,,,,,,,23742807748,,,,,,,,,,,,,,,
4n5wwkt2gbkqeamcr2yotuxkrdbq7s7fygkrfiqz7xcwf4aeiykq,2026-04-21T06:00:00Z/2026-04-21T07:00:00Z,,"Amazon Web Services, Inc.",AWS,Anniversary,430155298731,2026-04-01T00:00:00Z,2026-05-01T00:00:00Z,430155298731,Usage,2026-04-21T06:00:00Z,2026-04-21T07:00:00Z,AmazonS3,USE1-EUN1-AWS-Out-Bytes,ListAccessPoints,,,0.0000000671,,,USD,0.0200000000,0.0000000013,0.0200000000,0.0000000013,USD 0.02 per GB for EUN1-AWS-Out-Bytes in EU (Stockholm),,"Amazon Web Services, Inc.",Amazon Simple Storage Service,,,,,,,,,,,,,,US East (N. Virginia),AWS Region,us-east-1,,,,,,,,,,,,,,,,,,,,,,,,,,,,,,Data Transfer,,us-east-1,,AWSDataTransfer,AWS Data Transfer,RCJZ7PSFBQHVM8R8,,,,,EU (Stockholm),AWS Region,eu-north-1,InterRegion Outbound,USE1-EUN1-AWS-Out-Bytes,,,,,RCJZ7PSFBQHVM8R8.JRTCKXETXF.6YS6EN2CT7,448848862633,USD,0.0000000013,0.0200000000,OnDemand,GB,,,,,,,,,,23742807748,,,,,,,,,,,,,,,
qhn6vd3teajcf2qdnkt4stkh7d4dyfnscawd7zx4vga5y7wot5nq,2026-04-16T16:00:00Z/2026-04-16T17:00:00Z,,"Amazon Web Services, Inc.",AWS,Anniversary,430155298731,2026-04-01T00:00:00Z,2026-05-01T00:00:00Z,430155298731,Usage,2026-04-16T16:00:00Z,2026-04-16T17:00:00Z,AmazonS3,USE1-EUN1-AWS-Out-Bytes,ListAllMyBuckets,,,0.0000002179,,,USD,0.0200000000,0.0000000044,0.0200000000,0.0000000044,USD 0.02 per GB for EUN1-AWS-Out-Bytes in EU (Stockholm),,"Amazon Web Services, Inc.",Amazon Simple Storage Service,,,,,,,,,,,,,,US East (N. Virginia),AWS Region,us-east-1,,,,,,,,,,,,,,,,,,,,,,,,,,,,,,Data Transfer,,us-east-1,,AWSDataTransfer,AWS Data Transfer,RCJZ7PSFBQHVM8R8,,,,,EU (Stockholm),AWS Region,eu-north-1,InterRegion Outbound,USE1-EUN1-AWS-Out-Bytes,,,,,RCJZ7PSFBQHVM8R8.JRTCKXETXF.6YS6EN2CT7,448848862633,USD,0.0000000044,0.0200000000,OnDemand,GB,,,,,,,,,,23742807748,,,,,,,,,,,,,,,
qhn6vd3teajcf2qdnkt4stkh7d4dyfnscawd7zx4vga5y7wot5nq,2026-04-16T17:00:00Z/2026-04-16T18:00:00Z,,"Amazon Web Services, Inc.",AWS,Anniversary,430155298731,2026-04-01T00:00:00Z,2026-05-01T00:00:00Z,430155298731,Usage,2026-04-16T17:00:00Z,2026-04-16T18:00:00Z,AmazonS3,USE1-EUN1-AWS-Out-Bytes,ListAllMyBuckets,,,0.0000002179,,,USD,0.0200000000,0.0000000044,0.0200000000,0.0000000044,USD 0.02 per GB for EUN1-AWS-Out-Bytes in EU (Stockholm),,"Amazon Web Services, Inc.",Amazon Simple Storage Service,,,,,,,,,,,,,,US East (N. Virginia),AWS Region,us-east-1,,,,,,,,,,,,,,,,,,,,,,,,,,,,,,Data Transfer,,us-east-1,,AWSDataTransfer,AWS Data Transfer,RCJZ7PSFBQHVM8R8,,,,,EU (Stockholm),AWS Region,eu-north-1,InterRegion Outbound,USE1-EUN1-AWS-Out-Bytes,,,,,RCJZ7PSFBQHVM8R8.JRTCKXETXF.6YS6EN2CT7,448848862633,USD,0.0000000044,0.0200000000,OnDemand,GB,,,,,,,,,,23742807748,,,,,,,,,,,,,,,
qhn6vd3teajcf2qdnkt4stkh7d4dyfnscawd7zx4vga5y7wot5nq,2026-04-21T00:00:00Z/2026-04-21T01:00:00Z,,"Amazon Web Services, Inc.",AWS,Anniversary,430155298731,2026-04-01T00:00:00Z,2026-05-01T00:00:00Z,430155298731,Usage,2026-04-21T00:00:00Z,2026-04-21T01:00:00Z,AmazonS3,USE1-EUN1-AWS-Out-Bytes,ListAllMyBuckets,,,0.0000002179,,,USD,0.0200000000,0.0000000044,0.0200000000,0.0000000044,USD 0.02 per GB for EUN1-AWS-Out-Bytes in EU (Stockholm),,"Amazon Web Services, Inc.",Amazon Simple Storage Service,,,,,,,,,,,,,,US East (N. Virginia),AWS Region,us-east-1,,,,,,,,,,,,,,,,,,,,,,,,,,,,,,Data Transfer,,us-east-1,,AWSDataTransfer,AWS Data Transfer,RCJZ7PSFBQHVM8R8,,,,,EU (Stockholm),AWS Region,eu-north-1,InterRegion Outbound,USE1-EUN1-AWS-Out-Bytes,,,,,RCJZ7PSFBQHVM8R8.JRTCKXETXF.6YS6EN2CT7,448848862633,USD,0.0000000044,0.0200000000,OnDemand,GB,,,,,,,,,,23742807748,,,,,,,,,,,,,,,
iaprggzbmp4thv27wvjd224g6ruyu7hm4y35gkmrazcymo2aauiq,2026-04-16T16:00:00Z/2026-04-16T17:00:00Z,,"Amazon Web Services, Inc.",AWS,Anniversary,430155298731,2026-04-01T00:00:00Z,2026-05-01T00:00:00Z,430155298731,Usage,2026-04-16T16:00:00Z,2026-04-16T17:00:00Z,AmazonS3,USE1-EUN1-AWS-Out-Bytes,ListLensConfigurations,,,0.0000000885,,,USD,0.0200000000,0.0000000018,0.0200000000,0.0000000018,USD 0.02 per GB for EUN1-AWS-Out-Bytes in EU (Stockholm),,"Amazon Web Services, Inc.",Amazon Simple Storage Service,,,,,,,,,,,,,,US East (N. Virginia),AWS Region,us-east-1,,,,,,,,,,,,,,,,,,,,,,,,,,,,,,Data Transfer,,us-east-1,,AWSDataTransfer,AWS Data Transfer,RCJZ7PSFBQHVM8R8,,,,,EU (Stockholm),AWS Region,eu-north-1,InterRegion Outbound,USE1-EUN1-AWS-Out-Bytes,,,,,RCJZ7PSFBQHVM8R8.JRTCKXETXF.6YS6EN2CT7,448848862633,USD,0.0000000018,0.0200000000,OnDemand,GB,,,,,,,,,,23742807748,,,,,,,,,,,,,,,
iaprggzbmp4thv27wvjd224g6ruyu7hm4y35gkmrazcymo2aauiq,2026-04-16T17:00:00Z/2026-04-16T18:00:00Z,,"Amazon Web Services, Inc.",AWS,Anniversary,430155298731,2026-04-01T00:00:00Z,2026-05-01T00:00:00Z,430155298731,Usage,2026-04-16T17:00:00Z,2026-04-16T18:00:00Z,AmazonS3,USE1-EUN1-AWS-Out-Bytes,ListLensConfigurations,,,0.0000000885,,,USD,0.0200000000,0.0000000018,0.0200000000,0.0000000018,USD 0.02 per GB for EUN1-AWS-Out-Bytes in EU (Stockholm),,"Amazon Web Services, Inc.",Amazon Simple Storage Service,,,,,,,,,,,,,,US East (N. Virginia),AWS Region,us-east-1,,,,,,,,,,,,,,,,,,,,,,,,,,,,,,Data Transfer,,us-east-1,,AWSDataTransfer,AWS Data Transfer,RCJZ7PSFBQHVM8R8,,,,,EU (Stockholm),AWS Region,eu-north-1,InterRegion Outbound,USE1-EUN1-AWS-Out-Bytes,,,,,RCJZ7PSFBQHVM8R8.JRTCKXETXF.6YS6EN2CT7,448848862633,USD,0.0000000018,0.0200000000,OnDemand,GB,,,,,,,,,,23742807748,,,,,,,,,,,,,,,
iaprggzbmp4thv27wvjd224g6ruyu7hm4y35gkmrazcymo2aauiq,2026-04-20T19:00:00Z/2026-04-20T20:00:00Z,,"Amazon Web Services, Inc.",AWS,Anniversary,430155298731,2026-04-01T00:00:00Z,2026-05-01T00:00:00Z,430155298731,Usage,2026-04-20T19:00:00Z,2026-04-20T20:00:00Z,AmazonS3,USE1-EUN1-AWS-Out-Bytes,ListLensConfigurations,,,0.0000000885,,,USD,0.0200000000,0.0000000018,0.0200000000,0.0000000018,USD 0.02 per GB for EUN1-AWS-Out-Bytes in EU (Stockholm),,"Amazon Web Services, Inc.",Amazon Simple Storage Service,,,,,,,,,,,,,,US East (N. Virginia),AWS Region,us-east-1,,,,,,,,,,,,,,,,,,,,,,,,,,,,,,Data Transfer,,us-east-1,,AWSDataTransfer,AWS Data Transfer,RCJZ7PSFBQHVM8R8,,,,,EU (Stockholm),AWS Region,eu-north-1,InterRegion Outbound,USE1-EUN1-AWS-Out-Bytes,,,,,RCJZ7PSFBQHVM8R8.JRTCKXETXF.6YS6EN2CT7,448848862633,USD,0.0000000018,0.0200000000,OnDemand,GB,,,,,,,,,,23742807748,,,,,,,,,,,,,,,
t4i2stf6sibs4foieti5a7bbzlykscisr2clmw4ieiwptezuonxq,2026-04-16T17:00:00Z/2026-04-16T18:00:00Z,,"Amazon Web Services, Inc.",AWS,Anniversary,430155298731,2026-04-01T00:00:00Z,2026-05-01T00:00:00Z,430155298731,Usage,2026-04-16T17:00:00Z,2026-04-16T18:00:00Z,AmazonS3,USE1-EUN1-AWS-Out-Bytes,ListStorageLensGroups,,,0.0000000820,,,USD,0.0200000000,0.0000000016,0.0200000000,0.0000000016,USD 0.02 per GB for EUN1-AWS-Out-Bytes in EU (Stockholm),,"Amazon Web Services, Inc.",Amazon Simple Storage Service,,,,,,,,,,,,,,US East (N. Virginia),AWS Region,us-east-1,,,,,,,,,,,,,,,,,,,,,,,,,,,,,,Data Transfer,,us-east-1,,AWSDataTransfer,AWS Data Transfer,RCJZ7PSFBQHVM8R8,,,,,EU (Stockholm),AWS Region,eu-north-1,InterRegion Outbound,USE1-EUN1-AWS-Out-Bytes,,,,,RCJZ7PSFBQHVM8R8.JRTCKXETXF.6YS6EN2CT7,448848862633,USD,0.0000000016,0.0200000000,OnDemand,GB,,,,,,,,,,23742807748,,,,,,,,,,,,,,,
t4i2stf6sibs4foieti5a7bbzlykscisr2clmw4ieiwptezuonxq,2026-04-17T07:00:00Z/2026-04-17T08:00:00Z,,"Amazon Web Services, Inc.",AWS,Anniversary,430155298731,2026-04-01T00:00:00Z,2026-05-01T00:00:00Z,430155298731,Usage,2026-04-17T07:00:00Z,2026-04-17T08:00:00Z,AmazonS3,USE1-EUN1-AWS-Out-Bytes,ListStorageLensGroups,,,0.0000000820,,,USD,0.0200000000,0.0000000016,0.0200000000,0.0000000016,USD 0.02 per GB for EUN1-AWS-Out-Bytes in EU (Stockholm),,"Amazon Web Services, Inc.",Amazon Simple Storage Service,,,,,,,,,,,,,,US East (N. Virginia),AWS Region,us-east-1,,,,,,,,,,,,,,,,,,,,,,,,,,,,,,Data Transfer,,us-east-1,,AWSDataTransfer,AWS Data Transfer,RCJZ7PSFBQHVM8R8,,,,,EU (Stockholm),AWS Region,eu-north-1,InterRegion Outbound,USE1-EUN1-AWS-Out-Bytes,,,,,RCJZ7PSFBQHVM8R8.JRTCKXETXF.6YS6EN2CT7,448848862633,USD,0.0000000016,0.0200000000,OnDemand,GB,,,,,,,,,,23742807748,,,,,,,,,,,,,,,
t4i2stf6sibs4foieti5a7bbzlykscisr2clmw4ieiwptezuonxq,2026-04-22T07:00:00Z/2026-04-22T08:00:00Z,,"Amazon Web Services, Inc.",AWS,Anniversary,430155298731,2026-04-01T00:00:00Z,2026-05-01T00:00:00Z,430155298731,Usage,2026-04-22T07:00:00Z,2026-04-22T08:00:00Z,AmazonS3,USE1-EUN1-AWS-Out-Bytes,ListStorageLensGroups,,,0.0000000820,,,USD,0.0200000000,0.0000000016,0.0200000000,0.0000000016,USD 0.02 per GB for EUN1-AWS-Out-Bytes in EU (Stockholm),,"Amazon Web Services, Inc.",Amazon Simple Storage Service,,,,,,,,,,,,,,US East (N. Virginia),AWS Region,us-east-1,,,,,,,,,,,,,,,,,,,,,,,,,,,,,,Data Transfer,,us-east-1,,AWSDataTransfer,AWS Data Transfer,RCJZ7PSFBQHVM8R8,,,,,EU (Stockholm),AWS Region,eu-north-1,InterRegion Outbound,USE1-EUN1-AWS-Out-Bytes,,,,,RCJZ7PSFBQHVM8R8.JRTCKXETXF.6YS6EN2CT7,448848862633,USD,0.0000000016,0.0200000000,OnDemand,GB,,,,,,,,,,23742807748,,,,,,,,,,,,,,,
ujg4nikoaakwgll7pzx3qn7sfe3xh3ghozpetcwhajbt6q7i3soq,2026-04-16T19:00:00Z/2026-04-16T20:00:00Z,,"Amazon Web Services, Inc.",AWS,Anniversary,430155298731,2026-04-01T00:00:00Z,2026-05-01T00:00:00Z,430155298731,Usage,2026-04-16T19:00:00Z,2026-04-16T20:00:00Z,AmazonEC2,EUN1-EUW2-AWS-Out-Bytes,PublicIP-Out,,i-099a28da00871efc7,0.0000026189,,,USD,0.0200000000,0.0000000524,0.0200000000,0.0000000524,USD 0.02 per GB for EUW2-AWS-Out-Bytes in EU (Stockholm),,"Amazon Web Services, Inc.",Amazon Elastic Compute Cloud,,,,,,,,,,,,,,EU (Stockholm),AWS Region,eu-north-1,,,,,,,,,,,,,,,,,,,,,,,,,,,,,,Data Transfer,,eu-north-1,,AWSDataTransfer,AWS Data Transfer,QHMUGUPEUNTEDZCV,,,,,EU (London),AWS Region,eu-west-2,InterRegion Outbound,EUN1-EUW2-AWS-Out-Bytes,,,,,QHMUGUPEUNTEDZCV.JRTCKXETXF.6YS6EN2CT7,448848899321,USD,0.0000000524,0.0200000000,OnDemand,GB,,,,,,,,,,23742807748,,,,,,,,,,,,,,,
imyfpa4nbr4tdutadyfysoevchu7syk47g4iamh46jktdawui2ra,2026-04-16T20:00:00Z/2026-04-16T21:00:00Z,,"Amazon Web Services, Inc.",AWS,Anniversary,430155298731,2026-04-01T00:00:00Z,2026-05-01T00:00:00Z,430155298731,Usage,2026-04-16T20:00:00Z,2026-04-16T21:00:00Z,AmazonEC2,EUN1-EUW2-AWS-Out-Bytes,PublicIP-Out,,i-01e8e62decd3fe77a,0.0000011325,,,USD,0.0200000000,0.0000000227,0.0200000000,0.0000000227,USD 0.02 per GB for EUW2-AWS-Out-Bytes in EU (Stockholm),,"Amazon Web Services, Inc.",Amazon Elastic Compute Cloud,,,,,,,,,,,,,,EU (Stockholm),AWS Region,eu-north-1,,,,,,,,,,,,,,,,,,,,,,,,,,,,,,Data Transfer,,eu-north-1,,AWSDataTransfer,AWS Data Transfer,QHMUGUPEUNTEDZCV,,,,,EU (London),AWS Region,eu-west-2,InterRegion Outbound,EUN1-EUW2-AWS-Out-Bytes,,,,,QHMUGUPEUNTEDZCV.JRTCKXETXF.6YS6EN2CT7,448848899321,USD,0.0000000227,0.0200000000,OnDemand,GB,,,,,,,,,,23742807748,,,,,,,,,,,,,,,
ujg4nikoaakwgll7pzx3qn7sfe3xh3ghozpetcwhajbt6q7i3soq,2026-04-16T20:00:00Z/2026-04-16T21:00:00Z,,"Amazon Web Services, Inc.",AWS,Anniversary,430155298731,2026-04-01T00:00:00Z,2026-05-01T00:00:00Z,430155298731,Usage,2026-04-16T20:00:00Z,2026-04-16T21:00:00Z,AmazonEC2,EUN1-EUW2-AWS-Out-Bytes,PublicIP-Out,,i-099a28da00871efc7,0.0000061579,,,USD,0.0200000000,0.0000001232,0.0200000000,0.0000001232,USD 0.02 per GB for EUW2-AWS-Out-Bytes in EU (Stockholm),,"Amazon Web Services, Inc.",Amazon Elastic Compute Cloud,,,,,,,,,,,,,,EU (Stockholm),AWS Region,eu-north-1,,,,,,,,,,,,,,,,,,,,,,,,,,,,,,Data Transfer,,eu-north-1,,AWSDataTransfer,AWS Data Transfer,QHMUGUPEUNTEDZCV,,,,,EU (London),AWS Region,eu-west-2,InterRegion Outbound,EUN1-EUW2-AWS-Out-Bytes,,,,,QHMUGUPEUNTEDZCV.JRTCKXETXF.6YS6EN2CT7,448848899321,USD,0.0000001232,0.0200000000,OnDemand,GB,,,,,,,,,,23742807748,,,,,,,,,,,,,,,
ujg4nikoaakwgll7pzx3qn7sfe3xh3ghozpetcwhajbt6q7i3soq,2026-04-16T21:00:00Z/2026-04-16T22:00:00Z,,"Amazon Web Services, Inc.",AWS,Anniversary,430155298731,2026-04-01T00:00:00Z,2026-05-01T00:00:00Z,430155298731,Usage,2026-04-16T21:00:00Z,2026-04-16T22:00:00Z,AmazonEC2,EUN1-EUW2-AWS-Out-Bytes,PublicIP-Out,,i-099a28da00871efc7,0.0000012033,,,USD,0.0200000000,0.0000000241,0.0200000000,0.0000000241,USD 0.02 per GB for EUW2-AWS-Out-Bytes in EU (Stockholm),,"Amazon Web Services, Inc.",Amazon Elastic Compute Cloud,,,,,,,,,,,,,,EU (Stockholm),AWS Region,eu-north-1,,,,,,,,,,,,,,,,,,,,,,,,,,,,,,Data Transfer,,eu-north-1,,AWSDataTransfer,AWS Data Transfer,QHMUGUPEUNTEDZCV,,,,,EU (London),AWS Region,eu-west-2,InterRegion Outbound,EUN1-EUW2-AWS-Out-Bytes,,,,,QHMUGUPEUNTEDZCV.JRTCKXETXF.6YS6EN2CT7,448848899321,USD,0.0000000241,0.0200000000,OnDemand,GB,,,,,,,,,,23742807748,,,,,,,,,,,,,,,
33567hi4ojo6eojiarhpmuufoc2imxfjqcehm2eyoh7lgclqsemq,2026-04-19T21:00:00Z/2026-04-19T22:00:00Z,,"Amazon Web Services, Inc.",AWS,Anniversary,430155298731,2026-04-01T00:00:00Z,2026-05-01T00:00:00Z,430155298731,Usage,2026-04-19T21:00:00Z,2026-04-19T22:00:00Z,AmazonEC2,EUN1-EUW2-AWS-Out-Bytes,PublicIP-Out,,i-0e7a97edd820a1d28,0.0000062287,,,USD,0.0200000000,0.0000001246,0.0200000000,0.0000001246,USD 0.02 per GB for EUW2-AWS-Out-Bytes in EU (Stockholm),,"Amazon Web Services, Inc.",Amazon Elastic Compute Cloud,,,,,,,,,,,,,,EU (Stockholm),AWS Region,eu-north-1,,,,,,,,,,,,,,,,,,,,,,,,,,,,,,Data Transfer,,eu-north-1,,AWSDataTransfer,AWS Data Transfer,QHMUGUPEUNTEDZCV,,,,,EU (London),AWS Region,eu-west-2,InterRegion Outbound,EUN1-EUW2-AWS-Out-Bytes,,,,,QHMUGUPEUNTEDZCV.JRTCKXETXF.6YS6EN2CT7,448848899321,USD,0.0000001246,0.0200000000,OnDemand,GB,,,,,,,,,,23742807748,,,,,,,,,,,,,,,
33567hi4ojo6eojiarhpmuufoc2imxfjqcehm2eyoh7lgclqsemq,2026-04-19T22:00:00Z/2026-04-19T23:00:00Z,,"Amazon Web Services, Inc.",AWS,Anniversary,430155298731,2026-04-01T00:00:00Z,2026-05-01T00:00:00Z,430155298731,Usage,2026-04-19T22:00:00Z,2026-04-19T23:00:00Z,AmazonEC2,EUN1-EUW2-AWS-Out-Bytes,PublicIP-Out,,i-0e7a97edd820a1d28,0.0000025481,,,USD,0.0200000000,0.0000000510,0.0200000000,0.0000000510,USD 0.02 per GB for EUW2-AWS-Out-Bytes in EU (Stockholm),,"Amazon Web Services, Inc.",Amazon Elastic Compute Cloud,,,,,,,,,,,,,,EU (Stockholm),AWS Region,eu-north-1,,,,,,,,,,,,,,,,,,,,,,,,,,,,,,Data Transfer,,eu-north-1,,AWSDataTransfer,AWS Data Transfer,QHMUGUPEUNTEDZCV,,,,,EU (London),AWS Region,eu-west-2,InterRegion Outbound,EUN1-EUW2-AWS-Out-Bytes,,,,,QHMUGUPEUNTEDZCV.JRTCKXETXF.6YS6EN2CT7,448848899321,USD,0.0000000510,0.0200000000,OnDemand,GB,,,,,,,,,,23742807748,,,,,,,,,,,,,,,
v6lwmcvdp3luozerql6fwxwiewzjnhvxp5hihtrlf7kc52s6acja,2026-04-19T20:00:00Z/2026-04-19T21:00:00Z,,"Amazon Web Services, Inc.",AWS,Anniversary,430155298731,2026-04-01T00:00:00Z,2026-05-01T00:00:00Z,430155298731,Usage,2026-04-19T20:00:00Z,2026-04-19T21:00:00Z,AmazonSNS,Requests-Tier1,ListTopics,,,1.0000000000,,,USD,0.0000000000,0.0000000000,0.0000000000,0.0000000000,"First 1,000,000 Amazon SNS API Requests per month are free",,"Amazon Web Services, Inc.",Amazon Simple Notification Service,,,,,,,,,,,,,,,,,,SNS-Requests-Tier1,Amazon SNS API Requests,,,,,,,,,,US East (N. Virginia),AWS Region,,,,,,,,,,,,,,,,API Request,,us-east-1,us-east-1,AmazonSNS,Amazon Simple Notification Service,QDX8G2WMY9NPXXPG,,,,,,,,,Requests-Tier1,,,,,QDX8G2WMY9NPXXPG.JRTCKXETXF.SB2VSFF4TP,372697618287,USD,0.0000005000,0.0000005000,OnDemand,Requests,,,,,,,,,,23742807749,,,,,,,,,,,,,,,
v6lwmcvdp3luozerql6fwxwiewzjnhvxp5hihtrlf7kc52s6acja,2026-04-21T15:00:00Z/2026-04-21T16:00:00Z,,"Amazon Web Services, Inc.",AWS,Anniversary,430155298731,2026-04-01T00:00:00Z,2026-05-01T00:00:00Z,430155298731,Usage,2026-04-21T15:00:00Z,2026-04-21T16:00:00Z,AmazonSNS,Requests-Tier1,ListTopics,,,1.0000000000,,,USD,0.0000000000,0.0000000000,0.0000000000,0.0000000000,"First 1,000,000 Amazon SNS API Requests per month are free",,"Amazon Web Services, Inc.",Amazon Simple Notification Service,,,,,,,,,,,,,,,,,,SNS-Requests-Tier1,Amazon SNS API Requests,,,,,,,,,,US East (N. Virginia),AWS Region,,,,,,,,,,,,,,,,API Request,,us-east-1,us-east-1,AmazonSNS,Amazon Simple Notification Service,QDX8G2WMY9NPXXPG,,,,,,,,,Requests-Tier1,,,,,QDX8G2WMY9NPXXPG.JRTCKXETXF.SB2VSFF4TP,372697618287,USD,0.0000005000,0.0000005000,OnDemand,Requests,,,,,,,,,,23742807749,,,,,,,,,,,,,,,
v6lwmcvdp3luozerql6fwxwiewzjnhvxp5hihtrlf7kc52s6acja,2026-04-26T15:00:00Z/2026-04-26T16:00:00Z,,"Amazon Web Services, Inc.",AWS,Anniversary,430155298731,2026-04-01T00:00:00Z,2026-05-01T00:00:00Z,430155298731,Usage,2026-04-26T15:00:00Z,2026-04-26T16:00:00Z,AmazonSNS,Requests-Tier1,ListTopics,,,1.0000000000,,,USD,0.0000000000,0.0000000000,0.0000000000,0.0000000000,"First 1,000,000 Amazon SNS API Requests per month are free",,"Amazon Web Services, Inc.",Amazon Simple Notification Service,,,,,,,,,,,,,,,,,,SNS-Requests-Tier1,Amazon SNS API Requests,,,,,,,,,,US East (N. Virginia),AWS Region,,,,,,,,,,,,,,,,API Request,,us-east-1,us-east-1,AmazonSNS,Amazon Simple Notification Service,QDX8G2WMY9NPXXPG,,,,,,,,,Requests-Tier1,,,,,QDX8G2WMY9NPXXPG.JRTCKXETXF.SB2VSFF4TP,372697618287,USD,0.0000005000,0.0000005000,OnDemand,Requests,,,,,,,,,,23742807749,,,,,,,,,,,,,,,
4k6jwvk3arylvtoyvnkpy6vdal6nqgrpwo4gj7slrh25sgasdtia,2026-04-16T17:00:00Z/2026-04-16T18:00:00Z,,"Amazon Web Services, Inc.",AWS,Anniversary,430155298731,2026-04-01T00:00:00Z,2026-05-01T00:00:00Z,430155298731,Usage,2026-04-16T17:00:00Z,2026-04-16T18:00:00Z,AmazonSNS,EUN1-Requests-Tier1,ListTopics,,,1.0000000000,,,USD,0.0000000000,0.0000000000,0.0000000000,0.0000000000,USD 0.0 per Requests for Requests-Tier1 in EU (Stockholm),,"Amazon Web Services, Inc.",Amazon Simple Notification Service,,,,,,,,,,,,,,,,,,SNS-Requests-Tier1,Amazon SNS API Requests,,,,,,,,,,EU (Stockholm),AWS Region,,,,,,,,,,,,,,,,API Request,,eu-north-1,eu-north-1,AmazonSNS,Amazon Simple Notification Service,33TTQRQQS5AEUZ85,,,,,,,,,EUN1-Requests-Tier1,,,,,33TTQRQQS5AEUZ85.JRTCKXETXF.SB2VSFF4TP,372697633647,USD,0.0000005000,0.0000005000,OnDemand,Requests,,,,,,,,,,23742807749,,,,,,,,,,,,,,,
4k6jwvk3arylvtoyvnkpy6vdal6nqgrpwo4gj7slrh25sgasdtia,2026-04-17T10:00:00Z/2026-04-17T11:00:00Z,,"Amazon Web Services, Inc.",AWS,Anniversary,430155298731,2026-04-01T00:00:00Z,2026-05-01T00:00:00Z,430155298731,Usage,2026-04-17T10:00:00Z,2026-04-17T11:00:00Z,AmazonSNS,EUN1-Requests-Tier1,ListTopics,,,1.0000000000,,,USD,0.0000000000,0.0000000000,0.0000000000,0.0000000000,USD 0.0 per Requests for Requests-Tier1 in EU (Stockholm),,"Amazon Web Services, Inc.",Amazon Simple Notification Service,,,,,,,,,,,,,,,,,,SNS-Requests-Tier1,Amazon SNS API Requests,,,,,,,,,,EU (Stockholm),AWS Region,,,,,,,,,,,,,,,,API Request,,eu-north-1,eu-north-1,AmazonSNS,Amazon Simple Notification Service,33TTQRQQS5AEUZ85,,,,,,,,,EUN1-Requests-Tier1,,,,,33TTQRQQS5AEUZ85.JRTCKXETXF.SB2VSFF4TP,372697633647,USD,0.0000005000,0.0000005000,OnDemand,Requests,,,,,,,,,,23742807749,,,,,,,,,,,,,,,
4k6jwvk3arylvtoyvnkpy6vdal6nqgrpwo4gj7slrh25sgasdtia,2026-04-22T10:00:00Z/2026-04-22T11:00:00Z,,"Amazon Web Services, Inc.",AWS,Anniversary,430155298731,2026-04-01T00:00:00Z,2026-05-01T00:00:00Z,430155298731,Usage,2026-04-22T10:00:00Z,2026-04-22T11:00:00Z,AmazonSNS,EUN1-Requests-Tier1,ListTopics,,,1.0000000000,,,USD,0.0000000000,0.0000000000,0.0000000000,0.0000000000,USD 0.0 per Requests for Requests-Tier1 in EU (Stockholm),,"Amazon Web Services, Inc.",Amazon Simple Notification Service,,,,,,,,,,,,,,,,,,SNS-Requests-Tier1,Amazon SNS API Requests,,,,,,,,,,EU (Stockholm),AWS Region,,,,,,,,,,,,,,,,API Request,,eu-north-1,eu-north-1,AmazonSNS,Amazon Simple Notification Service,33TTQRQQS5AEUZ85,,,,,,,,,EUN1-Requests-Tier1,,,,,33TTQRQQS5AEUZ85.JRTCKXETXF.SB2VSFF4TP,372697633647,USD,0.0000005000,0.0000005000,OnDemand,Requests,,,,,,,,,,23742807749,,,,,,,,,,,,,,,
wb26gwehm7knfifczyzovjxaf7xjgfaprnkoploirkuccqyhklla,2026-04-16T16:00:00Z/2026-04-16T17:00:00Z,,"Amazon Web Services, Inc.",AWS,Anniversary,430155298731,2026-04-01T00:00:00Z,2026-05-01T00:00:00Z,430155298731,Usage,2026-04-16T16:00:00Z,2026-04-16T17:00:00Z,awskms,eu-north-1-KMS-Requests,ListKeys,,,1.0000000000,,,USD,0.0000000000,0.0000000000,0.0000000000,0.0000000000,$0.00 per request - Monthly Global Free Tier for KMS requests,,"Amazon Web Services, Inc.",AWS Key Management Service,,,,,,,,,,,,,,,,,,awskms-APIRequest-All,All AWS KMS API requests,,,,,,,,,,EU (Stockholm),AWS Region,,,,,,,,,,,,,,,,API Request,,eu-north-1,eu-north-1,awskms,AWS Key Management Service,2S77H5MZU5BVWEXS,,,,,,,,,eu-north-1-KMS-Requests,,,,,2S77H5MZU5BVWEXS.A429C66SYZ.6YS6EN2CT7,198280981977,USD,0.0000030000,0.0000030000,,Requests,,,,,,,,,,23742807775,,,,,,,,,,,,,,,
wb26gwehm7knfifczyzovjxaf7xjgfaprnkoploirkuccqyhklla,2026-04-16T17:00:00Z/2026-04-16T18:00:00Z,,"Amazon Web Services, Inc.",AWS,Anniversary,430155298731,2026-04-01T00:00:00Z,2026-05-01T00:00:00Z,430155298731,Usage,2026-04-16T17:00:00Z,2026-04-16T18:00:00Z,awskms,eu-north-1-KMS-Requests,ListKeys,,,1.0000000000,,,USD,0.0000000000,0.0000000000,0.0000000000,0.0000000000,$0.00 per request - Monthly Global Free Tier for KMS requests,,"Amazon Web Services, Inc.",AWS Key Management Service,,,,,,,,,,,,,,,,,,awskms-APIRequest-All,All AWS KMS API requests,,,,,,,,,,EU (Stockholm),AWS Region,,,,,,,,,,,,,,,,API Request,,eu-north-1,eu-north-1,awskms,AWS Key Management Service,2S77H5MZU5BVWEXS,,,,,,,,,eu-north-1-KMS-Requests,,,,,2S77H5MZU5BVWEXS.A429C66SYZ.6YS6EN2CT7,198280981977,USD,0.0000030000,0.0000030000,,Requests,,,,,,,,,,23742807775,,,,,,,,,,,,,,,
wb26gwehm7knfifczyzovjxaf7xjgfaprnkoploirkuccqyhklla,2026-04-20T21:00:00Z/2026-04-20T22:00:00Z,,"Amazon Web Services, Inc.",AWS,Anniversary,430155298731,2026-04-01T00:00:00Z,2026-05-01T00:00:00Z,430155298731,Usage,2026-04-20T21:00:00Z,2026-04-20T22:00:00Z,awskms,eu-north-1-KMS-Requests,ListKeys,,,1.0000000000,,,USD,0.0000000000,0.0000000000,0.0000000000,0.0000000000,$0.00 per request - Monthly Global Free Tier for KMS requests,,"Amazon Web Services, Inc.",AWS Key Management Service,,,,,,,,,,,,,,,,,,awskms-APIRequest-All,All AWS KMS API requests,,,,,,,,,,EU (Stockholm),AWS Region,,,,,,,,,,,,,,,,API Request,,eu-north-1,eu-north-1,awskms,AWS Key Management Service,2S77H5MZU5BVWEXS,,,,,,,,,eu-north-1-KMS-Requests,,,,,2S77H5MZU5BVWEXS.A429C66SYZ.6YS6EN2CT7,198280981977,USD,0.0000030000,0.0000030000,,Requests,,,,,,,,,,23742807775,,,,,,,,,,,,,,,
eyb7be6u3gr2sb5fkmuevly333vgwrpozw4h4yobz43hnzwgfhqq,2026-04-19T20:00:00Z/2026-04-19T21:00:00Z,,"Amazon Web Services, Inc.",AWS,Anniversary,430155298731,2026-04-01T00:00:00Z,2026-05-01T00:00:00Z,430155298731,Usage,2026-04-19T20:00:00Z,2026-04-19T21:00:00Z,awskms,us-east-1-KMS-Requests,ListKeys,,,1.0000000000,,,USD,0.0000000000,0.0000000000,0.0000000000,0.0000000000,$0.00 per request - Monthly Global Free Tier for KMS requests,,"Amazon Web Services, Inc.",AWS Key Management Service,,,,,,,,,,,,,,,,,,awskms-APIRequest-All,All AWS KMS API requests,,,,,,,,,,US East (N. Virginia),AWS Region,,,,,,,,,,,,,,,,API Request,,us-east-1,us-east-1,awskms,AWS Key Management Service,MFEBZPX8NHM5FY7Z,,,,,,,,,us-east-1-KMS-Requests,,,,,MFEBZPX8NHM5FY7Z.A429C66SYZ.6YS6EN2CT7,198280981972,USD,0.0000030000,0.0000030000,,Requests,,,,,,,,,,23742807775,,,,,,,,,,,,,,,
eyb7be6u3gr2sb5fkmuevly333vgwrpozw4h4yobz43hnzwgfhqq,2026-04-20T16:00:00Z/2026-04-20T17:00:00Z,,"Amazon Web Services, Inc.",AWS,Anniversary,430155298731,2026-04-01T00:00:00Z,2026-05-01T00:00:00Z,430155298731,Usage,2026-04-20T16:00:00Z,2026-04-20T17:00:00Z,awskms,us-east-1-KMS-Requests,ListKeys,,,1.0000000000,,,USD,0.0000000000,0.0000000000,0.0000000000,0.0000000000,$0.00 per request - Monthly Global Free Tier for KMS requests,,"Amazon Web Services, Inc.",AWS Key Management Service,,,,,,,,,,,,,,,,,,awskms-APIRequest-All,All AWS KMS API requests,,,,,,,,,,US East (N. Virginia),AWS Region,,,,,,,,,,,,,,,,API Request,,us-east-1,us-east-1,awskms,AWS Key Management Service,MFEBZPX8NHM5FY7Z,,,,,,,,,us-east-1-KMS-Requests,,,,,MFEBZPX8NHM5FY7Z.A429C66SYZ.6YS6EN2CT7,198280981972,USD,0.0000030000,0.0000030000,,Requests,,,,,,,,,,23742807775,,,,,,,,,,,,,,,
eyb7be6u3gr2sb5fkmuevly333vgwrpozw4h4yobz43hnzwgfhqq,2026-04-25T13:00:00Z/2026-04-25T14:00:00Z,,"Amazon Web Services, Inc.",AWS,Anniversary,430155298731,2026-04-01T00:00:00Z,2026-05-01T00:00:00Z,430155298731,Usage,2026-04-25T13:00:00Z,2026-04-25T14:00:00Z,awskms,us-east-1-KMS-Requests,ListKeys,,,1.0000000000,,,USD,0.0000000000,0.0000000000,0.0000000000,0.0000000000,$0.00 per request - Monthly Global Free Tier for KMS requests,,"Amazon Web Services, Inc.",AWS Key Management Service,,,,,,,,,,,,,,,,,,awskms-APIRequest-All,All AWS KMS API requests,,,,,,,,,,US East (N. Virginia),AWS Region,,,,,,,,,,,,,,,,API Request,,us-east-1,us-east-1,awskms,AWS Key Management Service,MFEBZPX8NHM5FY7Z,,,,,,,,,us-east-1-KMS-Requests,,,,,MFEBZPX8NHM5FY7Z.A429C66SYZ.6YS6EN2CT7,198280981972,USD,0.0000030000,0.0000030000,,Requests,,,,,,,,,,23742807775,,,,,,,,,,,,,,,
meqo3qzolkm4jrsz2sumhyac6swbxodx32d6p2obxhyldj7ci4na,2026-04-16T17:00:00Z/2026-04-16T18:00:00Z,,"Amazon Web Services, Inc.",AWS,Anniversary,430155298731,2026-04-01T00:00:00Z,2026-05-01T00:00:00Z,430155298731,Usage,2026-04-16T17:00:00Z,2026-04-16T18:00:00Z,AWSGlue,EUN1-Catalog-Request,Request,,,3.0000000000,,,USD,0.0000000000,0.0000000000,0.0000000000,0.0000000000,$0 for AWS Glue Data Catalog requests under the free tier,,"Amazon Web Services, Inc.",AWS Glue,,,,,,,,,,,,,,,,,,Data catalog requests,,,,,,,,,,,EU (Stockholm),AWS Region,,,,,,,,,,,Request,,,,,AWS Glue,,eu-north-1,eu-north-1,AWSGlue,AWS Glue,B7AB9XZF8FCFJUDN,,,,,,,,,EUN1-Catalog-Request,,,,,B7AB9XZF8FCFJUDN.A429C66SYZ.6YS6EN2CT7,338976513895,USD,0.0000030000,0.0000010000,,Request,,,,,,,,,,23742807828,,,,,,,,,,,,,,,
meqo3qzolkm4jrsz2sumhyac6swbxodx32d6p2obxhyldj7ci4na,2026-04-17T02:00:00Z/2026-04-17T03:00:00Z,,"Amazon Web Services, Inc.",AWS,Anniversary,430155298731,2026-04-01T00:00:00Z,2026-05-01T00:00:00Z,430155298731,Usage,2026-04-17T02:00:00Z,2026-04-17T03:00:00Z,AWSGlue,EUN1-Catalog-Request,Request,,,1.0000000000,,,USD,0.0000000000,0.0000000000,0.0000000000,0.0000000000,$0 for AWS Glue Data Catalog requests under the free tier,,"Amazon Web Services, Inc.",AWS Glue,,,,,,,,,,,,,,,,,,Data catalog requests,,,,,,,,,,,EU (Stockholm),AWS Region,,,,,,,,,,,Request,,,,,AWS Glue,,eu-north-1,eu-north-1,AWSGlue,AWS Glue,B7AB9XZF8FCFJUDN,,,,,,,,,EUN1-Catalog-Request,,,,,B7AB9XZF8FCFJUDN.A429C66SYZ.6YS6EN2CT7,338976513895,USD,0.0000010000,0.0000010000,,Request,,,,,,,,,,23742807828,,,,,,,,,,,,,,,
meqo3qzolkm4jrsz2sumhyac6swbxodx32d6p2obxhyldj7ci4na,2026-04-17T11:00:00Z/2026-04-17T12:00:00Z,,"Amazon Web Services, Inc.",AWS,Anniversary,430155298731,2026-04-01T00:00:00Z,2026-05-01T00:00:00Z,430155298731,Usage,2026-04-17T11:00:00Z,2026-04-17T12:00:00Z,AWSGlue,EUN1-Catalog-Request,Request,,,1.0000000000,,,USD,0.0000000000,0.0000000000,0.0000000000,0.0000000000,$0 for AWS Glue Data Catalog requests under the free tier,,"Amazon Web Services, Inc.",AWS Glue,,,,,,,,,,,,,,,,,,Data catalog requests,,,,,,,,,,,EU (Stockholm),AWS Region,,,,,,,,,,,Request,,,,,AWS Glue,,eu-north-1,eu-north-1,AWSGlue,AWS Glue,B7AB9XZF8FCFJUDN,,,,,,,,,EUN1-Catalog-Request,,,,,B7AB9XZF8FCFJUDN.A429C66SYZ.6YS6EN2CT7,338976513895,USD,0.0000010000,0.0000010000,,Request,,,,,,,,,,23742807828,,,,,,,,,,,,,,,
meqo3qzolkm4jrsz2sumhyac6swbxodx32d6p2obxhyldj7ci4na,2026-04-18T02:00:00Z/2026-04-18T03:00:00Z,,"Amazon Web Services, Inc.",AWS,Anniversary,430155298731,2026-04-01T00:00:00Z,2026-05-01T00:00:00Z,430155298731,Usage,2026-04-18T02:00:00Z,2026-04-18T03:00:00Z,AWSGlue,EUN1-Catalog-Request,Request,,,1.0000000000,,,USD,0.0000000000,0.0000000000,0.0000000000,0.0000000000,$0 for AWS Glue Data Catalog requests under the free tier,,"Amazon Web Services, Inc.",AWS Glue,,,,,,,,,,,,,,,,,,Data catalog requests,,,,,,,,,,,EU (Stockholm),AWS Region,,,,,,,,,,,Request,,,,,AWS Glue,,eu-north-1,eu-north-1,AWSGlue,AWS Glue,B7AB9XZF8FCFJUDN,,,,,,,,,EUN1-Catalog-Request,,,,,B7AB9XZF8FCFJUDN.A429C66SYZ.6YS6EN2CT7,338976513895,USD,0.0000010000,0.0000010000,,Request,,,,,,,,,,23742807828,,,,,,,,,,,,,,,
meqo3qzolkm4jrsz2sumhyac6swbxodx32d6p2obxhyldj7ci4na,2026-04-18T11:00:00Z/2026-04-18T12:00:00Z,,"Amazon Web Services, Inc.",AWS,Anniversary,430155298731,2026-04-01T00:00:00Z,2026-05-01T00:00:00Z,430155298731,Usage,2026-04-18T11:00:00Z,2026-04-18T12:00:00Z,AWSGlue,EUN1-Catalog-Request,Request,,,1.0000000000,,,USD,0.0000000000,0.0000000000,0.0000000000,0.0000000000,$0 for AWS Glue Data Catalog requests under the free tier,,"Amazon Web Services, Inc.",AWS Glue,,,,,,,,,,,,,,,,,,Data catalog requests,,,,,,,,,,,EU (Stockholm),AWS Region,,,,,,,,,,,Request,,,,,AWS Glue,,eu-north-1,eu-north-1,AWSGlue,AWS Glue,B7AB9XZF8FCFJUDN,,,,,,,,,EUN1-Catalog-Request,,,,,B7AB9XZF8FCFJUDN.A429C66SYZ.6YS6EN2CT7,338976513895,USD,0.0000010000,0.0000010000,,Request,,,,,,,,,,23742807828,,,,,,,,,,,,,,,
meqo3qzolkm4jrsz2sumhyac6swbxodx32d6p2obxhyldj7ci4na,2026-04-19T02:00:00Z/2026-04-19T03:00:00Z,,"Amazon Web Services, Inc.",AWS,Anniversary,430155298731,2026-04-01T00:00:00Z,2026-05-01T00:00:00Z,430155298731,Usage,2026-04-19T02:00:00Z,2026-04-19T03:00:00Z,AWSGlue,EUN1-Catalog-Request,Request,,,1.0000000000,,,USD,0.0000000000,0.0000000000,0.0000000000,0.0000000000,$0 for AWS Glue Data Catalog requests under the free tier,,"Amazon Web Services, Inc.",AWS Glue,,,,,,,,,,,,,,,,,,Data catalog requests,,,,,,,,,,,EU (Stockholm),AWS Region,,,,,,,,,,,Request,,,,,AWS Glue,,eu-north-1,eu-north-1,AWSGlue,AWS Glue,B7AB9XZF8FCFJUDN,,,,,,,,,EUN1-Catalog-Request,,,,,B7AB9XZF8FCFJUDN.A429C66SYZ.6YS6EN2CT7,338976513895,USD,0.0000010000,0.0000010000,,Request,,,,,,,,,,23742807828,,,,,,,,,,,,,,,
meqo3qzolkm4jrsz2sumhyac6swbxodx32d6p2obxhyldj7ci4na,2026-04-19T11:00:00Z/2026-04-19T12:00:00Z,,"Amazon Web Services, Inc.",AWS,Anniversary,430155298731,2026-04-01T00:00:00Z,2026-05-01T00:00:00Z,430155298731,Usage,2026-04-19T11:00:00Z,2026-04-19T12:00:00Z,AWSGlue,EUN1-Catalog-Request,Request,,,1.0000000000,,,USD,0.0000000000,0.0000000000,0.0000000000,0.0000000000,$0 for AWS Glue Data Catalog requests under the free tier,,"Amazon Web Services, Inc.",AWS Glue,,,,,,,,,,,,,,,,,,Data catalog requests,,,,,,,,,,,EU (Stockholm),AWS Region,,,,,,,,,,,Request,,,,,AWS Glue,,eu-north-1,eu-north-1,AWSGlue,AWS Glue,B7AB9XZF8FCFJUDN,,,,,,,,,EUN1-Catalog-Request,,,,,B7AB9XZF8FCFJUDN.A429C66SYZ.6YS6EN2CT7,338976513895,USD,0.0000010000,0.0000010000,,Request,,,,,,,,,,23742807828,,,,,,,,,,,,,,,
meqo3qzolkm4jrsz2sumhyac6swbxodx32d6p2obxhyldj7ci4na,2026-04-20T02:00:00Z/2026-04-20T03:00:00Z,,"Amazon Web Services, Inc.",AWS,Anniversary,430155298731,2026-04-01T00:00:00Z,2026-05-01T00:00:00Z,430155298731,Usage,2026-04-20T02:00:00Z,2026-04-20T03:00:00Z,AWSGlue,EUN1-Catalog-Request,Request,,,1.0000000000,,,USD,0.0000000000,0.0000000000,0.0000000000,0.0000000000,$0 for AWS Glue Data Catalog requests under the free tier,,"Amazon Web Services, Inc.",AWS Glue,,,,,,,,,,,,,,,,,,Data catalog requests,,,,,,,,,,,EU (Stockholm),AWS Region,,,,,,,,,,,Request,,,,,AWS Glue,,eu-north-1,eu-north-1,AWSGlue,AWS Glue,B7AB9XZF8FCFJUDN,,,,,,,,,EUN1-Catalog-Request,,,,,B7AB9XZF8FCFJUDN.A429C66SYZ.6YS6EN2CT7,338976513895,USD,0.0000010000,0.0000010000,,Request,,,,,,,,,,23742807828,,,,,,,,,,,,,,,
meqo3qzolkm4jrsz2sumhyac6swbxodx32d6p2obxhyldj7ci4na,2026-04-20T11:00:00Z/2026-04-20T12:00:00Z,,"Amazon Web Services, Inc.",AWS,Anniversary,430155298731,2026-04-01T00:00:00Z,2026-05-01T00:00:00Z,430155298731,Usage,2026-04-20T11:00:00Z,2026-04-20T12:00:00Z,AWSGlue,EUN1-Catalog-Request,Request,,,1.0000000000,,,USD,0.0000000000,0.0000000000,0.0000000000,0.0000000000,$0 for AWS Glue Data Catalog requests under the free tier,,"Amazon Web Services, Inc.",AWS Glue,,,,,,,,,,,,,,,,,,Data catalog requests,,,,,,,,,,,EU (Stockholm),AWS Region,,,,,,,,,,,Request,,,,,AWS Glue,,eu-north-1,eu-north-1,AWSGlue,AWS Glue,B7AB9XZF8FCFJUDN,,,,,,,,,EUN1-Catalog-Request,,,,,B7AB9XZF8FCFJUDN.A429C66SYZ.6YS6EN2CT7,338976513895,USD,0.0000010000,0.0000010000,,Request,,,,,,,,,,23742807828,,,,,,,,,,,,,,,
meqo3qzolkm4jrsz2sumhyac6swbxodx32d6p2obxhyldj7ci4na,2026-04-21T02:00:00Z/2026-04-21T03:00:00Z,,"Amazon Web Services, Inc.",AWS,Anniversary,430155298731,2026-04-01T00:00:00Z,2026-05-01T00:00:00Z,430155298731,Usage,2026-04-21T02:00:00Z,2026-04-21T03:00:00Z,AWSGlue,EUN1-Catalog-Request,Request,,,1.0000000000,,,USD,0.0000000000,0.0000000000,0.0000000000,0.0000000000,$0 for AWS Glue Data Catalog requests under the free tier,,"Amazon Web Services, Inc.",AWS Glue,,,,,,,,,,,,,,,,,,Data catalog requests,,,,,,,,,,,EU (Stockholm),AWS Region,,,,,,,,,,,Request,,,,,AWS Glue,,eu-north-1,eu-north-1,AWSGlue,AWS Glue,B7AB9XZF8FCFJUDN,,,,,,,,,EUN1-Catalog-Request,,,,,B7AB9XZF8FCFJUDN.A429C66SYZ.6YS6EN2CT7,338976513895,USD,0.0000010000,0.0000010000,,Request,,,,,,,,,,23742807828,,,,,,,,,,,,,,,
meqo3qzolkm4jrsz2sumhyac6swbxodx32d6p2obxhyldj7ci4na,2026-04-21T11:00:00Z/2026-04-21T12:00:00Z,,"Amazon Web Services, Inc.",AWS,Anniversary,430155298731,2026-04-01T00:00:00Z,2026-05-01T00:00:00Z,430155298731,Usage,2026-04-21T11:00:00Z,2026-04-21T12:00:00Z,AWSGlue,EUN1-Catalog-Request,Request,,,1.0000000000,,,USD,0.0000000000,0.0000000000,0.0000000000,0.0000000000,$0 for AWS Glue Data Catalog requests under the free tier,,"Amazon Web Services, Inc.",AWS Glue,,,,,,,,,,,,,,,,,,Data catalog requests,,,,,,,,,,,EU (Stockholm),AWS Region,,,,,,,,,,,Request,,,,,AWS Glue,,eu-north-1,eu-north-1,AWSGlue,AWS Glue,B7AB9XZF8FCFJUDN,,,,,,,,,EUN1-Catalog-Request,,,,,B7AB9XZF8FCFJUDN.A429C66SYZ.6YS6EN2CT7,338976513895,USD,0.0000010000,0.0000010000,,Request,,,,,,,,,,23742807828,,,,,,,,,,,,,,,
meqo3qzolkm4jrsz2sumhyac6swbxodx32d6p2obxhyldj7ci4na,2026-04-21T12:00:00Z/2026-04-21T13:00:00Z,,"Amazon Web Services, Inc.",AWS,Anniversary,430155298731,2026-04-01T00:00:00Z,2026-05-01T00:00:00Z,430155298731,Usage,2026-04-21T12:00:00Z,2026-04-21T13:00:00Z,AWSGlue,EUN1-Catalog-Request,Request,,,1.0000000000,,,USD,0.0000000000,0.0000000000,0.0000000000,0.0000000000,$0 for AWS Glue Data Catalog requests under the free tier,,"Amazon Web Services, Inc.",AWS Glue,,,,,,,,,,,,,,,,,,Data catalog requests,,,,,,,,,,,EU (Stockholm),AWS Region,,,,,,,,,,,Request,,,,,AWS Glue,,eu-north-1,eu-north-1,AWSGlue,AWS Glue,B7AB9XZF8FCFJUDN,,,,,,,,,EUN1-Catalog-Request,,,,,B7AB9XZF8FCFJUDN.A429C66SYZ.6YS6EN2CT7,338976513895,USD,0.0000010000,0.0000010000,,Request,,,,,,,,,,23742807828,,,,,,,,,,,,,,,
meqo3qzolkm4jrsz2sumhyac6swbxodx32d6p2obxhyldj7ci4na,2026-04-22T02:00:00Z/2026-04-22T03:00:00Z,,"Amazon Web Services, Inc.",AWS,Anniversary,430155298731,2026-04-01T00:00:00Z,2026-05-01T00:00:00Z,430155298731,Usage,2026-04-22T02:00:00Z,2026-04-22T03:00:00Z,AWSGlue,EUN1-Catalog-Request,Request,,,1.0000000000,,,USD,0.0000000000,0.0000000000,0.0000000000,0.0000000000,$0 for AWS Glue Data Catalog requests under the free tier,,"Amazon Web Services, Inc.",AWS Glue,,,,,,,,,,,,,,,,,,Data catalog requests,,,,,,,,,,,EU (Stockholm),AWS Region,,,,,,,,,,,Request,,,,,AWS Glue,,eu-north-1,eu-north-1,AWSGlue,AWS Glue,B7AB9XZF8FCFJUDN,,,,,,,,,EUN1-Catalog-Request,,,,,B7AB9XZF8FCFJUDN.A429C66SYZ.6YS6EN2CT7,338976513895,USD,0.0000010000,0.0000010000,,Request,,,,,,,,,,23742807828,,,,,,,,,,,,,,,
meqo3qzolkm4jrsz2sumhyac6swbxodx32d6p2obxhyldj7ci4na,2026-04-22T11:00:00Z/2026-04-22T12:00:00Z,,"Amazon Web Services, Inc.",AWS,Anniversary,430155298731,2026-04-01T00:00:00Z,2026-05-01T00:00:00Z,430155298731,Usage,2026-04-22T11:00:00Z,2026-04-22T12:00:00Z,AWSGlue,EUN1-Catalog-Request,Request,,,1.0000000000,,,USD,0.0000000000,0.0000000000,0.0000000000,0.0000000000,$0 for AWS Glue Data Catalog requests under the free tier,,"Amazon Web Services, Inc.",AWS Glue,,,,,,,,,,,,,,,,,,Data catalog requests,,,,,,,,,,,EU (Stockholm),AWS Region,,,,,,,,,,,Request,,,,,AWS Glue,,eu-north-1,eu-north-1,AWSGlue,AWS Glue,B7AB9XZF8FCFJUDN,,,,,,,,,EUN1-Catalog-Request,,,,,B7AB9XZF8FCFJUDN.A429C66SYZ.6YS6EN2CT7,338976513895,USD,0.0000010000,0.0000010000,,Request,,,,,,,,,,23742807828,,,,,,,,,,,,,,,
meqo3qzolkm4jrsz2sumhyac6swbxodx32d6p2obxhyldj7ci4na,2026-04-23T02:00:00Z/2026-04-23T03:00:00Z,,"Amazon Web Services, Inc.",AWS,Anniversary,430155298731,2026-04-01T00:00:00Z,2026-05-01T00:00:00Z,430155298731,Usage,2026-04-23T02:00:00Z,2026-04-23T03:00:00Z,AWSGlue,EUN1-Catalog-Request,Request,,,1.0000000000,,,USD,0.0000000000,0.0000000000,0.0000000000,0.0000000000,$0 for AWS Glue Data Catalog requests under the free tier,,"Amazon Web Services, Inc.",AWS Glue,,,,,,,,,,,,,,,,,,Data catalog requests,,,,,,,,,,,EU (Stockholm),AWS Region,,,,,,,,,,,Request,,,,,AWS Glue,,eu-north-1,eu-north-1,AWSGlue,AWS Glue,B7AB9XZF8FCFJUDN,,,,,,,,,EUN1-Catalog-Request,,,,,B7AB9XZF8FCFJUDN.A429C66SYZ.6YS6EN2CT7,338976513895,USD,0.0000010000,0.0000010000,,Request,,,,,,,,,,23742807828,,,,,,,,,,,,,,,
meqo3qzolkm4jrsz2sumhyac6swbxodx32d6p2obxhyldj7ci4na,2026-04-23T11:00:00Z/2026-04-23T12:00:00Z,,"Amazon Web Services, Inc.",AWS,Anniversary,430155298731,2026-04-01T00:00:00Z,2026-05-01T00:00:00Z,430155298731,Usage,2026-04-23T11:00:00Z,2026-04-23T12:00:00Z,AWSGlue,EUN1-Catalog-Request,Request,,,1.0000000000,,,USD,0.0000000000,0.0000000000,0.0000000000,0.0000000000,$0 for AWS Glue Data Catalog requests under the free tier,,"Amazon Web Services, Inc.",AWS Glue,,,,,,,,,,,,,,,,,,Data catalog requests,,,,,,,,,,,EU (Stockholm),AWS Region,,,,,,,,,,,Request,,,,,AWS Glue,,eu-north-1,eu-north-1,AWSGlue,AWS Glue,B7AB9XZF8FCFJUDN,,,,,,,,,EUN1-Catalog-Request,,,,,B7AB9XZF8FCFJUDN.A429C66SYZ.6YS6EN2CT7,338976513895,USD,0.0000010000,0.0000010000,,Request,,,,,,,,,,23742807828,,,,,,,,,,,,,,,
meqo3qzolkm4jrsz2sumhyac6swbxodx32d6p2obxhyldj7ci4na,2026-04-24T02:00:00Z/2026-04-24T03:00:00Z,,"Amazon Web Services, Inc.",AWS,Anniversary,430155298731,2026-04-01T00:00:00Z,2026-05-01T00:00:00Z,430155298731,Usage,2026-04-24T02:00:00Z,2026-04-24T03:00:00Z,AWSGlue,EUN1-Catalog-Request,Request,,,1.0000000000,,,USD,0.0000000000,0.0000000000,0.0000000000,0.0000000000,$0 for AWS Glue Data Catalog requests under the free tier,,"Amazon Web Services, Inc.",AWS Glue,,,,,,,,,,,,,,,,,,Data catalog requests,,,,,,,,,,,EU (Stockholm),AWS Region,,,,,,,,,,,Request,,,,,AWS Glue,,eu-north-1,eu-north-1,AWSGlue,AWS Glue,B7AB9XZF8FCFJUDN,,,,,,,,,EUN1-Catalog-Request,,,,,B7AB9XZF8FCFJUDN.A429C66SYZ.6YS6EN2CT7,338976513895,USD,0.0000010000,0.0000010000,,Request,,,,,,,,,,23742807828,,,,,,,,,,,,,,,
meqo3qzolkm4jrsz2sumhyac6swbxodx32d6p2obxhyldj7ci4na,2026-04-24T11:00:00Z/2026-04-24T12:00:00Z,,"Amazon Web Services, Inc.",AWS,Anniversary,430155298731,2026-04-01T00:00:00Z,2026-05-01T00:00:00Z,430155298731,Usage,2026-04-24T11:00:00Z,2026-04-24T12:00:00Z,AWSGlue,EUN1-Catalog-Request,Request,,,1.0000000000,,,USD,0.0000000000,0.0000000000,0.0000000000,0.0000000000,$0 for AWS Glue Data Catalog requests under the free tier,,"Amazon Web Services, Inc.",AWS Glue,,,,,,,,,,,,,,,,,,Data catalog requests,,,,,,,,,,,EU (Stockholm),AWS Region,,,,,,,,,,,Request,,,,,AWS Glue,,eu-north-1,eu-north-1,AWSGlue,AWS Glue,B7AB9XZF8FCFJUDN,,,,,,,,,EUN1-Catalog-Request,,,,,B7AB9XZF8FCFJUDN.A429C66SYZ.6YS6EN2CT7,338976513895,USD,0.0000010000,0.0000010000,,Request,,,,,,,,,,23742807828,,,,,,,,,,,,,,,
meqo3qzolkm4jrsz2sumhyac6swbxodx32d6p2obxhyldj7ci4na,2026-04-25T02:00:00Z/2026-04-25T03:00:00Z,,"Amazon Web Services, Inc.",AWS,Anniversary,430155298731,2026-04-01T00:00:00Z,2026-05-01T00:00:00Z,430155298731,Usage,2026-04-25T02:00:00Z,2026-04-25T03:00:00Z,AWSGlue,EUN1-Catalog-Request,Request,,,1.0000000000,,,USD,0.0000000000,0.0000000000,0.0000000000,0.0000000000,$0 for AWS Glue Data Catalog requests under the free tier,,"Amazon Web Services, Inc.",AWS Glue,,,,,,,,,,,,,,,,,,Data catalog requests,,,,,,,,,,,EU (Stockholm),AWS Region,,,,,,,,,,,Request,,,,,AWS Glue,,eu-north-1,eu-north-1,AWSGlue,AWS Glue,B7AB9XZF8FCFJUDN,,,,,,,,,EUN1-Catalog-Request,,,,,B7AB9XZF8FCFJUDN.A429C66SYZ.6YS6EN2CT7,338976513895,USD,0.0000010000,0.0000010000,,Request,,,,,,,,,,23742807828,,,,,,,,,,,,,,,
meqo3qzolkm4jrsz2sumhyac6swbxodx32d6p2obxhyldj7ci4na,2026-04-25T11:00:00Z/2026-04-25T12:00:00Z,,"Amazon Web Services, Inc.",AWS,Anniversary,430155298731,2026-04-01T00:00:00Z,2026-05-01T00:00:00Z,430155298731,Usage,2026-04-25T11:00:00Z,2026-04-25T12:00:00Z,AWSGlue,EUN1-Catalog-Request,Request,,,1.0000000000,,,USD,0.0000000000,0.0000000000,0.0000000000,0.0000000000,$0 for AWS Glue Data Catalog requests under the free tier,,"Amazon Web Services, Inc.",AWS Glue,,,,,,,,,,,,,,,,,,Data catalog requests,,,,,,,,,,,EU (Stockholm),AWS Region,,,,,,,,,,,Request,,,,,AWS Glue,,eu-north-1,eu-north-1,AWSGlue,AWS Glue,B7AB9XZF8FCFJUDN,,,,,,,,,EUN1-Catalog-Request,,,,,B7AB9XZF8FCFJUDN.A429C66SYZ.6YS6EN2CT7,338976513895,USD,0.0000010000,0.0000010000,,Request,,,,,,,,,,23742807828,,,,,,,,,,,,,,,
meqo3qzolkm4jrsz2sumhyac6swbxodx32d6p2obxhyldj7ci4na,2026-04-26T02:00:00Z/2026-04-26T03:00:00Z,,"Amazon Web Services, Inc.",AWS,Anniversary,430155298731,2026-04-01T00:00:00Z,2026-05-01T00:00:00Z,430155298731,Usage,2026-04-26T02:00:00Z,2026-04-26T03:00:00Z,AWSGlue,EUN1-Catalog-Request,Request,,,1.0000000000,,,USD,0.0000000000,0.0000000000,0.0000000000,0.0000000000,$0 for AWS Glue Data Catalog requests under the free tier,,"Amazon Web Services, Inc.",AWS Glue,,,,,,,,,,,,,,,,,,Data catalog requests,,,,,,,,,,,EU (Stockholm),AWS Region,,,,,,,,,,,Request,,,,,AWS Glue,,eu-north-1,eu-north-1,AWSGlue,AWS Glue,B7AB9XZF8FCFJUDN,,,,,,,,,EUN1-Catalog-Request,,,,,B7AB9XZF8FCFJUDN.A429C66SYZ.6YS6EN2CT7,338976513895,USD,0.0000010000,0.0000010000,,Request,,,,,,,,,,23742807828,,,,,,,,,,,,,,,
meqo3qzolkm4jrsz2sumhyac6swbxodx32d6p2obxhyldj7ci4na,2026-04-26T11:00:00Z/2026-04-26T12:00:00Z,,"Amazon Web Services, Inc.",AWS,Anniversary,430155298731,2026-04-01T00:00:00Z,2026-05-01T00:00:00Z,430155298731,Usage,2026-04-26T11:00:00Z,2026-04-26T12:00:00Z,AWSGlue,EUN1-Catalog-Request,Request,,,1.0000000000,,,USD,0.0000000000,0.0000000000,0.0000000000,0.0000000000,$0 for AWS Glue Data Catalog requests under the free tier,,"Amazon Web Services, Inc.",AWS Glue,,,,,,,,,,,,,,,,,,Data catalog requests,,,,,,,,,,,EU (Stockholm),AWS Region,,,,,,,,,,,Request,,,,,AWS Glue,,eu-north-1,eu-north-1,AWSGlue,AWS Glue,B7AB9XZF8FCFJUDN,,,,,,,,,EUN1-Catalog-Request,,,,,B7AB9XZF8FCFJUDN.A429C66SYZ.6YS6EN2CT7,338976513895,USD,0.0000010000,0.0000010000,,Request,,,,,,,,,,23742807828,,,,,,,,,,,,,,,
meqo3qzolkm4jrsz2sumhyac6swbxodx32d6p2obxhyldj7ci4na,2026-04-27T02:00:00Z/2026-04-27T03:00:00Z,,"Amazon Web Services, Inc.",AWS,Anniversary,430155298731,2026-04-01T00:00:00Z,2026-05-01T00:00:00Z,430155298731,Usage,2026-04-27T02:00:00Z,2026-04-27T03:00:00Z,AWSGlue,EUN1-Catalog-Request,Request,,,1.0000000000,,,USD,0.0000000000,0.0000000000,0.0000000000,0.0000000000,$0 for AWS Glue Data Catalog requests under the free tier,,"Amazon Web Services, Inc.",AWS Glue,,,,,,,,,,,,,,,,,,Data catalog requests,,,,,,,,,,,EU (Stockholm),AWS Region,,,,,,,,,,,Request,,,,,AWS Glue,,eu-north-1,eu-north-1,AWSGlue,AWS Glue,B7AB9XZF8FCFJUDN,,,,,,,,,EUN1-Catalog-Request,,,,,B7AB9XZF8FCFJUDN.A429C66SYZ.6YS6EN2CT7,338976513895,USD,0.0000010000,0.0000010000,,Request,,,,,,,,,,23742807828,,,,,,,,,,,,,,,
meqo3qzolkm4jrsz2sumhyac6swbxodx32d6p2obxhyldj7ci4na,2026-04-27T11:00:00Z/2026-04-27T12:00:00Z,,"Amazon Web Services, Inc.",AWS,Anniversary,430155298731,2026-04-01T00:00:00Z,2026-05-01T00:00:00Z,430155298731,Usage,2026-04-27T11:00:00Z,2026-04-27T12:00:00Z,AWSGlue,EUN1-Catalog-Request,Request,,,1.0000000000,,,USD,0.0000000000,0.0000000000,0.0000000000,0.0000000000,$0 for AWS Glue Data Catalog requests under the free tier,,"Amazon Web Services, Inc.",AWS Glue,,,,,,,,,,,,,,,,,,Data catalog requests,,,,,,,,,,,EU (Stockholm),AWS Region,,,,,,,,,,,Request,,,,,AWS Glue,,eu-north-1,eu-north-1,AWSGlue,AWS Glue,B7AB9XZF8FCFJUDN,,,,,,,,,EUN1-Catalog-Request,,,,,B7AB9XZF8FCFJUDN.A429C66SYZ.6YS6EN2CT7,338976513895,USD,0.0000010000,0.0000010000,,Request,,,,,,,,,,23742807828,,,,,,,,,,,,,,,
meqo3qzolkm4jrsz2sumhyac6swbxodx32d6p2obxhyldj7ci4na,2026-04-28T02:00:00Z/2026-04-28T03:00:00Z,,"Amazon Web Services, Inc.",AWS,Anniversary,430155298731,2026-04-01T00:00:00Z,2026-05-01T00:00:00Z,430155298731,Usage,2026-04-28T02:00:00Z,2026-04-28T03:00:00Z,AWSGlue,EUN1-Catalog-Request,Request,,,1.0000000000,,,USD,0.0000000000,0.0000000000,0.0000000000,0.0000000000,$0 for AWS Glue Data Catalog requests under the free tier,,"Amazon Web Services, Inc.",AWS Glue,,,,,,,,,,,,,,,,,,Data catalog requests,,,,,,,,,,,EU (Stockholm),AWS Region,,,,,,,,,,,Request,,,,,AWS Glue,,eu-north-1,eu-north-1,AWSGlue,AWS Glue,B7AB9XZF8FCFJUDN,,,,,,,,,EUN1-Catalog-Request,,,,,B7AB9XZF8FCFJUDN.A429C66SYZ.6YS6EN2CT7,338976513895,USD,0.0000010000,0.0000010000,,Request,,,,,,,,,,23742807828,,,,,,,,,,,,,,,
meqo3qzolkm4jrsz2sumhyac6swbxodx32d6p2obxhyldj7ci4na,2026-04-28T11:00:00Z/2026-04-28T12:00:00Z,,"Amazon Web Services, Inc.",AWS,Anniversary,430155298731,2026-04-01T00:00:00Z,2026-05-01T00:00:00Z,430155298731,Usage,2026-04-28T11:00:00Z,2026-04-28T12:00:00Z,AWSGlue,EUN1-Catalog-Request,Request,,,1.0000000000,,,USD,0.0000000000,0.0000000000,0.0000000000,0.0000000000,$0 for AWS Glue Data Catalog requests under the free tier,,"Amazon Web Services, Inc.",AWS Glue,,,,,,,,,,,,,,,,,,Data catalog requests,,,,,,,,,,,EU (Stockholm),AWS Region,,,,,,,,,,,Request,,,,,AWS Glue,,eu-north-1,eu-north-1,AWSGlue,AWS Glue,B7AB9XZF8FCFJUDN,,,,,,,,,EUN1-Catalog-Request,,,,,B7AB9XZF8FCFJUDN.A429C66SYZ.6YS6EN2CT7,338976513895,USD,0.0000010000,0.0000010000,,Request,,,,,,,,,,23742807828,,,,,,,,,,,,,,,
meqo3qzolkm4jrsz2sumhyac6swbxodx32d6p2obxhyldj7ci4na,2026-04-29T02:00:00Z/2026-04-29T03:00:00Z,,"Amazon Web Services, Inc.",AWS,Anniversary,430155298731,2026-04-01T00:00:00Z,2026-05-01T00:00:00Z,430155298731,Usage,2026-04-29T02:00:00Z,2026-04-29T03:00:00Z,AWSGlue,EUN1-Catalog-Request,Request,,,1.0000000000,,,USD,0.0000000000,0.0000000000,0.0000000000,0.0000000000,$0 for AWS Glue Data Catalog requests under the free tier,,"Amazon Web Services, Inc.",AWS Glue,,,,,,,,,,,,,,,,,,Data catalog requests,,,,,,,,,,,EU (Stockholm),AWS Region,,,,,,,,,,,Request,,,,,AWS Glue,,eu-north-1,eu-north-1,AWSGlue,AWS Glue,B7AB9XZF8FCFJUDN,,,,,,,,,EUN1-Catalog-Request,,,,,B7AB9XZF8FCFJUDN.A429C66SYZ.6YS6EN2CT7,338976513895,USD,0.0000010000,0.0000010000,,Request,,,,,,,,,,23742807828,,,,,,,,,,,,,,,
meqo3qzolkm4jrsz2sumhyac6swbxodx32d6p2obxhyldj7ci4na,2026-04-29T11:00:00Z/2026-04-29T12:00:00Z,,"Amazon Web Services, Inc.",AWS,Anniversary,430155298731,2026-04-01T00:00:00Z,2026-05-01T00:00:00Z,430155298731,Usage,2026-04-29T11:00:00Z,2026-04-29T12:00:00Z,AWSGlue,EUN1-Catalog-Request,Request,,,1.0000000000,,,USD,0.0000000000,0.0000000000,0.0000000000,0.0000000000,$0 for AWS Glue Data Catalog requests under the free tier,,"Amazon Web Services, Inc.",AWS Glue,,,,,,,,,,,,,,,,,,Data catalog requests,,,,,,,,,,,EU (Stockholm),AWS Region,,,,,,,,,,,Request,,,,,AWS Glue,,eu-north-1,eu-north-1,AWSGlue,AWS Glue,B7AB9XZF8FCFJUDN,,,,,,,,,EUN1-Catalog-Request,,,,,B7AB9XZF8FCFJUDN.A429C66SYZ.6YS6EN2CT7,338976513895,USD,0.0000010000,0.0000010000,,Request,,,,,,,,,,23742807828,,,,,,,,,,,,,,,
uvtoo7b4y7ftnbpbijzmint5bwiw352jqdzbnpsfurxanzgch75a,2026-04-19T20:00:00Z/2026-04-19T21:00:00Z,,"Amazon Web Services, Inc.",AWS,Anniversary,430155298731,2026-04-01T00:00:00Z,2026-05-01T00:00:00Z,430155298731,Usage,2026-04-19T20:00:00Z,2026-04-19T21:00:00Z,AWSGlue,USE1-Catalog-Request,Request,,,2.0000000000,,,USD,0.0000000000,0.0000000000,0.0000000000,0.0000000000,$0 for AWS Glue Data Catalog requests under the free tier,,"Amazon Web Services, Inc.",AWS Glue,,,,,,,,,,,,,,,,,,Data catalog requests,,,,,,,,,,,US East (N. Virginia),AWS Region,,,,,,,,,,,Request,,,,,AWS Glue,,us-east-1,us-east-1,AWSGlue,AWS Glue,XUYP7NN729GFEEB7,,,,,,,,,USE1-Catalog-Request,,,,,XUYP7NN729GFEEB7.A429C66SYZ.6YS6EN2CT7,338976513882,USD,0.0000020000,0.0000010000,,Request,,,,,,,,,,23742807828,,,,,,,,,,,,,,,
uvtoo7b4y7ftnbpbijzmint5bwiw352jqdzbnpsfurxanzgch75a,2026-04-20T16:00:00Z/2026-04-20T17:00:00Z,,"Amazon Web Services, Inc.",AWS,Anniversary,430155298731,2026-04-01T00:00:00Z,2026-05-01T00:00:00Z,430155298731,Usage,2026-04-20T16:00:00Z,2026-04-20T17:00:00Z,AWSGlue,USE1-Catalog-Request,Request,,,2.0000000000,,,USD,0.0000000000,0.0000000000,0.0000000000,0.0000000000,$0 for AWS Glue Data Catalog requests under the free tier,,"Amazon Web Services, Inc.",AWS Glue,,,,,,,,,,,,,,,,,,Data catalog requests,,,,,,,,,,,US East (N. Virginia),AWS Region,,,,,,,,,,,Request,,,,,AWS Glue,,us-east-1,us-east-1,AWSGlue,AWS Glue,XUYP7NN729GFEEB7,,,,,,,,,USE1-Catalog-Request,,,,,XUYP7NN729GFEEB7.A429C66SYZ.6YS6EN2CT7,338976513882,USD,0.0000020000,0.0000010000,,Request,,,,,,,,,,23742807828,,,,,,,,,,,,,,,
uvtoo7b4y7ftnbpbijzmint5bwiw352jqdzbnpsfurxanzgch75a,2026-04-21T11:00:00Z/2026-04-21T12:00:00Z,,"Amazon Web Services, Inc.",AWS,Anniversary,430155298731,2026-04-01T00:00:00Z,2026-05-01T00:00:00Z,430155298731,Usage,2026-04-21T11:00:00Z,2026-04-21T12:00:00Z,AWSGlue,USE1-Catalog-Request,Request,,,1.0000000000,,,USD,0.0000000000,0.0000000000,0.0000000000,0.0000000000,$0 for AWS Glue Data Catalog requests under the free tier,,"Amazon Web Services, Inc.",AWS Glue,,,,,,,,,,,,,,,,,,Data catalog requests,,,,,,,,,,,US East (N. Virginia),AWS Region,,,,,,,,,,,Request,,,,,AWS Glue,,us-east-1,us-east-1,AWSGlue,AWS Glue,XUYP7NN729GFEEB7,,,,,,,,,USE1-Catalog-Request,,,,,XUYP7NN729GFEEB7.A429C66SYZ.6YS6EN2CT7,338976513882,USD,0.0000010000,0.0000010000,,Request,,,,,,,,,,23742807828,,,,,,,,,,,,,,,
uvtoo7b4y7ftnbpbijzmint5bwiw352jqdzbnpsfurxanzgch75a,2026-04-21T16:00:00Z/2026-04-21T17:00:00Z,,"Amazon Web Services, Inc.",AWS,Anniversary,430155298731,2026-04-01T00:00:00Z,2026-05-01T00:00:00Z,430155298731,Usage,2026-04-21T16:00:00Z,2026-04-21T17:00:00Z,AWSGlue,USE1-Catalog-Request,Request,,,1.0000000000,,,USD,0.0000000000,0.0000000000,0.0000000000,0.0000000000,$0 for AWS Glue Data Catalog requests under the free tier,,"Amazon Web Services, Inc.",AWS Glue,,,,,,,,,,,,,,,,,,Data catalog requests,,,,,,,,,,,US East (N. Virginia),AWS Region,,,,,,,,,,,Request,,,,,AWS Glue,,us-east-1,us-east-1,AWSGlue,AWS Glue,XUYP7NN729GFEEB7,,,,,,,,,USE1-Catalog-Request,,,,,XUYP7NN729GFEEB7.A429C66SYZ.6YS6EN2CT7,338976513882,USD,0.0000010000,0.0000010000,,Request,,,,,,,,,,23742807828,,,,,,,,,,,,,,,
uvtoo7b4y7ftnbpbijzmint5bwiw352jqdzbnpsfurxanzgch75a,2026-04-22T11:00:00Z/2026-04-22T12:00:00Z,,"Amazon Web Services, Inc.",AWS,Anniversary,430155298731,2026-04-01T00:00:00Z,2026-05-01T00:00:00Z,430155298731,Usage,2026-04-22T11:00:00Z,2026-04-22T12:00:00Z,AWSGlue,USE1-Catalog-Request,Request,,,1.0000000000,,,USD,0.0000000000,0.0000000000,0.0000000000,0.0000000000,$0 for AWS Glue Data Catalog requests under the free tier,,"Amazon Web Services, Inc.",AWS Glue,,,,,,,,,,,,,,,,,,Data catalog requests,,,,,,,,,,,US East (N. Virginia),AWS Region,,,,,,,,,,,Request,,,,,AWS Glue,,us-east-1,us-east-1,AWSGlue,AWS Glue,XUYP7NN729GFEEB7,,,,,,,,,USE1-Catalog-Request,,,,,XUYP7NN729GFEEB7.A429C66SYZ.6YS6EN2CT7,338976513882,USD,0.0000010000,0.0000010000,,Request,,,,,,,,,,23742807828,,,,,,,,,,,,,,,
uvtoo7b4y7ftnbpbijzmint5bwiw352jqdzbnpsfurxanzgch75a,2026-04-22T16:00:00Z/2026-04-22T17:00:00Z,,"Amazon Web Services, Inc.",AWS,Anniversary,430155298731,2026-04-01T00:00:00Z,2026-05-01T00:00:00Z,430155298731,Usage,2026-04-22T16:00:00Z,2026-04-22T17:00:00Z,AWSGlue,USE1-Catalog-Request,Request,,,1.0000000000,,,USD,0.0000000000,0.0000000000,0.0000000000,0.0000000000,$0 for AWS Glue Data Catalog requests under the free tier,,"Amazon Web Services, Inc.",AWS Glue,,,,,,,,,,,,,,,,,,Data catalog requests,,,,,,,,,,,US East (N. Virginia),AWS Region,,,,,,,,,,,Request,,,,,AWS Glue,,us-east-1,us-east-1,AWSGlue,AWS Glue,XUYP7NN729GFEEB7,,,,,,,,,USE1-Catalog-Request,,,,,XUYP7NN729GFEEB7.A429C66SYZ.6YS6EN2CT7,338976513882,USD,0.0000010000,0.0000010000,,Request,,,,,,,,,,23742807828,,,,,,,,,,,,,,,
uvtoo7b4y7ftnbpbijzmint5bwiw352jqdzbnpsfurxanzgch75a,2026-04-23T11:00:00Z/2026-04-23T12:00:00Z,,"Amazon Web Services, Inc.",AWS,Anniversary,430155298731,2026-04-01T00:00:00Z,2026-05-01T00:00:00Z,430155298731,Usage,2026-04-23T11:00:00Z,2026-04-23T12:00:00Z,AWSGlue,USE1-Catalog-Request,Request,,,1.0000000000,,,USD,0.0000000000,0.0000000000,0.0000000000,0.0000000000,$0 for AWS Glue Data Catalog requests under the free tier,,"Amazon Web Services, Inc.",AWS Glue,,,,,,,,,,,,,,,,,,Data catalog requests,,,,,,,,,,,US East (N. Virginia),AWS Region,,,,,,,,,,,Request,,,,,AWS Glue,,us-east-1,us-east-1,AWSGlue,AWS Glue,XUYP7NN729GFEEB7,,,,,,,,,USE1-Catalog-Request,,,,,XUYP7NN729GFEEB7.A429C66SYZ.6YS6EN2CT7,338976513882,USD,0.0000010000,0.0000010000,,Request,,,,,,,,,,23742807828,,,,,,,,,,,,,,,
uvtoo7b4y7ftnbpbijzmint5bwiw352jqdzbnpsfurxanzgch75a,2026-04-23T16:00:00Z/2026-04-23T17:00:00Z,,"Amazon Web Services, Inc.",AWS,Anniversary,430155298731,2026-04-01T00:00:00Z,2026-05-01T00:00:00Z,430155298731,Usage,2026-04-23T16:00:00Z,2026-04-23T17:00:00Z,AWSGlue,USE1-Catalog-Request,Request,,,1.0000000000,,,USD,0.0000000000,0.0000000000,0.0000000000,0.0000000000,$0 for AWS Glue Data Catalog requests under the free tier,,"Amazon Web Services, Inc.",AWS Glue,,,,,,,,,,,,,,,,,,Data catalog requests,,,,,,,,,,,US East (N. Virginia),AWS Region,,,,,,,,,,,Request,,,,,AWS Glue,,us-east-1,us-east-1,AWSGlue,AWS Glue,XUYP7NN729GFEEB7,,,,,,,,,USE1-Catalog-Request,,,,,XUYP7NN729GFEEB7.A429C66SYZ.6YS6EN2CT7,338976513882,USD,0.0000010000,0.0000010000,,Request,,,,,,,,,,23742807828,,,,,,,,,,,,,,,
uvtoo7b4y7ftnbpbijzmint5bwiw352jqdzbnpsfurxanzgch75a,2026-04-24T11:00:00Z/2026-04-24T12:00:00Z,,"Amazon Web Services, Inc.",AWS,Anniversary,430155298731,2026-04-01T00:00:00Z,2026-05-01T00:00:00Z,430155298731,Usage,2026-04-24T11:00:00Z,2026-04-24T12:00:00Z,AWSGlue,USE1-Catalog-Request,Request,,,1.0000000000,,,USD,0.0000000000,0.0000000000,0.0000000000,0.0000000000,$0 for AWS Glue Data Catalog requests under the free tier,,"Amazon Web Services, Inc.",AWS Glue,,,,,,,,,,,,,,,,,,Data catalog requests,,,,,,,,,,,US East (N. Virginia),AWS Region,,,,,,,,,,,Request,,,,,AWS Glue,,us-east-1,us-east-1,AWSGlue,AWS Glue,XUYP7NN729GFEEB7,,,,,,,,,USE1-Catalog-Request,,,,,XUYP7NN729GFEEB7.A429C66SYZ.6YS6EN2CT7,338976513882,USD,0.0000010000,0.0000010000,,Request,,,,,,,,,,23742807828,,,,,,,,,,,,,,,
uvtoo7b4y7ftnbpbijzmint5bwiw352jqdzbnpsfurxanzgch75a,2026-04-24T16:00:00Z/2026-04-24T17:00:00Z,,"Amazon Web Services, Inc.",AWS,Anniversary,430155298731,2026-04-01T00:00:00Z,2026-05-01T00:00:00Z,430155298731,Usage,2026-04-24T16:00:00Z,2026-04-24T17:00:00Z,AWSGlue,USE1-Catalog-Request,Request,,,1.0000000000,,,USD,0.0000000000,0.0000000000,0.0000000000,0.0000000000,$0 for AWS Glue Data Catalog requests under the free tier,,"Amazon Web Services, Inc.",AWS Glue,,,,,,,,,,,,,,,,,,Data catalog requests,,,,,,,,,,,US East (N. Virginia),AWS Region,,,,,,,,,,,Request,,,,,AWS Glue,,us-east-1,us-east-1,AWSGlue,AWS Glue,XUYP7NN729GFEEB7,,,,,,,,,USE1-Catalog-Request,,,,,XUYP7NN729GFEEB7.A429C66SYZ.6YS6EN2CT7,338976513882,USD,0.0000010000,0.0000010000,,Request,,,,,,,,,,23742807828,,,,,,,,,,,,,,,
uvtoo7b4y7ftnbpbijzmint5bwiw352jqdzbnpsfurxanzgch75a,2026-04-25T11:00:00Z/2026-04-25T12:00:00Z,,"Amazon Web Services, Inc.",AWS,Anniversary,430155298731,2026-04-01T00:00:00Z,2026-05-01T00:00:00Z,430155298731,Usage,2026-04-25T11:00:00Z,2026-04-25T12:00:00Z,AWSGlue,USE1-Catalog-Request,Request,,,1.0000000000,,,USD,0.0000000000,0.0000000000,0.0000000000,0.0000000000,$0 for AWS Glue Data Catalog requests under the free tier,,"Amazon Web Services, Inc.",AWS Glue,,,,,,,,,,,,,,,,,,Data catalog requests,,,,,,,,,,,US East (N. Virginia),AWS Region,,,,,,,,,,,Request,,,,,AWS Glue,,us-east-1,us-east-1,AWSGlue,AWS Glue,XUYP7NN729GFEEB7,,,,,,,,,USE1-Catalog-Request,,,,,XUYP7NN729GFEEB7.A429C66SYZ.6YS6EN2CT7,338976513882,USD,0.0000010000,0.0000010000,,Request,,,,,,,,,,23742807828,,,,,,,,,,,,,,,
uvtoo7b4y7ftnbpbijzmint5bwiw352jqdzbnpsfurxanzgch75a,2026-04-25T16:00:00Z/2026-04-25T17:00:00Z,,"Amazon Web Services, Inc.",AWS,Anniversary,430155298731,2026-04-01T00:00:00Z,2026-05-01T00:00:00Z,430155298731,Usage,2026-04-25T16:00:00Z,2026-04-25T17:00:00Z,AWSGlue,USE1-Catalog-Request,Request,,,1.0000000000,,,USD,0.0000000000,0.0000000000,0.0000000000,0.0000000000,$0 for AWS Glue Data Catalog requests under the free tier,,"Amazon Web Services, Inc.",AWS Glue,,,,,,,,,,,,,,,,,,Data catalog requests,,,,,,,,,,,US East (N. Virginia),AWS Region,,,,,,,,,,,Request,,,,,AWS Glue,,us-east-1,us-east-1,AWSGlue,AWS Glue,XUYP7NN729GFEEB7,,,,,,,,,USE1-Catalog-Request,,,,,XUYP7NN729GFEEB7.A429C66SYZ.6YS6EN2CT7,338976513882,USD,0.0000010000,0.0000010000,,Request,,,,,,,,,,23742807828,,,,,,,,,,,,,,,
uvtoo7b4y7ftnbpbijzmint5bwiw352jqdzbnpsfurxanzgch75a,2026-04-26T11:00:00Z/2026-04-26T12:00:00Z,,"Amazon Web Services, Inc.",AWS,Anniversary,430155298731,2026-04-01T00:00:00Z,2026-05-01T00:00:00Z,430155298731,Usage,2026-04-26T11:00:00Z,2026-04-26T12:00:00Z,AWSGlue,USE1-Catalog-Request,Request,,,1.0000000000,,,USD,0.0000000000,0.0000000000,0.0000000000,0.0000000000,$0 for AWS Glue Data Catalog requests under the free tier,,"Amazon Web Services, Inc.",AWS Glue,,,,,,,,,,,,,,,,,,Data catalog requests,,,,,,,,,,,US East (N. Virginia),AWS Region,,,,,,,,,,,Request,,,,,AWS Glue,,us-east-1,us-east-1,AWSGlue,AWS Glue,XUYP7NN729GFEEB7,,,,,,,,,USE1-Catalog-Request,,,,,XUYP7NN729GFEEB7.A429C66SYZ.6YS6EN2CT7,338976513882,USD,0.0000010000,0.0000010000,,Request,,,,,,,,,,23742807828,,,,,,,,,,,,,,,
uvtoo7b4y7ftnbpbijzmint5bwiw352jqdzbnpsfurxanzgch75a,2026-04-26T16:00:00Z/2026-04-26T17:00:00Z,,"Amazon Web Services, Inc.",AWS,Anniversary,430155298731,2026-04-01T00:00:00Z,2026-05-01T00:00:00Z,430155298731,Usage,2026-04-26T16:00:00Z,2026-04-26T17:00:00Z,AWSGlue,USE1-Catalog-Request,Request,,,1.0000000000,,,USD,0.0000000000,0.0000000000,0.0000000000,0.0000000000,$0 for AWS Glue Data Catalog requests under the free tier,,"Amazon Web Services, Inc.",AWS Glue,,,,,,,,,,,,,,,,,,Data catalog requests,,,,,,,,,,,US East (N. Virginia),AWS Region,,,,,,,,,,,Request,,,,,AWS Glue,,us-east-1,us-east-1,AWSGlue,AWS Glue,XUYP7NN729GFEEB7,,,,,,,,,USE1-Catalog-Request,,,,,XUYP7NN729GFEEB7.A429C66SYZ.6YS6EN2CT7,338976513882,USD,0.0000010000,0.0000010000,,Request,,,,,,,,,,23742807828,,,,,,,,,,,,,,,
uvtoo7b4y7ftnbpbijzmint5bwiw352jqdzbnpsfurxanzgch75a,2026-04-27T11:00:00Z/2026-04-27T12:00:00Z,,"Amazon Web Services, Inc.",AWS,Anniversary,430155298731,2026-04-01T00:00:00Z,2026-05-01T00:00:00Z,430155298731,Usage,2026-04-27T11:00:00Z,2026-04-27T12:00:00Z,AWSGlue,USE1-Catalog-Request,Request,,,1.0000000000,,,USD,0.0000000000,0.0000000000,0.0000000000,0.0000000000,$0 for AWS Glue Data Catalog requests under the free tier,,"Amazon Web Services, Inc.",AWS Glue,,,,,,,,,,,,,,,,,,Data catalog requests,,,,,,,,,,,US East (N. Virginia),AWS Region,,,,,,,,,,,Request,,,,,AWS Glue,,us-east-1,us-east-1,AWSGlue,AWS Glue,XUYP7NN729GFEEB7,,,,,,,,,USE1-Catalog-Request,,,,,XUYP7NN729GFEEB7.A429C66SYZ.6YS6EN2CT7,338976513882,USD,0.0000010000,0.0000010000,,Request,,,,,,,,,,23742807828,,,,,,,,,,,,,,,
uvtoo7b4y7ftnbpbijzmint5bwiw352jqdzbnpsfurxanzgch75a,2026-04-27T16:00:00Z/2026-04-27T17:00:00Z,,"Amazon Web Services, Inc.",AWS,Anniversary,430155298731,2026-04-01T00:00:00Z,2026-05-01T00:00:00Z,430155298731,Usage,2026-04-27T16:00:00Z,2026-04-27T17:00:00Z,AWSGlue,USE1-Catalog-Request,Request,,,1.0000000000,,,USD,0.0000000000,0.0000000000,0.0000000000,0.0000000000,$0 for AWS Glue Data Catalog requests under the free tier,,"Amazon Web Services, Inc.",AWS Glue,,,,,,,,,,,,,,,,,,Data catalog requests,,,,,,,,,,,US East (N. Virginia),AWS Region,,,,,,,,,,,Request,,,,,AWS Glue,,us-east-1,us-east-1,AWSGlue,AWS Glue,XUYP7NN729GFEEB7,,,,,,,,,USE1-Catalog-Request,,,,,XUYP7NN729GFEEB7.A429C66SYZ.6YS6EN2CT7,338976513882,USD,0.0000010000,0.0000010000,,Request,,,,,,,,,,23742807828,,,,,,,,,,,,,,,
uvtoo7b4y7ftnbpbijzmint5bwiw352jqdzbnpsfurxanzgch75a,2026-04-28T11:00:00Z/2026-04-28T12:00:00Z,,"Amazon Web Services, Inc.",AWS,Anniversary,430155298731,2026-04-01T00:00:00Z,2026-05-01T00:00:00Z,430155298731,Usage,2026-04-28T11:00:00Z,2026-04-28T12:00:00Z,AWSGlue,USE1-Catalog-Request,Request,,,1.0000000000,,,USD,0.0000000000,0.0000000000,0.0000000000,0.0000000000,$0 for AWS Glue Data Catalog requests under the free tier,,"Amazon Web Services, Inc.",AWS Glue,,,,,,,,,,,,,,,,,,Data catalog requests,,,,,,,,,,,US East (N. Virginia),AWS Region,,,,,,,,,,,Request,,,,,AWS Glue,,us-east-1,us-east-1,AWSGlue,AWS Glue,XUYP7NN729GFEEB7,,,,,,,,,USE1-Catalog-Request,,,,,XUYP7NN729GFEEB7.A429C66SYZ.6YS6EN2CT7,338976513882,USD,0.0000010000,0.0000010000,,Request,,,,,,,,,,23742807828,,,,,,,,,,,,,,,
uvtoo7b4y7ftnbpbijzmint5bwiw352jqdzbnpsfurxanzgch75a,2026-04-28T16:00:00Z/2026-04-28T17:00:00Z,,"Amazon Web Services, Inc.",AWS,Anniversary,430155298731,2026-04-01T00:00:00Z,2026-05-01T00:00:00Z,430155298731,Usage,2026-04-28T16:00:00Z,2026-04-28T17:00:00Z,AWSGlue,USE1-Catalog-Request,Request,,,1.0000000000,,,USD,0.0000000000,0.0000000000,0.0000000000,0.0000000000,$0 for AWS Glue Data Catalog requests under the free tier,,"Amazon Web Services, Inc.",AWS Glue,,,,,,,,,,,,,,,,,,Data catalog requests,,,,,,,,,,,US East (N. Virginia),AWS Region,,,,,,,,,,,Request,,,,,AWS Glue,,us-east-1,us-east-1,AWSGlue,AWS Glue,XUYP7NN729GFEEB7,,,,,,,,,USE1-Catalog-Request,,,,,XUYP7NN729GFEEB7.A429C66SYZ.6YS6EN2CT7,338976513882,USD,0.0000010000,0.0000010000,,Request,,,,,,,,,,23742807828,,,,,,,,,,,,,,,
uvtoo7b4y7ftnbpbijzmint5bwiw352jqdzbnpsfurxanzgch75a,2026-04-29T11:00:00Z/2026-04-29T12:00:00Z,,"Amazon Web Services, Inc.",AWS,Anniversary,430155298731,2026-04-01T00:00:00Z,2026-05-01T00:00:00Z,430155298731,Usage,2026-04-29T11:00:00Z,2026-04-29T12:00:00Z,AWSGlue,USE1-Catalog-Request,Request,,,1.0000000000,,,USD,0.0000000000,0.0000000000,0.0000000000,0.0000000000,$0 for AWS Glue Data Catalog requests under the free tier,,"Amazon Web Services, Inc.",AWS Glue,,,,,,,,,,,,,,,,,,Data catalog requests,,,,,,,,,,,US East (N. Virginia),AWS Region,,,,,,,,,,,Request,,,,,AWS Glue,,us-east-1,us-east-1,AWSGlue,AWS Glue,XUYP7NN729GFEEB7,,,,,,,,,USE1-Catalog-Request,,,,,XUYP7NN729GFEEB7.A429C66SYZ.6YS6EN2CT7,338976513882,USD,0.0000010000,0.0000010000,,Request,,,,,,,,,,23742807828,,,,,,,,,,,,,,,
uvtoo7b4y7ftnbpbijzmint5bwiw352jqdzbnpsfurxanzgch75a,2026-04-29T16:00:00Z/2026-04-29T17:00:00Z,,"Amazon Web Services, Inc.",AWS,Anniversary,430155298731,2026-04-01T00:00:00Z,2026-05-01T00:00:00Z,430155298731,Usage,2026-04-29T16:00:00Z,2026-04-29T17:00:00Z,AWSGlue,USE1-Catalog-Request,Request,,,1.0000000000,,,USD,0.0000000000,0.0000000000,0.0000000000,0.0000000000,$0 for AWS Glue Data Catalog requests under the free tier,,"Amazon Web Services, Inc.",AWS Glue,,,,,,,,,,,,,,,,,,Data catalog requests,,,,,,,,,,,US East (N. Virginia),AWS Region,,,,,,,,,,,Request,,,,,AWS Glue,,us-east-1,us-east-1,AWSGlue,AWS Glue,XUYP7NN729GFEEB7,,,,,,,,,USE1-Catalog-Request,,,,,XUYP7NN729GFEEB7.A429C66SYZ.6YS6EN2CT7,338976513882,USD,0.0000010000,0.0000010000,,Request,,,,,,,,,,23742807828,,,,,,,,,,,,,,,
6yo7ucnx2yzjbyxxxxgmf6wcygyftpf4mcetd5wds3zzuch42koa,2026-04-16T16:00:00Z/2026-04-16T18:00:00Z,,"Amazon Web Services, Inc.",AWS,Anniversary,430155298731,2026-04-01T00:00:00Z,2026-05-01T00:00:00Z,430155298731,Credit,2026-04-16T16:00:00Z,2026-04-16T18:00:00Z,AWSSecretsManager,EUN1-AWSSecretsManagerAPIRequest,,,,0.0000000000,,,USD,,-0.0000100000,,-0.0000100000,AWS Free Tier,,"Amazon Web Services, Inc.",AWS Secrets Manager,,,,,,,,,,,,,,,,,,AWSSecretsManager-APIRequest,,,,,,,,,,,EU (Stockholm),AWS Region,,,,,,,,,,,,,,,,API Request,,eu-north-1,eu-north-1,AWSSecretsManager,AWS Secrets Manager,7VFSFM2SK8GV8DGV,,,,,,,,,EUN1-AWSSecretsManagerAPIRequest,,,,,,200495202376,USD,0.0000000000,0.0000050000,OnDemand,API Requests,,,,,,,,,,23742807847,,,,,,,,,,,,,,,
6yo7ucnx2yzjbyxxxxgmf6wcygyftpf4mcetd5wds3zzuch42koa,2026-04-21T04:00:00Z/2026-04-21T05:00:00Z,,"Amazon Web Services, Inc.",AWS,Anniversary,430155298731,2026-04-01T00:00:00Z,2026-05-01T00:00:00Z,430155298731,Credit,2026-04-21T04:00:00Z,2026-04-21T05:00:00Z,AWSSecretsManager,EUN1-AWSSecretsManagerAPIRequest,,,,0.0000000000,,,USD,,-0.0000050000,,-0.0000050000,AWS Free Tier,,"Amazon Web Services, Inc.",AWS Secrets Manager,,,,,,,,,,,,,,,,,,AWSSecretsManager-APIRequest,,,,,,,,,,,EU (Stockholm),AWS Region,,,,,,,,,,,,,,,,API Request,,eu-north-1,eu-north-1,AWSSecretsManager,AWS Secrets Manager,7VFSFM2SK8GV8DGV,,,,,,,,,EUN1-AWSSecretsManagerAPIRequest,,,,,,200495202376,USD,0.0000000000,0.0000050000,OnDemand,API Requests,,,,,,,,,,23742807847,,,,,,,,,,,,,,,
suk2vc2jd7mmik2fzfx5sr4dmeota23iugekpq6gl2lo2yyzbbha,2026-04-19T21:00:00Z/2026-04-19T22:00:00Z,,"Amazon Web Services, Inc.",AWS,Anniversary,430155298731,2026-04-01T00:00:00Z,2026-05-01T00:00:00Z,430155298731,Credit,2026-04-19T21:00:00Z,2026-04-19T22:00:00Z,AWSSecretsManager,USE1-AWSSecretsManagerAPIRequest,,,,0.0000000000,,,USD,,-0.0000050000,,-0.0000050000,AWS Free Tier,,"Amazon Web Services, Inc.",AWS Secrets Manager,,,,,,,,,,,,,,,,,,AWSSecretsManager-APIRequest,,,,,,,,,,,US East (N. Virginia),AWS Region,,,,,,,,,,,,,,,,API Request,,us-east-1,us-east-1,AWSSecretsManager,AWS Secrets Manager,4MDZ5VNEJPMUTG9B,,,,,,,,,USE1-AWSSecretsManagerAPIRequest,,,,,,200495202400,USD,0.0000000000,0.0000050000,OnDemand,API Requests,,,,,,,,,,23742807847,,,,,,,,,,,,,,,
suk2vc2jd7mmik2fzfx5sr4dmeota23iugekpq6gl2lo2yyzbbha,2026-04-21T01:00:00Z/2026-04-21T02:00:00Z,,"Amazon Web Services, Inc.",AWS,Anniversary,430155298731,2026-04-01T00:00:00Z,2026-05-01T00:00:00Z,430155298731,Credit,2026-04-21T01:00:00Z,2026-04-21T02:00:00Z,AWSSecretsManager,USE1-AWSSecretsManagerAPIRequest,,,,0.0000000000,,,USD,,-0.0000050000,,-0.0000050000,AWS Free Tier,,"Amazon Web Services, Inc.",AWS Secrets Manager,,,,,,,,,,,,,,,,,,AWSSecretsManager-APIRequest,,,,,,,,,,,US East (N. Virginia),AWS Region,,,,,,,,,,,,,,,,API Request,,us-east-1,us-east-1,AWSSecretsManager,AWS Secrets Manager,4MDZ5VNEJPMUTG9B,,,,,,,,,USE1-AWSSecretsManagerAPIRequest,,,,,,200495202400,USD,0.0000000000,0.0000050000,OnDemand,API Requests,,,,,,,,,,23742807847,,,,,,,,,,,,,,,
suk2vc2jd7mmik2fzfx5sr4dmeota23iugekpq6gl2lo2yyzbbha,2026-04-26T01:00:00Z/2026-04-26T02:00:00Z,,"Amazon Web Services, Inc.",AWS,Anniversary,430155298731,2026-04-01T00:00:00Z,2026-05-01T00:00:00Z,430155298731,Credit,2026-04-26T01:00:00Z,2026-04-26T02:00:00Z,AWSSecretsManager,USE1-AWSSecretsManagerAPIRequest,,,,0.0000000000,,,USD,,-0.0000050000,,-0.0000050000,AWS Free Tier,,"Amazon Web Services, Inc.",AWS Secrets Manager,,,,,,,,,,,,,,,,,,AWSSecretsManager-APIRequest,,,,,,,,,,,US East (N. Virginia),AWS Region,,,,,,,,,,,,,,,,API Request,,us-east-1,us-east-1,AWSSecretsManager,AWS Secrets Manager,4MDZ5VNEJPMUTG9B,,,,,,,,,USE1-AWSSecretsManagerAPIRequest,,,,,,200495202400,USD,0.0000000000,0.0000050000,OnDemand,API Requests,,,,,,,,,,23742807847,,,,,,,,,,,,,,,
6ypaywdswv6vz5i3jph5xipok2kg74xtf4axajqdjpzmypt2vqbq,2026-04-16T16:00:00Z/2026-04-16T17:00:00Z,,"Amazon Web Services, Inc.",AWS,Anniversary,430155298731,2026-04-01T00:00:00Z,2026-05-01T00:00:00Z,430155298731,Usage,2026-04-16T16:00:00Z,2026-04-16T17:00:00Z,AWSSecretsManager,EUN1-AWSSecretsManagerAPIRequest,ListSecrets,,,1.0000000000,,,USD,0.0000050000,0.0000050000,0.0000050000,0.0000050000,$0.05 per 10000 API Requests,,"Amazon Web Services, Inc.",AWS Secrets Manager,,,,,,,,,,,,,,,,,,AWSSecretsManager-APIRequest,,,,,,,,,,,EU (Stockholm),AWS Region,,,,,,,,,,,,,,,,API Request,,eu-north-1,eu-north-1,AWSSecretsManager,AWS Secrets Manager,7VFSFM2SK8GV8DGV,,,,,,,,,EUN1-AWSSecretsManagerAPIRequest,,,,,7VFSFM2SK8GV8DGV.JRTCKXETXF.6YS6EN2CT7,200495202376,USD,0.0000050000,0.0000050000,OnDemand,API Requests,,,,,,,,,,23742807847,,,,,,,,,,,,,,,
6ypaywdswv6vz5i3jph5xipok2kg74xtf4axajqdjpzmypt2vqbq,2026-04-16T17:00:00Z/2026-04-16T18:00:00Z,,"Amazon Web Services, Inc.",AWS,Anniversary,430155298731,2026-04-01T00:00:00Z,2026-05-01T00:00:00Z,430155298731,Usage,2026-04-16T17:00:00Z,2026-04-16T18:00:00Z,AWSSecretsManager,EUN1-AWSSecretsManagerAPIRequest,ListSecrets,,,1.0000000000,,,USD,0.0000050000,0.0000050000,0.0000050000,0.0000050000,$0.05 per 10000 API Requests,,"Amazon Web Services, Inc.",AWS Secrets Manager,,,,,,,,,,,,,,,,,,AWSSecretsManager-APIRequest,,,,,,,,,,,EU (Stockholm),AWS Region,,,,,,,,,,,,,,,,API Request,,eu-north-1,eu-north-1,AWSSecretsManager,AWS Secrets Manager,7VFSFM2SK8GV8DGV,,,,,,,,,EUN1-AWSSecretsManagerAPIRequest,,,,,7VFSFM2SK8GV8DGV.JRTCKXETXF.6YS6EN2CT7,200495202376,USD,0.0000050000,0.0000050000,OnDemand,API Requests,,,,,,,,,,23742807847,,,,,,,,,,,,,,,
6ypaywdswv6vz5i3jph5xipok2kg74xtf4axajqdjpzmypt2vqbq,2026-04-21T04:00:00Z/2026-04-21T05:00:00Z,,"Amazon Web Services, Inc.",AWS,Anniversary,430155298731,2026-04-01T00:00:00Z,2026-05-01T00:00:00Z,430155298731,Usage,2026-04-21T04:00:00Z,2026-04-21T05:00:00Z,AWSSecretsManager,EUN1-AWSSecretsManagerAPIRequest,ListSecrets,,,1.0000000000,,,USD,0.0000050000,0.0000050000,0.0000050000,0.0000050000,$0.05 per 10000 API Requests,,"Amazon Web Services, Inc.",AWS Secrets Manager,,,,,,,,,,,,,,,,,,AWSSecretsManager-APIRequest,,,,,,,,,,,EU (Stockholm),AWS Region,,,,,,,,,,,,,,,,API Request,,eu-north-1,eu-north-1,AWSSecretsManager,AWS Secrets Manager,7VFSFM2SK8GV8DGV,,,,,,,,,EUN1-AWSSecretsManagerAPIRequest,,,,,7VFSFM2SK8GV8DGV.JRTCKXETXF.6YS6EN2CT7,200495202376,USD,0.0000050000,0.0000050000,OnDemand,API Requests,,,,,,,,,,23742807847,,,,,,,,,,,,,,,
nkjq3uithyh4mpqf65o6qk2pob75lihpfdmq23iywjgy5vsucvnq,2026-04-19T21:00:00Z/2026-04-19T22:00:00Z,,"Amazon Web Services, Inc.",AWS,Anniversary,430155298731,2026-04-01T00:00:00Z,2026-05-01T00:00:00Z,430155298731,Usage,2026-04-19T21:00:00Z,2026-04-19T22:00:00Z,AWSSecretsManager,USE1-AWSSecretsManagerAPIRequest,ListSecrets,,,1.0000000000,,,USD,0.0000050000,0.0000050000,0.0000050000,0.0000050000,$0.05 per 10000 API Requests,,"Amazon Web Services, Inc.",AWS Secrets Manager,,,,,,,,,,,,,,,,,,AWSSecretsManager-APIRequest,,,,,,,,,,,US East (N. Virginia),AWS Region,,,,,,,,,,,,,,,,API Request,,us-east-1,us-east-1,AWSSecretsManager,AWS Secrets Manager,4MDZ5VNEJPMUTG9B,,,,,,,,,USE1-AWSSecretsManagerAPIRequest,,,,,4MDZ5VNEJPMUTG9B.JRTCKXETXF.6YS6EN2CT7,200495202400,USD,0.0000050000,0.0000050000,OnDemand,API Requests,,,,,,,,,,23742807847,,,,,,,,,,,,,,,
nkjq3uithyh4mpqf65o6qk2pob75lihpfdmq23iywjgy5vsucvnq,2026-04-21T01:00:00Z/2026-04-21T02:00:00Z,,"Amazon Web Services, Inc.",AWS,Anniversary,430155298731,2026-04-01T00:00:00Z,2026-05-01T00:00:00Z,430155298731,Usage,2026-04-21T01:00:00Z,2026-04-21T02:00:00Z,AWSSecretsManager,USE1-AWSSecretsManagerAPIRequest,ListSecrets,,,1.0000000000,,,USD,0.0000050000,0.0000050000,0.0000050000,0.0000050000,$0.05 per 10000 API Requests,,"Amazon Web Services, Inc.",AWS Secrets Manager,,,,,,,,,,,,,,,,,,AWSSecretsManager-APIRequest,,,,,,,,,,,US East (N. Virginia),AWS Region,,,,,,,,,,,,,,,,API Request,,us-east-1,us-east-1,AWSSecretsManager,AWS Secrets Manager,4MDZ5VNEJPMUTG9B,,,,,,,,,USE1-AWSSecretsManagerAPIRequest,,,,,4MDZ5VNEJPMUTG9B.JRTCKXETXF.6YS6EN2CT7,200495202400,USD,0.0000050000,0.0000050000,OnDemand,API Requests,,,,,,,,,,23742807847,,,,,,,,,,,,,,,
nkjq3uithyh4mpqf65o6qk2pob75lihpfdmq23iywjgy5vsucvnq,2026-04-26T01:00:00Z/2026-04-26T02:00:00Z,,"Amazon Web Services, Inc.",AWS,Anniversary,430155298731,2026-04-01T00:00:00Z,2026-05-01T00:00:00Z,430155298731,Usage,2026-04-26T01:00:00Z,2026-04-26T02:00:00Z,AWSSecretsManager,USE1-AWSSecretsManagerAPIRequest,ListSecrets,,,1.0000000000,,,USD,0.0000050000,0.0000050000,0.0000050000,0.0000050000,$0.05 per 10000 API Requests,,"Amazon Web Services, Inc.",AWS Secrets Manager,,,,,,,,,,,,,,,,,,AWSSecretsManager-APIRequest,,,,,,,,,,,US East (N. Virginia),AWS Region,,,,,,,,,,,,,,,,API Request,,us-east-1,us-east-1,AWSSecretsManager,AWS Secrets Manager,4MDZ5VNEJPMUTG9B,,,,,,,,,USE1-AWSSecretsManagerAPIRequest,,,,,4MDZ5VNEJPMUTG9B.JRTCKXETXF.6YS6EN2CT7,200495202400,USD,0.0000050000,0.0000050000,OnDemand,API Requests,,,,,,,,,,23742807847,,,,,,,,,,,,,,,
opd4dfdeqwyuzaedsw3oakruqfsibrip53zguwnkrzcozxccvt7q,2026-04-16T19:00:00Z/2026-04-16T23:00:00Z,,"Amazon Web Services, Inc.",AWS,Anniversary,430155298731,2026-04-01T00:00:00Z,2026-05-01T00:00:00Z,430155298731,Credit,2026-04-16T19:00:00Z,2026-04-16T23:00:00Z,AmazonEC2,EUN1-BoxUsage:t3.micro,RunInstances,,,0.0000000000,0.5,0.0000000000,USD,,-0.0242460000,,-0.0242460000,AWS Free Tier,,"Amazon Web Services, Inc.",Amazon Elastic Compute Cloud,,NA,Used,false,3.1 GHz,Yes,Up to 2085 Mbps,87 Mbps,,NA,No,,,,,,NA,,,,General purpose,General Purpose,t3.micro,t3,Yes,Yes,Yes,No License required,EU (Stockholm),AWS Region,OnDemand,,,,1 GiB,,,Up to 5 Gigabit,0.5,Linux,RunInstances,Intel Skylake E5 2686 v5,NA,64-bit,AVX; AVX2; Intel AVX; Intel AVX2; Intel AVX512; Intel Turbo,Compute Instance,,eu-north-1,eu-north-1,AmazonEC2,Amazon Elastic Compute Cloud,XCVN4HZD9XZ33XW8,EBS only,,,Shared,,,,,EUN1-BoxUsage:t3.micro,2,,,true,,455786143018,USD,0.0000000000,0.0108000000,OnDemand,Hrs,,,,,,,,,,23742807739,,,,,,,,,,,,,,,
opd4dfdeqwyuzaedsw3oakruqfsibrip53zguwnkrzcozxccvt7q,2026-04-19T21:00:00Z/2026-04-19T23:00:00Z,,"Amazon Web Services, Inc.",AWS,Anniversary,430155298731,2026-04-01T00:00:00Z,2026-05-01T00:00:00Z,430155298731,Credit,2026-04-19T21:00:00Z,2026-04-19T23:00:00Z,AmazonEC2,EUN1-BoxUsage:t3.micro,RunInstances,,,0.0000000000,0.5,0.0000000000,USD,,-0.0103079952,,-0.0103079952,AWS Free Tier,,"Amazon Web Services, Inc.",Amazon Elastic Compute Cloud,,NA,Used,false,3.1 GHz,Yes,Up to 2085 Mbps,87 Mbps,,NA,No,,,,,,NA,,,,General purpose,General Purpose,t3.micro,t3,Yes,Yes,Yes,No License required,EU (Stockholm),AWS Region,OnDemand,,,,1 GiB,,,Up to 5 Gigabit,0.5,Linux,RunInstances,Intel Skylake E5 2686 v5,NA,64-bit,AVX; AVX2; Intel AVX; Intel AVX2; Intel AVX512; Intel Turbo,Compute Instance,,eu-north-1,eu-north-1,AmazonEC2,Amazon Elastic Compute Cloud,XCVN4HZD9XZ33XW8,EBS only,,,Shared,,,,,EUN1-BoxUsage:t3.micro,2,,,true,,455786143018,USD,0.0000000000,0.0108000000,OnDemand,Hrs,,,,,,,,,,23742807739,,,,,,,,,,,,,,,
ccrkzwdyz3grmmcz7uuc76k2ufw64ef2nrmwfdqbn6mexpbhkeka,2026-04-20T20:00:00Z/2026-04-20T22:00:00Z,,"Amazon Web Services, Inc.",AWS,Anniversary,430155298731,2026-04-01T00:00:00Z,2026-05-01T00:00:00Z,430155298731,Credit,2026-04-20T20:00:00Z,2026-04-20T22:00:00Z,AmazonEC2,BoxUsage:t3.micro,RunInstances,,,0.0000000000,0.5,0.0000000000,USD,,-0.0091173368,,-0.0091173368,AWS Free Tier,,"Amazon Web Services, Inc.",Amazon Elastic Compute Cloud,,NA,Used,false,3.1 GHz,Yes,Up to 2085 Mbps,87 Mbps,,NA,No,,,,,,NA,,,,General purpose,General Purpose,t3.micro,t3,Yes,Yes,Yes,No License required,US East (N. Virginia),AWS Region,OnDemand,,,,1 GiB,,,Up to 5 Gigabit,0.5,Linux,RunInstances,Intel Skylake E5 2686 v5,NA,64-bit,AVX; AVX2; Intel AVX; Intel AVX2; Intel AVX512; Intel Turbo,Compute Instance,,us-east-1,us-east-1,AmazonEC2,Amazon Elastic Compute Cloud,CRAJUW7BTXFMT2UJ,EBS only,,,Shared,,,,,BoxUsage:t3.micro,2,,,true,,455785968486,USD,0.0000000000,0.0104000000,OnDemand,Hrs,,,,,,,,,,23742807739,,,,,,,,,,,,,,,
ccrkzwdyz3grmmcz7uuc76k2ufw64ef2nrmwfdqbn6mexpbhkeka,2026-04-21T08:00:00Z/2026-04-21T12:00:00Z,,"Amazon Web Services, Inc.",AWS,Anniversary,430155298731,2026-04-01T00:00:00Z,2026-05-01T00:00:00Z,430155298731,Credit,2026-04-21T08:00:00Z,2026-04-21T12:00:00Z,AmazonEC2,BoxUsage:t3.micro,RunInstances,,,0.0000000000,0.5,0.0000000000,USD,,-0.0327888912,,-0.0327888912,AWS Free Tier,,"Amazon Web Services, Inc.",Amazon Elastic Compute Cloud,,NA,Used,false,3.1 GHz,Yes,Up to 2085 Mbps,87 Mbps,,NA,No,,,,,,NA,,,,General purpose,General Purpose,t3.micro,t3,Yes,Yes,Yes,No License required,US East (N. Virginia),AWS Region,OnDemand,,,,1 GiB,,,Up to 5 Gigabit,0.5,Linux,RunInstances,Intel Skylake E5 2686 v5,NA,64-bit,AVX; AVX2; Intel AVX; Intel AVX2; Intel AVX512; Intel Turbo,Compute Instance,,us-east-1,us-east-1,AmazonEC2,Amazon Elastic Compute Cloud,CRAJUW7BTXFMT2UJ,EBS only,,,Shared,,,,,BoxUsage:t3.micro,2,,,true,,455785968486,USD,0.0000000000,0.0104000000,OnDemand,Hrs,,,,,,,,,,23742807739,,,,,,,,,,,,,,,
spe2xyi7fffhs2jrfxzxqdvdfe6ku6aqkiirp3wiwnyuqg2r3z4q,2026-04-16T19:00:00Z/2026-04-16T20:00:00Z,,"Amazon Web Services, Inc.",AWS,Anniversary,430155298731,2026-04-01T00:00:00Z,2026-05-01T00:00:00Z,430155298731,Usage,2026-04-16T19:00:00Z,2026-04-16T20:00:00Z,AmazonEC2,EUN1-EBSOptimized:t3.micro,Hourly,eu-north-1b,i-099a28da00871efc7,1.0000000000,0.5,0.5000000000,USD,0.0000000000,0.0000000000,0.0000000000,0.0000000000,$0.00 for 87 Mbps per t3.micro instance-hour (or partial hour),,"Amazon Web Services, Inc.",Amazon Elastic Compute Cloud,,NA,NA,false,3.1 GHz,Yes,Up to 2085 Mbps,87 Mbps,,NA,No,,,,,,NA,,,,General purpose,General Purpose,t3.micro,,Yes,Yes,Yes,NA,EU (Stockholm),AWS Region,OnDemand,,,,1 GiB,,,Up to 5 Gigabit,0.5,NA,Hourly,Intel Skylake E5 2686 v5,NA,64-bit,AVX; AVX2; Intel AVX; Intel AVX2; Intel AVX512; Intel Turbo,Compute Instance,,eu-north-1,eu-north-1,AmazonEC2,Amazon Elastic Compute Cloud,A7MKG4G6HN7HATBE,EBS only,,,NA,,,,,EUN1-EBSOptimized:t3.micro,2,,,true,A7MKG4G6HN7HATBE.JRTCKXETXF.6YS6EN2CT7,455786802679,USD,0.0000000000,,OnDemand,Hrs,,,,,,,,,,23742807739,,,,,,,,,,,,,,,
fxerexeqe2a5xdtq4rfk4fo3hwwbv33mjrv5utvspagwpsqpd2da,2026-04-16T20:00:00Z/2026-04-16T21:00:00Z,,"Amazon Web Services, Inc.",AWS,Anniversary,430155298731,2026-04-01T00:00:00Z,2026-05-01T00:00:00Z,430155298731,Usage,2026-04-16T20:00:00Z,2026-04-16T21:00:00Z,AmazonEC2,EUN1-EBSOptimized:t3.micro,Hourly,eu-north-1b,i-01e8e62decd3fe77a,0.0194440000,0.5,0.0097220000,USD,0.0000000000,0.0000000000,0.0000000000,0.0000000000,$0.00 for 87 Mbps per t3.micro instance-hour (or partial hour),,"Amazon Web Services, Inc.",Amazon Elastic Compute Cloud,,NA,NA,false,3.1 GHz,Yes,Up to 2085 Mbps,87 Mbps,,NA,No,,,,,,NA,,,,General purpose,General Purpose,t3.micro,,Yes,Yes,Yes,NA,EU (Stockholm),AWS Region,OnDemand,,,,1 GiB,,,Up to 5 Gigabit,0.5,NA,Hourly,Intel Skylake E5 2686 v5,NA,64-bit,AVX; AVX2; Intel AVX; Intel AVX2; Intel AVX512; Intel Turbo,Compute Instance,,eu-north-1,eu-north-1,AmazonEC2,Amazon Elastic Compute Cloud,A7MKG4G6HN7HATBE,EBS only,,,NA,,,,,EUN1-EBSOptimized:t3.micro,2,,,true,A7MKG4G6HN7HATBE.JRTCKXETXF.6YS6EN2CT7,455786802679,USD,0.0000000000,,OnDemand,Hrs,,,,,,,,,,23742807739,,,,,,,,,,,,,,,
spe2xyi7fffhs2jrfxzxqdvdfe6ku6aqkiirp3wiwnyuqg2r3z4q,2026-04-16T20:00:00Z/2026-04-16T21:00:00Z,,"Amazon Web Services, Inc.",AWS,Anniversary,430155298731,2026-04-01T00:00:00Z,2026-05-01T00:00:00Z,430155298731,Usage,2026-04-16T20:00:00Z,2026-04-16T21:00:00Z,AmazonEC2,EUN1-EBSOptimized:t3.micro,Hourly,eu-north-1b,i-099a28da00871efc7,1.0000000000,0.5,0.5000000000,USD,0.0000000000,0.0000000000,0.0000000000,0.0000000000,$0.00 for 87 Mbps per t3.micro instance-hour (or partial hour),,"Amazon Web Services, Inc.",Amazon Elastic Compute Cloud,,NA,NA,false,3.1 GHz,Yes,Up to 2085 Mbps,87 Mbps,,NA,No,,,,,,NA,,,,General purpose,General Purpose,t3.micro,,Yes,Yes,Yes,NA,EU (Stockholm),AWS Region,OnDemand,,,,1 GiB,,,Up to 5 Gigabit,0.5,NA,Hourly,Intel Skylake E5 2686 v5,NA,64-bit,AVX; AVX2; Intel AVX; Intel AVX2; Intel AVX512; Intel Turbo,Compute Instance,,eu-north-1,eu-north-1,AmazonEC2,Amazon Elastic Compute Cloud,A7MKG4G6HN7HATBE,EBS only,,,NA,,,,,EUN1-EBSOptimized:t3.micro,2,,,true,A7MKG4G6HN7HATBE.JRTCKXETXF.6YS6EN2CT7,455786802679,USD,0.0000000000,,OnDemand,Hrs,,,,,,,,,,23742807739,,,,,,,,,,,,,,,
spe2xyi7fffhs2jrfxzxqdvdfe6ku6aqkiirp3wiwnyuqg2r3z4q,2026-04-16T21:00:00Z/2026-04-16T22:00:00Z,,"Amazon Web Services, Inc.",AWS,Anniversary,430155298731,2026-04-01T00:00:00Z,2026-05-01T00:00:00Z,430155298731,Usage,2026-04-16T21:00:00Z,2026-04-16T22:00:00Z,AmazonEC2,EUN1-EBSOptimized:t3.micro,Hourly,eu-north-1b,i-099a28da00871efc7,0.2255560000,0.5,0.1127780000,USD,0.0000000000,0.0000000000,0.0000000000,0.0000000000,$0.00 for 87 Mbps per t3.micro instance-hour (or partial hour),,"Amazon Web Services, Inc.",Amazon Elastic Compute Cloud,,NA,NA,false,3.1 GHz,Yes,Up to 2085 Mbps,87 Mbps,,NA,No,,,,,,NA,,,,General purpose,General Purpose,t3.micro,,Yes,Yes,Yes,NA,EU (Stockholm),AWS Region,OnDemand,,,,1 GiB,,,Up to 5 Gigabit,0.5,NA,Hourly,Intel Skylake E5 2686 v5,NA,64-bit,AVX; AVX2; Intel AVX; Intel AVX2; Intel AVX512; Intel Turbo,Compute Instance,,eu-north-1,eu-north-1,AmazonEC2,Amazon Elastic Compute Cloud,A7MKG4G6HN7HATBE,EBS only,,,NA,,,,,EUN1-EBSOptimized:t3.micro,2,,,true,A7MKG4G6HN7HATBE.JRTCKXETXF.6YS6EN2CT7,455786802679,USD,0.0000000000,,OnDemand,Hrs,,,,,,,,,,23742807739,,,,,,,,,,,,,,,
u2kqaxzaskwrxyhxqpv3z2cqvppjf6bzvb2bz7axiygtbyh4hyka,2026-04-19T21:00:00Z/2026-04-19T22:00:00Z,,"Amazon Web Services, Inc.",AWS,Anniversary,430155298731,2026-04-01T00:00:00Z,2026-05-01T00:00:00Z,430155298731,Usage,2026-04-19T21:00:00Z,2026-04-19T22:00:00Z,AmazonEC2,EUN1-EBSOptimized:t3.micro,Hourly,eu-north-1b,i-0e7a97edd820a1d28,0.9544440000,0.5,0.4772220000,USD,0.0000000000,0.0000000000,0.0000000000,0.0000000000,$0.00 for 87 Mbps per t3.micro instance-hour (or partial hour),,"Amazon Web Services, Inc.",Amazon Elastic Compute Cloud,,NA,NA,false,3.1 GHz,Yes,Up to 2085 Mbps,87 Mbps,,NA,No,,,,,,NA,,,,General purpose,General Purpose,t3.micro,,Yes,Yes,Yes,NA,EU (Stockholm),AWS Region,OnDemand,,,,1 GiB,,,Up to 5 Gigabit,0.5,NA,Hourly,Intel Skylake E5 2686 v5,NA,64-bit,AVX; AVX2; Intel AVX; Intel AVX2; Intel AVX512; Intel Turbo,Compute Instance,,eu-north-1,eu-north-1,AmazonEC2,Amazon Elastic Compute Cloud,A7MKG4G6HN7HATBE,EBS only,,,NA,,,,,EUN1-EBSOptimized:t3.micro,2,,,true,A7MKG4G6HN7HATBE.JRTCKXETXF.6YS6EN2CT7,455786802679,USD,0.0000000000,,OnDemand,Hrs,,,,,,,,,,23742807739,,,,,,,,,,,,,,,
czl5o6xzmezty7sfxwyh6oksdklexrhagviuzl6c5bcy6qjazwya,2026-04-20T20:00:00Z/2026-04-20T21:00:00Z,,"Amazon Web Services, Inc.",AWS,Anniversary,430155298731,2026-04-01T00:00:00Z,2026-05-01T00:00:00Z,430155298731,Usage,2026-04-20T20:00:00Z,2026-04-20T21:00:00Z,AmazonEC2,EBSOptimized:t3.micro,Hourly,us-east-1d,i-0f0a8072e7526e7a0,0.8766670000,0.5,0.4383335000,USD,0.0000000000,0.0000000000,0.0000000000,0.0000000000,$0.00 for 87 Mbps per t3.micro instance-hour (or partial hour),,"Amazon Web Services, Inc.",Amazon Elastic Compute Cloud,,NA,NA,false,3.1 GHz,Yes,Up to 2085 Mbps,87 Mbps,,NA,No,,,,,,NA,,,,General purpose,General Purpose,t3.micro,,Yes,Yes,Yes,NA,US East (N. Virginia),AWS Region,OnDemand,,,,1 GiB,,,Up to 5 Gigabit,0.5,NA,Hourly,Intel Skylake E5 2686 v5,NA,64-bit,AVX; AVX2; Intel AVX; Intel AVX2; Intel AVX512; Intel Turbo,Compute Instance,,us-east-1,us-east-1,AmazonEC2,Amazon Elastic Compute Cloud,SY6VNYGZWRQ3RYC4,EBS only,,,NA,,,,,EBSOptimized:t3.micro,2,,,true,SY6VNYGZWRQ3RYC4.JRTCKXETXF.6YS6EN2CT7,455785874884,USD,0.0000000000,,OnDemand,Hrs,,,,,,,,,,23742807739,,,,,,,,,,,,,,,
pyruwjydxk5q3tphsabtldbkvuxsnwey4cw6upcqvhud423j3eua,2026-04-21T08:00:00Z/2026-04-21T09:00:00Z,,"Amazon Web Services, Inc.",AWS,Anniversary,430155298731,2026-04-01T00:00:00Z,2026-05-01T00:00:00Z,430155298731,Usage,2026-04-21T08:00:00Z,2026-04-21T09:00:00Z,AmazonEC2,EBSOptimized:t3.micro,Hourly,us-east-1d,i-05f8fe07033f60d40,1.0000000000,0.5,0.5000000000,USD,0.0000000000,0.0000000000,0.0000000000,0.0000000000,$0.00 for 87 Mbps per t3.micro instance-hour (or partial hour),,"Amazon Web Services, Inc.",Amazon Elastic Compute Cloud,,NA,NA,false,3.1 GHz,Yes,Up to 2085 Mbps,87 Mbps,,NA,No,,,,,,NA,,,,General purpose,General Purpose,t3.micro,,Yes,Yes,Yes,NA,US East (N. Virginia),AWS Region,OnDemand,,,,1 GiB,,,Up to 5 Gigabit,0.5,NA,Hourly,Intel Skylake E5 2686 v5,NA,64-bit,AVX; AVX2; Intel AVX; Intel AVX2; Intel AVX512; Intel Turbo,Compute Instance,,us-east-1,us-east-1,AmazonEC2,Amazon Elastic Compute Cloud,SY6VNYGZWRQ3RYC4,EBS only,,,NA,,,,,EBSOptimized:t3.micro,2,,,true,SY6VNYGZWRQ3RYC4.JRTCKXETXF.6YS6EN2CT7,455785874884,USD,0.0000000000,,OnDemand,Hrs,,,,,,,,,,23742807739,,,,,,,,,,,,,,,
pyruwjydxk5q3tphsabtldbkvuxsnwey4cw6upcqvhud423j3eua,2026-04-21T09:00:00Z/2026-04-21T10:00:00Z,,"Amazon Web Services, Inc.",AWS,Anniversary,430155298731,2026-04-01T00:00:00Z,2026-05-01T00:00:00Z,430155298731,Usage,2026-04-21T09:00:00Z,2026-04-21T10:00:00Z,AmazonEC2,EBSOptimized:t3.micro,Hourly,us-east-1d,i-05f8fe07033f60d40,1.0000000000,0.5,0.5000000000,USD,0.0000000000,0.0000000000,0.0000000000,0.0000000000,$0.00 for 87 Mbps per t3.micro instance-hour (or partial hour),,"Amazon Web Services, Inc.",Amazon Elastic Compute Cloud,,NA,NA,false,3.1 GHz,Yes,Up to 2085 Mbps,87 Mbps,,NA,No,,,,,,NA,,,,General purpose,General Purpose,t3.micro,,Yes,Yes,Yes,NA,US East (N. Virginia),AWS Region,OnDemand,,,,1 GiB,,,Up to 5 Gigabit,0.5,NA,Hourly,Intel Skylake E5 2686 v5,NA,64-bit,AVX; AVX2; Intel AVX; Intel AVX2; Intel AVX512; Intel Turbo,Compute Instance,,us-east-1,us-east-1,AmazonEC2,Amazon Elastic Compute Cloud,SY6VNYGZWRQ3RYC4,EBS only,,,NA,,,,,EBSOptimized:t3.micro,2,,,true,SY6VNYGZWRQ3RYC4.JRTCKXETXF.6YS6EN2CT7,455785874884,USD,0.0000000000,,OnDemand,Hrs,,,,,,,,,,23742807739,,,,,,,,,,,,,,,
pyruwjydxk5q3tphsabtldbkvuxsnwey4cw6upcqvhud423j3eua,2026-04-21T10:00:00Z/2026-04-21T11:00:00Z,,"Amazon Web Services, Inc.",AWS,Anniversary,430155298731,2026-04-01T00:00:00Z,2026-05-01T00:00:00Z,430155298731,Usage,2026-04-21T10:00:00Z,2026-04-21T11:00:00Z,AmazonEC2,EBSOptimized:t3.micro,Hourly,us-east-1d,i-05f8fe07033f60d40,1.0000000000,0.5,0.5000000000,USD,0.0000000000,0.0000000000,0.0000000000,0.0000000000,$0.00 for 87 Mbps per t3.micro instance-hour (or partial hour),,"Amazon Web Services, Inc.",Amazon Elastic Compute Cloud,,NA,NA,false,3.1 GHz,Yes,Up to 2085 Mbps,87 Mbps,,NA,No,,,,,,NA,,,,General purpose,General Purpose,t3.micro,,Yes,Yes,Yes,NA,US East (N. Virginia),AWS Region,OnDemand,,,,1 GiB,,,Up to 5 Gigabit,0.5,NA,Hourly,Intel Skylake E5 2686 v5,NA,64-bit,AVX; AVX2; Intel AVX; Intel AVX2; Intel AVX512; Intel Turbo,Compute Instance,,us-east-1,us-east-1,AmazonEC2,Amazon Elastic Compute Cloud,SY6VNYGZWRQ3RYC4,EBS only,,,NA,,,,,EBSOptimized:t3.micro,2,,,true,SY6VNYGZWRQ3RYC4.JRTCKXETXF.6YS6EN2CT7,455785874884,USD,0.0000000000,,OnDemand,Hrs,,,,,,,,,,23742807739,,,,,,,,,,,,,,,
pyruwjydxk5q3tphsabtldbkvuxsnwey4cw6upcqvhud423j3eua,2026-04-21T11:00:00Z/2026-04-21T12:00:00Z,,"Amazon Web Services, Inc.",AWS,Anniversary,430155298731,2026-04-01T00:00:00Z,2026-05-01T00:00:00Z,430155298731,Usage,2026-04-21T11:00:00Z,2026-04-21T12:00:00Z,AmazonEC2,EBSOptimized:t3.micro,Hourly,us-east-1d,i-05f8fe07033f60d40,0.1527780000,0.5,0.0763890000,USD,0.0000000000,0.0000000000,0.0000000000,0.0000000000,$0.00 for 87 Mbps per t3.micro instance-hour (or partial hour),,"Amazon Web Services, Inc.",Amazon Elastic Compute Cloud,,NA,NA,false,3.1 GHz,Yes,Up to 2085 Mbps,87 Mbps,,NA,No,,,,,,NA,,,,General purpose,General Purpose,t3.micro,,Yes,Yes,Yes,NA,US East (N. Virginia),AWS Region,OnDemand,,,,1 GiB,,,Up to 5 Gigabit,0.5,NA,Hourly,Intel Skylake E5 2686 v5,NA,64-bit,AVX; AVX2; Intel AVX; Intel AVX2; Intel AVX512; Intel Turbo,Compute Instance,,us-east-1,us-east-1,AmazonEC2,Amazon Elastic Compute Cloud,SY6VNYGZWRQ3RYC4,EBS only,,,NA,,,,,EBSOptimized:t3.micro,2,,,true,SY6VNYGZWRQ3RYC4.JRTCKXETXF.6YS6EN2CT7,455785874884,USD,0.0000000000,,OnDemand,Hrs,,,,,,,,,,23742807739,,,,,,,,,,,,,,,
whntzcn6gmxv65tvvky7mjoeo3atffiex74h27kj45jcnkubkbiq,2026-04-20T20:00:00Z/2026-04-20T21:00:00Z,,"Amazon Web Services, Inc.",AWS,Anniversary,430155298731,2026-04-01T00:00:00Z,2026-05-01T00:00:00Z,430155298731,Usage,2026-04-20T20:00:00Z,2026-04-20T21:00:00Z,AmazonEC2,BoxUsage:t3.micro,RunInstances,us-east-1d,i-0f0a8072e7526e7a0,0.4625000000,0.5,0.2312500000,USD,0.0104000000,0.0048100000,0.0104000000,0.0048100000,$0.0104 per On Demand Linux t3.micro Instance Hour,,"Amazon Web Services, Inc.",Amazon Elastic Compute Cloud,,NA,Used,false,3.1 GHz,Yes,Up to 2085 Mbps,87 Mbps,,NA,No,,,,,,NA,,,,General purpose,General Purpose,t3.micro,t3,Yes,Yes,Yes,No License required,US East (N. Virginia),AWS Region,OnDemand,,,,1 GiB,,,Up to 5 Gigabit,0.5,Linux,RunInstances,Intel Skylake E5 2686 v5,NA,64-bit,AVX; AVX2; Intel AVX; Intel AVX2; Intel AVX512; Intel Turbo,Compute Instance,,us-east-1,us-east-1,AmazonEC2,Amazon Elastic Compute Cloud,CRAJUW7BTXFMT2UJ,EBS only,,,Shared,,,,,BoxUsage:t3.micro,2,,,true,CRAJUW7BTXFMT2UJ.JRTCKXETXF.6YS6EN2CT7,455785968486,USD,0.0048100000,0.0104000000,OnDemand,Hrs,,,,,,,,,,23742807739,,,,,,,,,,,,,,,
whntzcn6gmxv65tvvky7mjoeo3atffiex74h27kj45jcnkubkbiq,2026-04-20T21:00:00Z/2026-04-20T22:00:00Z,,"Amazon Web Services, Inc.",AWS,Anniversary,430155298731,2026-04-01T00:00:00Z,2026-05-01T00:00:00Z,430155298731,Usage,2026-04-20T21:00:00Z,2026-04-20T22:00:00Z,AmazonEC2,BoxUsage:t3.micro,RunInstances,us-east-1d,i-0f0a8072e7526e7a0,0.4141670000,0.5,0.2070835000,USD,0.0104000000,0.0043073368,0.0104000000,0.0043073368,$0.0104 per On Demand Linux t3.micro Instance Hour,,"Amazon Web Services, Inc.",Amazon Elastic Compute Cloud,,NA,Used,false,3.1 GHz,Yes,Up to 2085 Mbps,87 Mbps,,NA,No,,,,,,NA,,,,General purpose,General Purpose,t3.micro,t3,Yes,Yes,Yes,No License required,US East (N. Virginia),AWS Region,OnDemand,,,,1 GiB,,,Up to 5 Gigabit,0.5,Linux,RunInstances,Intel Skylake E5 2686 v5,NA,64-bit,AVX; AVX2; Intel AVX; Intel AVX2; Intel AVX512; Intel Turbo,Compute Instance,,us-east-1,us-east-1,AmazonEC2,Amazon Elastic Compute Cloud,CRAJUW7BTXFMT2UJ,EBS only,,,Shared,,,,,BoxUsage:t3.micro,2,,,true,CRAJUW7BTXFMT2UJ.JRTCKXETXF.6YS6EN2CT7,455785968486,USD,0.0043073368,0.0104000000,OnDemand,Hrs,,,,,,,,,,23742807739,,,,,,,,,,,,,,,
y2gjeikxmdijsc72huaef7wwwf6mshz74kyqaxzkv25hinmrr6ha,2026-04-21T08:00:00Z/2026-04-21T09:00:00Z,,"Amazon Web Services, Inc.",AWS,Anniversary,430155298731,2026-04-01T00:00:00Z,2026-05-01T00:00:00Z,430155298731,Usage,2026-04-21T08:00:00Z,2026-04-21T09:00:00Z,AmazonEC2,BoxUsage:t3.micro,RunInstances,us-east-1d,i-05f8fe07033f60d40,0.8377780000,0.5,0.4188890000,USD,0.0104000000,0.0087128912,0.0104000000,0.0087128912,$0.0104 per On Demand Linux t3.micro Instance Hour,,"Amazon Web Services, Inc.",Amazon Elastic Compute Cloud,,NA,Used,false,3.1 GHz,Yes,Up to 2085 Mbps,87 Mbps,,NA,No,,,,,,NA,,,,General purpose,General Purpose,t3.micro,t3,Yes,Yes,Yes,No License required,US East (N. Virginia),AWS Region,OnDemand,,,,1 GiB,,,Up to 5 Gigabit,0.5,Linux,RunInstances,Intel Skylake E5 2686 v5,NA,64-bit,AVX; AVX2; Intel AVX; Intel AVX2; Intel AVX512; Intel Turbo,Compute Instance,,us-east-1,us-east-1,AmazonEC2,Amazon Elastic Compute Cloud,CRAJUW7BTXFMT2UJ,EBS only,,,Shared,,,,,BoxUsage:t3.micro,2,,,true,CRAJUW7BTXFMT2UJ.JRTCKXETXF.6YS6EN2CT7,455785968486,USD,0.0087128912,0.0104000000,OnDemand,Hrs,,,,,,,,,,23742807739,,,,,,,,,,,,,,,
y2gjeikxmdijsc72huaef7wwwf6mshz74kyqaxzkv25hinmrr6ha,2026-04-21T09:00:00Z/2026-04-21T10:00:00Z,,"Amazon Web Services, Inc.",AWS,Anniversary,430155298731,2026-04-01T00:00:00Z,2026-05-01T00:00:00Z,430155298731,Usage,2026-04-21T09:00:00Z,2026-04-21T10:00:00Z,AmazonEC2,BoxUsage:t3.micro,RunInstances,us-east-1d,i-05f8fe07033f60d40,1.0000000000,0.5,0.5000000000,USD,0.0104000000,0.0104000000,0.0104000000,0.0104000000,$0.0104 per On Demand Linux t3.micro Instance Hour,,"Amazon Web Services, Inc.",Amazon Elastic Compute Cloud,,NA,Used,false,3.1 GHz,Yes,Up to 2085 Mbps,87 Mbps,,NA,No,,,,,,NA,,,,General purpose,General Purpose,t3.micro,t3,Yes,Yes,Yes,No License required,US East (N. Virginia),AWS Region,OnDemand,,,,1 GiB,,,Up to 5 Gigabit,0.5,Linux,RunInstances,Intel Skylake E5 2686 v5,NA,64-bit,AVX; AVX2; Intel AVX; Intel AVX2; Intel AVX512; Intel Turbo,Compute Instance,,us-east-1,us-east-1,AmazonEC2,Amazon Elastic Compute Cloud,CRAJUW7BTXFMT2UJ,EBS only,,,Shared,,,,,BoxUsage:t3.micro,2,,,true,CRAJUW7BTXFMT2UJ.JRTCKXETXF.6YS6EN2CT7,455785968486,USD,0.0104000000,0.0104000000,OnDemand,Hrs,,,,,,,,,,23742807739,,,,,,,,,,,,,,,
y2gjeikxmdijsc72huaef7wwwf6mshz74kyqaxzkv25hinmrr6ha,2026-04-21T10:00:00Z/2026-04-21T11:00:00Z,,"Amazon Web Services, Inc.",AWS,Anniversary,430155298731,2026-04-01T00:00:00Z,2026-05-01T00:00:00Z,430155298731,Usage,2026-04-21T10:00:00Z,2026-04-21T11:00:00Z,AmazonEC2,BoxUsage:t3.micro,RunInstances,us-east-1d,i-05f8fe07033f60d40,1.0000000000,0.5,0.5000000000,USD,0.0104000000,0.0104000000,0.0104000000,0.0104000000,$0.0104 per On Demand Linux t3.micro Instance Hour,,"Amazon Web Services, Inc.",Amazon Elastic Compute Cloud,,NA,Used,false,3.1 GHz,Yes,Up to 2085 Mbps,87 Mbps,,NA,No,,,,,,NA,,,,General purpose,General Purpose,t3.micro,t3,Yes,Yes,Yes,No License required,US East (N. Virginia),AWS Region,OnDemand,,,,1 GiB,,,Up to 5 Gigabit,0.5,Linux,RunInstances,Intel Skylake E5 2686 v5,NA,64-bit,AVX; AVX2; Intel AVX; Intel AVX2; Intel AVX512; Intel Turbo,Compute Instance,,us-east-1,us-east-1,AmazonEC2,Amazon Elastic Compute Cloud,CRAJUW7BTXFMT2UJ,EBS only,,,Shared,,,,,BoxUsage:t3.micro,2,,,true,CRAJUW7BTXFMT2UJ.JRTCKXETXF.6YS6EN2CT7,455785968486,USD,0.0104000000,0.0104000000,OnDemand,Hrs,,,,,,,,,,23742807739,,,,,,,,,,,,,,,
y2gjeikxmdijsc72huaef7wwwf6mshz74kyqaxzkv25hinmrr6ha,2026-04-21T11:00:00Z/2026-04-21T12:00:00Z,,"Amazon Web Services, Inc.",AWS,Anniversary,430155298731,2026-04-01T00:00:00Z,2026-05-01T00:00:00Z,430155298731,Usage,2026-04-21T11:00:00Z,2026-04-21T12:00:00Z,AmazonEC2,BoxUsage:t3.micro,RunInstances,us-east-1d,i-05f8fe07033f60d40,0.3150000000,0.5,0.1575000000,USD,0.0104000000,0.0032760000,0.0104000000,0.0032760000,$0.0104 per On Demand Linux t3.micro Instance Hour,,"Amazon Web Services, Inc.",Amazon Elastic Compute Cloud,,NA,Used,false,3.1 GHz,Yes,Up to 2085 Mbps,87 Mbps,,NA,No,,,,,,NA,,,,General purpose,General Purpose,t3.micro,t3,Yes,Yes,Yes,No License required,US East (N. Virginia),AWS Region,OnDemand,,,,1 GiB,,,Up to 5 Gigabit,0.5,Linux,RunInstances,Intel Skylake E5 2686 v5,NA,64-bit,AVX; AVX2; Intel AVX; Intel AVX2; Intel AVX512; Intel Turbo,Compute Instance,,us-east-1,us-east-1,AmazonEC2,Amazon Elastic Compute Cloud,CRAJUW7BTXFMT2UJ,EBS only,,,Shared,,,,,BoxUsage:t3.micro,2,,,true,CRAJUW7BTXFMT2UJ.JRTCKXETXF.6YS6EN2CT7,455785968486,USD,0.0032760000,0.0104000000,OnDemand,Hrs,,,,,,,,,,23742807739,,,,,,,,,,,,,,,
wif4gqt4ihldsvdqe2mr7rl6fyzrbgnzdqmsy5gqiovix6m2lftq,2026-04-16T19:00:00Z/2026-04-16T20:00:00Z,,"Amazon Web Services, Inc.",AWS,Anniversary,430155298731,2026-04-01T00:00:00Z,2026-05-01T00:00:00Z,430155298731,Usage,2026-04-16T19:00:00Z,2026-04-16T20:00:00Z,AmazonEC2,EUN1-BoxUsage:t3.micro,RunInstances,eu-north-1b,i-099a28da00871efc7,0.1152780000,0.5,0.0576390000,USD,0.0108000000,0.0012450024,0.0108000000,0.0012450024,$0.0108 per On Demand Linux t3.micro Instance Hour,,"Amazon Web Services, Inc.",Amazon Elastic Compute Cloud,,NA,Used,false,3.1 GHz,Yes,Up to 2085 Mbps,87 Mbps,,NA,No,,,,,,NA,,,,General purpose,General Purpose,t3.micro,t3,Yes,Yes,Yes,No License required,EU (Stockholm),AWS Region,OnDemand,,,,1 GiB,,,Up to 5 Gigabit,0.5,Linux,RunInstances,Intel Skylake E5 2686 v5,NA,64-bit,AVX; AVX2; Intel AVX; Intel AVX2; Intel AVX512; Intel Turbo,Compute Instance,,eu-north-1,eu-north-1,AmazonEC2,Amazon Elastic Compute Cloud,XCVN4HZD9XZ33XW8,EBS only,,,Shared,,,,,EUN1-BoxUsage:t3.micro,2,,,true,XCVN4HZD9XZ33XW8.JRTCKXETXF.6YS6EN2CT7,455786143018,USD,0.0012450024,0.0108000000,OnDemand,Hrs,,,,,,,,,,23742807739,,,,,,,,,,,,,,,
jvmhps6wmbbgfewbjuixhwun7dkvc3sjej3ay2ucl6dsljxbmgnq,2026-04-16T20:00:00Z/2026-04-16T21:00:00Z,,"Amazon Web Services, Inc.",AWS,Anniversary,430155298731,2026-04-01T00:00:00Z,2026-05-01T00:00:00Z,430155298731,Usage,2026-04-16T20:00:00Z,2026-04-16T21:00:00Z,AmazonEC2,EUN1-BoxUsage:t3.micro,RunInstances,eu-north-1b,i-01e8e62decd3fe77a,0.0194440000,0.5,0.0097220000,USD,0.0108000000,0.0002099952,0.0108000000,0.0002099952,$0.0108 per On Demand Linux t3.micro Instance Hour,,"Amazon Web Services, Inc.",Amazon Elastic Compute Cloud,,NA,Used,false,3.1 GHz,Yes,Up to 2085 Mbps,87 Mbps,,NA,No,,,,,,NA,,,,General purpose,General Purpose,t3.micro,t3,Yes,Yes,Yes,No License required,EU (Stockholm),AWS Region,OnDemand,,,,1 GiB,,,Up to 5 Gigabit,0.5,Linux,RunInstances,Intel Skylake E5 2686 v5,NA,64-bit,AVX; AVX2; Intel AVX; Intel AVX2; Intel AVX512; Intel Turbo,Compute Instance,,eu-north-1,eu-north-1,AmazonEC2,Amazon Elastic Compute Cloud,XCVN4HZD9XZ33XW8,EBS only,,,Shared,,,,,EUN1-BoxUsage:t3.micro,2,,,true,XCVN4HZD9XZ33XW8.JRTCKXETXF.6YS6EN2CT7,455786143018,USD,0.0002099952,0.0108000000,OnDemand,Hrs,,,,,,,,,,23742807739,,,,,,,,,,,,,,,
wif4gqt4ihldsvdqe2mr7rl6fyzrbgnzdqmsy5gqiovix6m2lftq,2026-04-16T20:00:00Z/2026-04-16T21:00:00Z,,"Amazon Web Services, Inc.",AWS,Anniversary,430155298731,2026-04-01T00:00:00Z,2026-05-01T00:00:00Z,430155298731,Usage,2026-04-16T20:00:00Z,2026-04-16T21:00:00Z,AmazonEC2,EUN1-BoxUsage:t3.micro,RunInstances,eu-north-1b,i-099a28da00871efc7,1.0000000000,0.5,0.5000000000,USD,0.0108000000,0.0108000000,0.0108000000,0.0108000000,$0.0108 per On Demand Linux t3.micro Instance Hour,,"Amazon Web Services, Inc.",Amazon Elastic Compute Cloud,,NA,Used,false,3.1 GHz,Yes,Up to 2085 Mbps,87 Mbps,,NA,No,,,,,,NA,,,,General purpose,General Purpose,t3.micro,t3,Yes,Yes,Yes,No License required,EU (Stockholm),AWS Region,OnDemand,,,,1 GiB,,,Up to 5 Gigabit,0.5,Linux,RunInstances,Intel Skylake E5 2686 v5,NA,64-bit,AVX; AVX2; Intel AVX; Intel AVX2; Intel AVX512; Intel Turbo,Compute Instance,,eu-north-1,eu-north-1,AmazonEC2,Amazon Elastic Compute Cloud,XCVN4HZD9XZ33XW8,EBS only,,,Shared,,,,,EUN1-BoxUsage:t3.micro,2,,,true,XCVN4HZD9XZ33XW8.JRTCKXETXF.6YS6EN2CT7,455786143018,USD,0.0108000000,0.0108000000,OnDemand,Hrs,,,,,,,,,,23742807739,,,,,,,,,,,,,,,
wif4gqt4ihldsvdqe2mr7rl6fyzrbgnzdqmsy5gqiovix6m2lftq,2026-04-16T21:00:00Z/2026-04-16T22:00:00Z,,"Amazon Web Services, Inc.",AWS,Anniversary,430155298731,2026-04-01T00:00:00Z,2026-05-01T00:00:00Z,430155298731,Usage,2026-04-16T21:00:00Z,2026-04-16T22:00:00Z,AmazonEC2,EUN1-BoxUsage:t3.micro,RunInstances,eu-north-1b,i-099a28da00871efc7,1.0000000000,0.5,0.5000000000,USD,0.0108000000,0.0108000000,0.0108000000,0.0108000000,$0.0108 per On Demand Linux t3.micro Instance Hour,,"Amazon Web Services, Inc.",Amazon Elastic Compute Cloud,,NA,Used,false,3.1 GHz,Yes,Up to 2085 Mbps,87 Mbps,,NA,No,,,,,,NA,,,,General purpose,General Purpose,t3.micro,t3,Yes,Yes,Yes,No License required,EU (Stockholm),AWS Region,OnDemand,,,,1 GiB,,,Up to 5 Gigabit,0.5,Linux,RunInstances,Intel Skylake E5 2686 v5,NA,64-bit,AVX; AVX2; Intel AVX; Intel AVX2; Intel AVX512; Intel Turbo,Compute Instance,,eu-north-1,eu-north-1,AmazonEC2,Amazon Elastic Compute Cloud,XCVN4HZD9XZ33XW8,EBS only,,,Shared,,,,,EUN1-BoxUsage:t3.micro,2,,,true,XCVN4HZD9XZ33XW8.JRTCKXETXF.6YS6EN2CT7,455786143018,USD,0.0108000000,0.0108000000,OnDemand,Hrs,,,,,,,,,,23742807739,,,,,,,,,,,,,,,
wif4gqt4ihldsvdqe2mr7rl6fyzrbgnzdqmsy5gqiovix6m2lftq,2026-04-16T22:00:00Z/2026-04-16T23:00:00Z,,"Amazon Web Services, Inc.",AWS,Anniversary,430155298731,2026-04-01T00:00:00Z,2026-05-01T00:00:00Z,430155298731,Usage,2026-04-16T22:00:00Z,2026-04-16T23:00:00Z,AmazonEC2,EUN1-BoxUsage:t3.micro,RunInstances,eu-north-1b,i-099a28da00871efc7,0.1102780000,0.5,0.0551390000,USD,0.0108000000,0.0011910024,0.0108000000,0.0011910024,$0.0108 per On Demand Linux t3.micro Instance Hour,,"Amazon Web Services, Inc.",Amazon Elastic Compute Cloud,,NA,Used,false,3.1 GHz,Yes,Up to 2085 Mbps,87 Mbps,,NA,No,,,,,,NA,,,,General purpose,General Purpose,t3.micro,t3,Yes,Yes,Yes,No License required,EU (Stockholm),AWS Region,OnDemand,,,,1 GiB,,,Up to 5 Gigabit,0.5,Linux,RunInstances,Intel Skylake E5 2686 v5,NA,64-bit,AVX; AVX2; Intel AVX; Intel AVX2; Intel AVX512; Intel Turbo,Compute Instance,,eu-north-1,eu-north-1,AmazonEC2,Amazon Elastic Compute Cloud,XCVN4HZD9XZ33XW8,EBS only,,,Shared,,,,,EUN1-BoxUsage:t3.micro,2,,,true,XCVN4HZD9XZ33XW8.JRTCKXETXF.6YS6EN2CT7,455786143018,USD,0.0011910024,0.0108000000,OnDemand,Hrs,,,,,,,,,,23742807739,,,,,,,,,,,,,,,
33mmctbfwtggune5eebq74w3c33pckqmkwvboy4pjik555alakqa,2026-04-19T21:00:00Z/2026-04-19T22:00:00Z,,"Amazon Web Services, Inc.",AWS,Anniversary,430155298731,2026-04-01T00:00:00Z,2026-05-01T00:00:00Z,430155298731,Usage,2026-04-19T21:00:00Z,2026-04-19T22:00:00Z,AmazonEC2,EUN1-BoxUsage:t3.micro,RunInstances,eu-north-1b,i-0e7a97edd820a1d28,0.4041670000,0.5,0.2020835000,USD,0.0108000000,0.0043650036,0.0108000000,0.0043650036,$0.0108 per On Demand Linux t3.micro Instance Hour,,"Amazon Web Services, Inc.",Amazon Elastic Compute Cloud,,NA,Used,false,3.1 GHz,Yes,Up to 2085 Mbps,87 Mbps,,NA,No,,,,,,NA,,,,General purpose,General Purpose,t3.micro,t3,Yes,Yes,Yes,No License required,EU (Stockholm),AWS Region,OnDemand,,,,1 GiB,,,Up to 5 Gigabit,0.5,Linux,RunInstances,Intel Skylake E5 2686 v5,NA,64-bit,AVX; AVX2; Intel AVX; Intel AVX2; Intel AVX512; Intel Turbo,Compute Instance,,eu-north-1,eu-north-1,AmazonEC2,Amazon Elastic Compute Cloud,XCVN4HZD9XZ33XW8,EBS only,,,Shared,,,,,EUN1-BoxUsage:t3.micro,2,,,true,XCVN4HZD9XZ33XW8.JRTCKXETXF.6YS6EN2CT7,455786143018,USD,0.0043650036,0.0108000000,OnDemand,Hrs,,,,,,,,,,23742807739,,,,,,,,,,,,,,,
33mmctbfwtggune5eebq74w3c33pckqmkwvboy4pjik555alakqa,2026-04-19T22:00:00Z/2026-04-19T23:00:00Z,,"Amazon Web Services, Inc.",AWS,Anniversary,430155298731,2026-04-01T00:00:00Z,2026-05-01T00:00:00Z,430155298731,Usage,2026-04-19T22:00:00Z,2026-04-19T23:00:00Z,AmazonEC2,EUN1-BoxUsage:t3.micro,RunInstances,eu-north-1b,i-0e7a97edd820a1d28,0.5502770000,0.5,0.2751385000,USD,0.0108000000,0.0059429916,0.0108000000,0.0059429916,$0.0108 per On Demand Linux t3.micro Instance Hour,,"Amazon Web Services, Inc.",Amazon Elastic Compute Cloud,,NA,Used,false,3.1 GHz,Yes,Up to 2085 Mbps,87 Mbps,,NA,No,,,,,,NA,,,,General purpose,General Purpose,t3.micro,t3,Yes,Yes,Yes,No License required,EU (Stockholm),AWS Region,OnDemand,,,,1 GiB,,,Up to 5 Gigabit,0.5,Linux,RunInstances,Intel Skylake E5 2686 v5,NA,64-bit,AVX; AVX2; Intel AVX; Intel AVX2; Intel AVX512; Intel Turbo,Compute Instance,,eu-north-1,eu-north-1,AmazonEC2,Amazon Elastic Compute Cloud,XCVN4HZD9XZ33XW8,EBS only,,,Shared,,,,,EUN1-BoxUsage:t3.micro,2,,,true,XCVN4HZD9XZ33XW8.JRTCKXETXF.6YS6EN2CT7,455786143018,USD,0.0059429916,0.0108000000,OnDemand,Hrs,,,,,,,,,,23742807739,,,,,,,,,,,,,,,
